date,ticker,text,true_label,lexicon_score,classifier_score
2021-07-02,AAPL,Apple shares plunged after cut its full-year guidance,negative,-1.0,-0.8177907360612677
2021-07-02,AAPL,Analysts turn bullish on Apple after record profit margins,positive,1.0,0.8769602525829342
2021-07-07,AAPL,Apple shares plunged after cut its full-year guidance,negative,-1.0,-0.8177907360612677
2021-07-08,AAPL,Apple shares trade flat as it maintained its previous guidance,neutral,0.0,-0.001190966356437435
2021-07-08,AAPL,Apple shares climbed after raised its full-year guidance,positive,1.0,0.8184575805321708
2021-07-12,AAPL,Apple shares sank after announced layoffs amid cost cuts,negative,-1.0,-0.920221452594127
2021-07-12,AAPL,Apple shares fell after announced layoffs amid cost cuts,negative,-1.0,-0.9327537992508866
2021-07-13,AAPL,Apple drops as it announced layoffs amid cost cuts,negative,-1.0,-0.9497124129098697
2021-07-16,AAPL,Analysts turn cautious on Apple after soft quarterly earnings,negative,0.0,-0.8633732117550904
2021-07-20,AAPL,Analysts turn cautious on Apple after weak profit margins,negative,0.0,-0.8991465310551295
2021-07-20,AAPL,Apple to hold investor call on cash flow,neutral,0.0,-0.0018594071186126895
2021-07-21,AAPL,Apple shares fell after cut its full-year guidance,negative,-1.0,-0.8499355866983499
2021-07-21,AAPL,Apple drops as it warned of a demand slowdown,negative,-1.0,-0.9533158452008691
2021-07-22,AAPL,Apple drops as it warned of a demand slowdown,negative,-1.0,-0.9533158452008691
2021-07-23,AAPL,Apple stock surged on resilient quarterly earnings,positive,1.0,0.7685602374785703
2021-07-23,AAPL,"Apple cut its full-year guidance, shares slide",negative,-1.0,-0.9068839458164285
2021-07-26,AAPL,Apple shares surged after raised its full-year guidance,positive,1.0,0.8174855430914125
2021-07-26,AAPL,"Apple announced a share buyback program, shares climb",positive,1.0,0.9444069844023288
2021-07-29,AAPL,"Apple received an analyst upgrade, shares climb",positive,1.0,0.9194317067573101
2021-07-30,AAPL,Apple shares trade flat as it maintained its previous guidance,neutral,0.0,-0.001190966356437435
2021-07-30,AAPL,Apple shares rallied after received an analyst upgrade,positive,1.0,0.8485046382932053
2021-08-03,AAPL,Apple shares soared after unveiled a new product line to strong demand,positive,1.0,0.9195437623115332
2021-08-06,AAPL,Apple shares trade flat as it presented at an industry conference,neutral,0.0,-0.0016516250217270111
2021-08-10,AAPL,Apple stock climbed on strong guidance,positive,1.0,0.8469119677845527
2021-08-11,AAPL,Apple shares climbed after beat analyst earnings estimates,positive,1.0,0.8437077835193046
2021-08-12,AAPL,"Apple faces a regulatory investigation, shares slide",negative,-1.0,-0.9542716268290757
2021-08-17,AAPL,Apple rallies as it beat analyst earnings estimates,positive,1.0,0.8870673045993982
2021-08-19,AAPL,Apple drops as it faces a regulatory investigation,negative,-1.0,-0.9500416970082133
2021-09-01,AAPL,Apple stock tumbled on disappointing profit margins,negative,0.0,-0.8192331945076728
2021-09-03,AAPL,Apple stock advanced on robust sales,positive,1.0,0.8227767018193428
2021-09-03,AAPL,Apple shares slumped after announced layoffs amid cost cuts,negative,-1.0,-0.9196713366479907
2021-09-08,AAPL,"Apple raised its full-year guidance, shares climb",positive,1.0,0.8815839559108798
2021-09-09,AAPL,Apple stock surged on robust quarterly earnings,positive,1.0,0.8078974700867433
2021-09-16,AAPL,Apple stock plunged on disappointing cash flow,negative,-1.0,-0.7836451400417999
2021-09-16,AAPL,Apple stock sank on worse-than-expected quarterly earnings,negative,-1.0,-0.835372695292914
2021-09-17,AAPL,Apple rallies as it announced a share buyback program,positive,1.0,0.9430135782382483
2021-09-21,AAPL,Apple stock sank on soft quarterly earnings,negative,-1.0,-0.7436056016457783
2021-09-23,AAPL,Analysts turn cautious on Apple after worse-than-expected guidance,negative,0.0,-0.9018107547707248
2021-09-24,AAPL,Apple shares trade flat as it maintained its previous guidance,neutral,0.0,-0.001190966356437435
2021-09-28,AAPL,Apple rallies as it raised its full-year guidance,positive,1.0,0.9035130049845631
2021-09-29,AAPL,"Apple raised its full-year guidance, shares climb",positive,1.0,0.8815839559108798
2021-09-29,AAPL,"Apple reported record quarterly profit, shares climb",positive,1.0,0.9639572270273129
2021-09-30,AAPL,Apple shares soared after announced a share buyback program,positive,1.0,0.9159371002170804
2021-10-01,AAPL,Apple shares trade flat as it held its annual shareholder meeting,neutral,0.0,-0.0018272637120953748
2021-10-04,AAPL,Apple rallies as it received an analyst upgrade,positive,1.0,0.8954989283305828
2021-10-07,AAPL,Apple stock advanced on record profit margins,positive,1.0,0.771236243569714
2021-10-08,AAPL,"Apple announced a share buyback program, shares climb",positive,1.0,0.9444069844023288
2021-10-11,AAPL,Apple shares rallied after reported record quarterly profit,positive,1.0,0.9421745727869795
2021-10-12,AAPL,Apple guidance in line with expectations,neutral,0.0,0.0008418519205490062
2021-10-14,AAPL,Analysts turn cautious on Apple after weak cash flow,negative,-1.0,-0.8699517906116285
2021-10-18,AAPL,Apple shares trade flat as it filed its routine quarterly disclosure,neutral,0.0,-0.00037516008560966804
2021-10-20,AAPL,Apple shares trade flat as it announced a change to its board of directors,neutral,0.0,-0.0011888398453580532
2021-10-20,AAPL,Apple rallies as it unveiled a new product line to strong demand,positive,1.0,0.9321223541141459
2021-10-21,AAPL,Analysts turn cautious on Apple after worse-than-expected sales,negative,0.0,-0.918398380927089
2021-10-22,AAPL,Analysts turn cautious on Apple after soft sales,negative,0.0,-0.8907212749768579
2021-10-26,AAPL,Apple shares plunged after cut its full-year guidance,negative,-1.0,-0.8177907360612677
2021-10-27,AAPL,Analysts turn cautious on Apple after troubling guidance,negative,0.0,-0.909010306592988
2021-10-28,AAPL,Apple stock sank on disappointing guidance,negative,-1.0,-0.802962023073136
2021-10-29,AAPL,"Apple received an analyst upgrade, shares climb",positive,1.0,0.9194317067573101
2021-11-01,AAPL,Apple rallies as it unveiled a new product line to strong demand,positive,1.0,0.9321223541141459
2021-11-02,AAPL,Apple rallies as it received an analyst upgrade,positive,1.0,0.8954989283305828
2021-11-05,AAPL,"Apple reported record quarterly profit, shares climb",positive,1.0,0.9639572270273129
2021-11-08,AAPL,Analysts turn bullish on Apple after record quarterly earnings,positive,1.0,0.9383150969909279
2021-11-08,AAPL,Apple to hold investor call on profit margins,neutral,1.0,-0.001970810135893508
2021-11-09,AAPL,Apple held its annual shareholder meeting,neutral,0.0,-0.004254746938005122
2021-11-09,AAPL,Apple shares advanced after raised its full-year guidance,positive,1.0,0.8138748444042204
2021-11-11,AAPL,Apple shares trade flat as it announced a change to its board of directors,neutral,0.0,-0.0011888398453580532
2021-11-11,AAPL,Apple guidance in line with expectations,neutral,0.0,0.0008418519205490062
2021-11-12,AAPL,Apple shares tumbled after cut its full-year guidance,negative,-1.0,-0.8288113927436718
2021-11-18,AAPL,Apple rallies as it beat analyst earnings estimates,positive,1.0,0.8870673045993982
2021-11-19,AAPL,Apple rallies as it unveiled a new product line to strong demand,positive,1.0,0.9321223541141459
2021-11-22,AAPL,Apple stock surged on strong quarterly earnings,positive,1.0,0.8458323940895687
2021-11-29,AAPL,Apple to hold investor call on sales,neutral,0.0,-0.001405007607772995
2021-11-29,AAPL,"Apple beat analyst earnings estimates, shares climb",positive,1.0,0.9018077547412698
2021-11-30,AAPL,Apple held its annual shareholder meeting,neutral,0.0,-0.004254746938005122
2021-12-01,AAPL,Analysts turn cautious on Apple after disappointing profit margins,negative,1.0,-0.9029343589434161
2021-12-02,AAPL,Apple shares climbed after received an analyst upgrade,positive,1.0,0.8535820301122636
2021-12-06,AAPL,Apple drops as it warned of a demand slowdown,negative,-1.0,-0.9533158452008691
2021-12-08,AAPL,Analysts turn cautious on Apple after weak guidance,negative,-1.0,-0.9041681649492826
2021-12-13,AAPL,Apple shares fell after missed analyst earnings estimates,negative,-1.0,-0.8572271663946555
2021-12-14,AAPL,Analysts turn bullish on Apple after strong revenue,positive,1.0,0.9067344132742063
2021-12-14,AAPL,Apple shares trade flat as it announced a change to its board of directors,neutral,0.0,-0.0011888398453580532
2021-12-16,AAPL,Apple stock rallied on strong quarterly earnings,positive,1.0,0.8782449137083399
2021-12-16,AAPL,Apple stock plunged on disappointing quarterly earnings,negative,-1.0,-0.7790535943476746
2021-12-20,AAPL,Apple stock climbed on strong sales,positive,1.0,0.8617283272061876
2021-12-20,AAPL,Apple shares dropped after missed analyst earnings estimates,negative,-1.0,-0.8762233472337045
2021-12-21,AAPL,Apple announced a change to its board of directors,neutral,0.0,-0.0026531798893483644
2021-12-21,AAPL,"Apple unveiled a new product line to strong demand, shares climb",positive,1.0,0.9405566048709926
2021-12-22,AAPL,Apple drops as it announced layoffs amid cost cuts,negative,-1.0,-0.9497124129098697
2021-12-27,AAPL,Apple to hold investor call on profit margins,neutral,1.0,-0.001970810135893508
2021-12-29,AAPL,Apple rallies as it announced a share buyback program,positive,1.0,0.9430135782382483
2021-12-29,AAPL,Analysts turn cautious on Apple after soft cash flow,negative,0.0,-0.882095798765045
2021-12-30,AAPL,Apple shares surged after beat analyst earnings estimates,positive,1.0,0.8434182297432161
2021-12-30,AAPL,Apple rallies as it beat analyst earnings estimates,positive,1.0,0.8870673045993982
2022-01-03,AAPL,Apple shares fell after cut its full-year guidance,negative,-1.0,-0.8499355866983499
2022-01-05,AAPL,Apple maintained its previous guidance,neutral,0.0,-0.0026962154186284115
2022-01-07,AAPL,"Apple announced a share buyback program, shares climb",positive,1.0,0.9444069844023288
2022-01-07,AAPL,Analysts turn cautious on Apple after worse-than-expected profit margins,negative,1.0,-0.9017108676163621
2022-01-12,AAPL,"Apple unveiled a new product line to strong demand, shares climb",positive,1.0,0.9405566048709926
2022-01-13,AAPL,Apple shares tumbled after warned of a demand slowdown,negative,-1.0,-0.8774053658376181
2022-01-13,AAPL,"Apple raised its full-year guidance, shares climb",positive,1.0,0.8815839559108798
2022-01-14,AAPL,Apple drops as it missed analyst earnings estimates,negative,-1.0,-0.9282800724279998
2022-01-18,AAPL,Apple guidance in line with expectations,neutral,0.0,0.0008418519205490062
2022-01-18,AAPL,Apple to hold investor call on sales,neutral,0.0,-0.001405007607772995
2022-01-21,AAPL,Apple stock soared on record guidance,positive,1.0,0.7608642905877239
2022-01-21,AAPL,"Apple filed its routine quarterly disclosure, no major stock reaction",neutral,0.0,-0.0003834061226050331
2022-01-25,AAPL,Apple drops as it faces a regulatory investigation,negative,-1.0,-0.9500416970082133
2022-01-26,AAPL,Apple rallies as it received an analyst upgrade,positive,1.0,0.8954989283305828
2022-01-27,AAPL,Apple stock jumped on record cash flow,positive,1.0,0.7887670337361797
2022-01-28,AAPL,Apple guidance in line with expectations,neutral,0.0,0.0008418519205490062
2022-01-31,AAPL,Apple rallies as it announced a share buyback program,positive,1.0,0.9430135782382483
2022-02-02,AAPL,Apple drops as it faces a regulatory investigation,negative,-1.0,-0.9500416970082133
2022-02-03,AAPL,Apple to hold investor call on profit margins,neutral,1.0,-0.001970810135893508
2022-02-03,AAPL,Analysts turn cautious on Apple after soft revenue,negative,0.0,-0.8945596657041592
2022-02-04,AAPL,"Apple warned of a demand slowdown, shares slide",negative,-1.0,-0.9457543626002491
2022-02-07,AAPL,Apple shares trade flat as it held its annual shareholder meeting,neutral,0.0,-0.0018272637120953748
2022-02-09,AAPL,Apple stock jumped on resilient profit margins,positive,1.0,0.7208554041143715
2022-02-14,AAPL,Apple shares tumbled after missed analyst earnings estimates,negative,-1.0,-0.855767400849323
2022-02-14,AAPL,Apple quarterly earnings in line with expectations,neutral,0.0,0.003623992959815397
2022-02-16,AAPL,"Apple cut its full-year guidance, shares slide",negative,-1.0,-0.9068839458164285
2022-02-17,AAPL,Apple maintained its previous guidance,neutral,0.0,-0.0026962154186284115
2022-02-17,AAPL,"Apple raised its full-year guidance, shares climb",positive,1.0,0.8815839559108798
2022-02-22,AAPL,"Apple received an analyst downgrade, shares slide",negative,-1.0,-0.930155327833487
2022-02-23,AAPL,Apple stock plunged on soft revenue,negative,-1.0,-0.761494970389323
2022-02-24,AAPL,Apple filed its routine quarterly disclosure,neutral,0.0,-0.00018095035185527325
2022-02-25,AAPL,Apple stock rallied on strong revenue,positive,1.0,0.8579003033522189
2022-03-01,AAPL,Apple shares jumped after announced a share buyback program,positive,1.0,0.9122552553944719
2022-03-02,AAPL,Apple stock dropped on worse-than-expected revenue,negative,-1.0,-0.8372450948672234
2022-03-04,AAPL,Analysts turn bullish on Apple after robust profit margins,positive,1.0,0.8792955094841604
2022-03-04,AAPL,Apple stock slumped on troubling revenue,negative,-1.0,-0.8734638629752453
2022-03-10,AAPL,Apple revenue in line with expectations,neutral,0.0,-0.0024028393052526326
2022-03-10,AAPL,"Apple faces a regulatory investigation, shares slide",negative,-1.0,-0.9542716268290757
2022-03-14,AAPL,Apple stock dropped on worse-than-expected quarterly earnings,negative,-1.0,-0.8121707689596713
2022-03-15,AAPL,Analysts turn bullish on Apple after resilient revenue,positive,1.0,0.9160741346554723
2022-03-21,AAPL,Apple shares tumbled after announced layoffs amid cost cuts,negative,-1.0,-0.9142249099385177
2022-03-22,AAPL,Apple stock sank on worse-than-expected profit margins,negative,0.0,-0.8362152213646479
2022-03-23,AAPL,Apple stock sank on troubling profit margins,negative,0.0,-0.8121935652954104
2022-03-24,AAPL,"Apple cut its full-year guidance, shares slide",negative,-1.0,-0.9068839458164285
2022-03-29,AAPL,Apple shares surged after reported record quarterly profit,positive,1.0,0.9122876873079651
2022-03-30,AAPL,Analysts turn bullish on Apple after better-than-expected revenue,positive,1.0,0.8917004840080982
2022-04-04,AAPL,Analysts turn bullish on Apple after resilient profit margins,positive,1.0,0.8875605091261689
2022-04-11,AAPL,Apple drops as it missed analyst earnings estimates,negative,-1.0,-0.9282800724279998
2022-04-13,AAPL,"Apple announced a change to its board of directors, no major stock reaction",neutral,0.0,-0.0012634772777147668
2022-04-18,AAPL,Apple stock slumped on weak guidance,negative,-1.0,-0.8486642942539466
2022-04-21,AAPL,Analysts turn cautious on Apple after disappointing sales,negative,0.0,-0.9168949078548874
2022-04-26,AAPL,Apple rallies as it reported record quarterly profit,positive,1.0,0.9535105038108265
2022-04-29,AAPL,Apple shares fell after announced layoffs amid cost cuts,negative,-1.0,-0.9327537992508866
2022-05-02,AAPL,Analysts turn bullish on Apple after robust cash flow,positive,1.0,0.8971929841775284
2022-05-04,AAPL,"Apple unveiled a new product line to strong demand, shares climb",positive,1.0,0.9405566048709926
2022-05-05,AAPL,Apple stock slumped on soft revenue,negative,-1.0,-0.7948238332740662
2022-05-06,AAPL,Apple shares jumped after received an analyst upgrade,positive,1.0,0.8487320288589705
2022-05-09,AAPL,Analysts turn bullish on Apple after record guidance,positive,1.0,0.9102352163770883
2022-05-09,AAPL,Apple rallies as it reported record quarterly profit,positive,1.0,0.9535105038108265
2022-05-10,AAPL,Apple shares jumped after raised its full-year guidance,positive,1.0,0.8363033969732829
2022-05-11,AAPL,"Apple received an analyst downgrade, shares slide",negative,-1.0,-0.930155327833487
2022-05-11,AAPL,Apple shares jumped after announced a share buyback program,positive,1.0,0.9122552553944719
2022-05-13,AAPL,Apple drops as it missed analyst earnings estimates,negative,-1.0,-0.9282800724279998
2022-05-16,AAPL,Apple shares soared after raised its full-year guidance,positive,1.0,0.8296597435802648
2022-05-17,AAPL,Apple shares rallied after reported record quarterly profit,positive,1.0,0.9421745727869795
2022-05-20,AAPL,Apple rallies as it received an analyst upgrade,positive,1.0,0.8954989283305828
2022-05-20,AAPL,"Apple cut its full-year guidance, shares slide",negative,-1.0,-0.9068839458164285
2022-05-27,AAPL,Apple rallies as it raised its full-year guidance,positive,1.0,0.9035130049845631
2022-05-31,AAPL,Analysts turn bullish on Apple after better-than-expected cash flow,positive,1.0,0.8747619892349615
2022-06-01,AAPL,Apple presented at an industry conference,neutral,0.0,-0.004039395793169483
2022-06-01,AAPL,Apple shares climbed after reported record quarterly profit,positive,1.0,0.9190089820389669
2022-06-03,AAPL,Apple shares jumped after raised its full-year guidance,positive,1.0,0.8363033969732829
2022-06-07,AAPL,Apple rallies as it announced a share buyback program,positive,1.0,0.9430135782382483
2022-06-08,AAPL,Apple rallies as it announced a share buyback program,positive,1.0,0.9430135782382483
2022-06-09,AAPL,Apple shares rallied after announced a share buyback program,positive,1.0,0.9174232876875601
2022-06-14,AAPL,Analysts turn cautious on Apple after soft quarterly earnings,negative,0.0,-0.8633732117550904
2022-06-15,AAPL,"Apple reported record quarterly profit, shares climb",positive,1.0,0.9639572270273129
2022-06-16,AAPL,Apple stock advanced on resilient revenue,positive,1.0,0.7814756816447946
2022-06-21,AAPL,"Apple received an analyst upgrade, shares climb",positive,1.0,0.9194317067573101
2022-06-21,AAPL,Analysts turn cautious on Apple after soft quarterly earnings,negative,0.0,-0.8633732117550904
2022-06-22,AAPL,Apple shares sank after faces a regulatory investigation,negative,-1.0,-0.9103458187504319
2022-06-29,AAPL,Apple rallies as it unveiled a new product line to strong demand,positive,1.0,0.9321223541141459
2022-06-30,AAPL,Apple stock jumped on robust sales,positive,1.0,0.8274824700477538
2022-07-01,AAPL,Apple to hold investor call on revenue,neutral,0.0,-0.0032543503536741902
2022-07-05,AAPL,Apple profit margins in line with expectations,neutral,1.0,-0.00031615789340857375
2022-07-06,AAPL,Apple stock slumped on disappointing sales,negative,-1.0,-0.8722724275761239
2022-07-08,AAPL,Apple stock surged on robust cash flow,positive,1.0,0.8082469616330317
2022-07-11,AAPL,Apple rallies as it unveiled a new product line to strong demand,positive,1.0,0.9321223541141459
2022-07-11,AAPL,Apple stock fell on weak revenue,negative,-1.0,-0.873647739966686
2022-07-13,AAPL,Apple stock climbed on strong quarterly earnings,positive,1.0,0.8510499848534718
2022-07-15,AAPL,Analysts turn bullish on Apple after better-than-expected revenue,positive,1.0,0.8917004840080982
2022-07-18,AAPL,Apple stock advanced on resilient quarterly earnings,positive,1.0,0.7545753403303175
2022-07-19,AAPL,Apple stock rallied on better-than-expected quarterly earnings,positive,1.0,0.8088779827556081
2022-07-22,AAPL,Apple stock soared on robust guidance,positive,1.0,0.8257246604009639
2022-07-26,AAPL,Analysts turn cautious on Apple after disappointing sales,negative,0.0,-0.9168949078548874
2022-07-27,AAPL,Apple drops as it received an analyst downgrade,negative,-1.0,-0.9438501355840345
2022-07-27,AAPL,Apple stock soared on resilient cash flow,positive,1.0,0.7631255250387947
2022-08-03,AAPL,Analysts turn bullish on Apple after better-than-expected quarterly earnings,positive,1.0,0.8843153576594239
2022-08-03,AAPL,Apple quarterly earnings in line with expectations,neutral,0.0,0.003623992959815397
2022-08-04,AAPL,Apple stock slumped on worse-than-expected cash flow,negative,-1.0,-0.8636296565547041
2022-08-04,AAPL,"Apple filed its routine quarterly disclosure, no major stock reaction",neutral,0.0,-0.0003834061226050331
2022-08-05,AAPL,Apple stock surged on record sales,positive,1.0,0.8217568514015858
2022-08-05,AAPL,Apple rallies as it beat analyst earnings estimates,positive,1.0,0.8870673045993982
2022-08-10,AAPL,"Apple cut its full-year guidance, shares slide",negative,-1.0,-0.9068839458164285
2022-08-15,AAPL,Apple stock soared on resilient guidance,positive,1.0,0.7742312253837134
2022-08-16,AAPL,"Apple announced a share buyback program, shares climb",positive,1.0,0.9444069844023288
2022-08-18,AAPL,Analysts turn cautious on Apple after troubling revenue,negative,0.0,-0.9235237985644149
2022-08-22,AAPL,"Apple warned of a demand slowdown, shares slide",negative,-1.0,-0.9457543626002491
2022-08-22,AAPL,Apple shares surged after unveiled a new product line to strong demand,positive,1.0,0.9077836658036393
2022-08-23,AAPL,Apple rallies as it unveiled a new product line to strong demand,positive,1.0,0.9321223541141459
2022-08-26,AAPL,Analysts turn cautious on Apple after weak guidance,negative,-1.0,-0.9041681649492826
2022-08-30,AAPL,Apple rallies as it announced a share buyback program,positive,1.0,0.9430135782382483
2022-09-13,AAPL,Apple drops as it announced layoffs amid cost cuts,negative,-1.0,-0.9497124129098697
2022-09-16,AAPL,Apple shares rallied after raised its full-year guidance,positive,1.0,0.8658458044481174
2022-09-21,AAPL,Apple drops as it received an analyst downgrade,negative,-1.0,-0.9438501355840345
2022-09-21,AAPL,Apple shares advanced after reported record quarterly profit,positive,1.0,0.9208611031119128
2022-09-22,AAPL,"Apple filed its routine quarterly disclosure, no major stock reaction",neutral,0.0,-0.0003834061226050331
2022-09-22,AAPL,Apple rallies as it received an analyst upgrade,positive,1.0,0.8954989283305828
2022-09-23,AAPL,Apple shares surged after received an analyst upgrade,positive,1.0,0.8064107354957639
2022-09-27,AAPL,"Apple announced a share buyback program, shares climb",positive,1.0,0.9444069844023288
2022-09-29,AAPL,Apple shares plunged after missed analyst earnings estimates,negative,-1.0,-0.8104326870118889
2022-10-03,AAPL,Apple quarterly earnings in line with expectations,neutral,0.0,0.003623992959815397
2022-10-06,AAPL,Apple presented at an industry conference,neutral,0.0,-0.004039395793169483
2022-10-07,AAPL,Analysts turn cautious on Apple after disappointing profit margins,negative,1.0,-0.9029343589434161
2022-10-11,AAPL,Apple shares rallied after beat analyst earnings estimates,positive,1.0,0.8730038692379737
2022-10-12,AAPL,Apple stock sank on weak cash flow,negative,-1.0,-0.7542107249955659
2022-10-13,AAPL,"Apple presented at an industry conference, no major stock reaction",neutral,0.0,-0.0016547146786209319
2022-10-17,AAPL,Apple shares advanced after reported record quarterly profit,positive,1.0,0.9208611031119128
2022-10-19,AAPL,Apple stock soared on strong quarterly earnings,positive,1.0,0.8523097106069834
2022-10-20,AAPL,Apple shares sank after announced layoffs amid cost cuts,negative,-1.0,-0.920221452594127
2022-10-24,AAPL,Apple shares rallied after reported record quarterly profit,positive,1.0,0.9421745727869795
2022-10-27,AAPL,Apple rallies as it received an analyst upgrade,positive,1.0,0.8954989283305828
2022-10-27,AAPL,"Apple reported record quarterly profit, shares climb",positive,1.0,0.9639572270273129
2022-10-28,AAPL,Apple drops as it warned of a demand slowdown,negative,-1.0,-0.9533158452008691
2022-11-03,AAPL,"Apple cut its full-year guidance, shares slide",negative,-1.0,-0.9068839458164285
2022-11-03,AAPL,"Apple warned of a demand slowdown, shares slide",negative,-1.0,-0.9457543626002491
2022-11-04,AAPL,Analysts turn cautious on Apple after worse-than-expected revenue,negative,0.0,-0.9174579172567847
2022-11-07,AAPL,Apple shares trade flat as it presented at an industry conference,neutral,0.0,-0.0016516250217270111
2022-11-08,AAPL,Analysts turn bullish on Apple after strong quarterly earnings,positive,1.0,0.9204955187886266
2022-11-09,AAPL,Apple stock tumbled on troubling revenue,negative,-1.0,-0.8517759495890758
2022-11-11,AAPL,Analysts turn cautious on Apple after soft quarterly earnings,negative,0.0,-0.8633732117550904
2022-11-14,AAPL,Apple shares advanced after raised its full-year guidance,positive,1.0,0.8138748444042204
2022-11-15,AAPL,Apple shares slumped after faces a regulatory investigation,negative,-1.0,-0.9197211271091703
2022-11-16,AAPL,Analysts turn cautious on Apple after soft quarterly earnings,negative,0.0,-0.8633732117550904
2022-11-17,AAPL,"Apple missed analyst earnings estimates, shares slide",negative,-1.0,-0.892663684220695
2022-11-18,AAPL,Apple rallies as it received an analyst upgrade,positive,1.0,0.8954989283305828
2022-11-21,AAPL,"Apple announced a share buyback program, shares climb",positive,1.0,0.9444069844023288
2022-11-29,AAPL,Apple shares dropped after warned of a demand slowdown,negative,-1.0,-0.9127033943628076
2022-11-29,AAPL,Apple shares jumped after raised its full-year guidance,positive,1.0,0.8363033969732829
2022-12-02,AAPL,Analysts turn cautious on Apple after disappointing cash flow,negative,0.0,-0.9034414836401972
2022-12-05,AAPL,Apple guidance in line with expectations,neutral,0.0,0.0008418519205490062
2022-12-07,AAPL,Apple drops as it faces a regulatory investigation,negative,-1.0,-0.9500416970082133
2022-12-12,AAPL,Apple announced a change to its board of directors,neutral,0.0,-0.0026531798893483644
2022-12-12,AAPL,Analysts turn cautious on Apple after troubling profit margins,negative,1.0,-0.8946285288255171
2022-12-13,AAPL,Apple shares soared after reported record quarterly profit,positive,1.0,0.9479615183250069
2022-12-15,AAPL,Apple rallies as it announced a share buyback program,positive,1.0,0.9430135782382483
2022-12-20,AAPL,Apple shares dropped after received an analyst downgrade,negative,-1.0,-0.8858640114967333
2022-12-21,AAPL,Apple shares tumbled after warned of a demand slowdown,negative,-1.0,-0.8774053658376181
2022-12-23,AAPL,Apple announced a change to its board of directors,neutral,0.0,-0.0026531798893483644
2022-12-23,AAPL,"Apple faces a regulatory investigation, shares slide",negative,-1.0,-0.9542716268290757
2022-12-28,AAPL,Apple shares fell after warned of a demand slowdown,negative,-1.0,-0.8897687942568882
2022-12-29,AAPL,Apple drops as it faces a regulatory investigation,negative,-1.0,-0.9500416970082133
2022-12-29,AAPL,"Apple raised its full-year guidance, shares climb",positive,1.0,0.8815839559108798
2022-12-30,AAPL,Apple shares tumbled after missed analyst earnings estimates,negative,-1.0,-0.855767400849323
2023-01-03,AAPL,Analysts turn cautious on Apple after worse-than-expected revenue,negative,0.0,-0.9174579172567847
2023-01-05,AAPL,Apple stock sank on soft guidance,negative,-1.0,-0.8043078786468486
2023-01-05,AAPL,"Apple beat analyst earnings estimates, shares climb",positive,1.0,0.9018077547412698
2023-01-06,AAPL,"Apple received an analyst downgrade, shares slide",negative,-1.0,-0.930155327833487
2023-01-06,AAPL,Apple stock plunged on disappointing revenue,negative,-1.0,-0.8282687173710614
2023-01-10,AAPL,Apple shares trade flat as it maintained its previous guidance,neutral,0.0,-0.001190966356437435
2023-01-11,AAPL,"Apple faces a regulatory investigation, shares slide",negative,-1.0,-0.9542716268290757
2023-01-13,AAPL,Apple to hold investor call on sales,neutral,0.0,-0.001405007607772995
2023-01-13,AAPL,"Apple raised its full-year guidance, shares climb",positive,1.0,0.8815839559108798
2023-01-17,AAPL,Apple rallies as it announced a share buyback program,positive,1.0,0.9430135782382483
2023-01-18,AAPL,Apple shares soared after announced a share buyback program,positive,1.0,0.9159371002170804
2023-01-19,AAPL,Apple drops as it cut its full-year guidance,negative,-1.0,-0.9160228030951157
2023-01-20,AAPL,"Apple maintained its previous guidance, no major stock reaction",neutral,0.0,-0.0012635811608409236
2023-01-20,AAPL,Apple cash flow in line with expectations,neutral,0.0,-4.367077883756995e-05
2023-01-24,AAPL,Apple shares dropped after announced layoffs amid cost cuts,negative,-1.0,-0.9256581696228253
2023-01-24,AAPL,Apple maintained its previous guidance,neutral,0.0,-0.0026962154186284115
2023-01-25,AAPL,Apple stock soared on resilient sales,positive,1.0,0.7880030820827086
2023-01-30,AAPL,"Apple warned of a demand slowdown, shares slide",negative,-1.0,-0.9457543626002491
2023-02-01,AAPL,Apple rallies as it beat analyst earnings estimates,positive,1.0,0.8870673045993982
2023-02-03,AAPL,Apple stock rallied on robust revenue,positive,1.0,0.8143651151595581
2023-02-06,AAPL,Analysts turn bullish on Apple after robust profit margins,positive,1.0,0.8792955094841604
2023-02-07,AAPL,Analysts turn bullish on Apple after record guidance,positive,1.0,0.9102352163770883
2023-02-09,AAPL,Analysts turn bullish on Apple after robust sales,positive,1.0,0.9123980151793691
2023-02-09,AAPL,Analysts turn bullish on Apple after strong sales,positive,1.0,0.927642494735149
2023-02-10,AAPL,Apple shares trade flat as it will report quarterly results next week,neutral,0.0,-0.000383497433984456
2023-02-10,AAPL,Apple shares trade flat as it announced a change to its board of directors,neutral,0.0,-0.0011888398453580532
2023-02-14,AAPL,"Apple unveiled a new product line to strong demand, shares climb",positive,1.0,0.9405566048709926
2023-02-15,AAPL,Apple to hold investor call on revenue,neutral,0.0,-0.0032543503536741902
2023-02-15,AAPL,Apple rallies as it announced a share buyback program,positive,1.0,0.9430135782382483
2023-02-16,AAPL,Apple shares surged after announced a share buyback program,positive,1.0,0.8954235562531776
2023-02-17,AAPL,Apple drops as it cut its full-year guidance,negative,-1.0,-0.9160228030951157
2023-02-21,AAPL,"Apple announced a share buyback program, shares climb",positive,1.0,0.9444069844023288
2023-02-22,AAPL,Apple shares advanced after raised its full-year guidance,positive,1.0,0.8138748444042204
2023-02-27,AAPL,Apple to hold investor call on revenue,neutral,0.0,-0.0032543503536741902
2023-03-02,AAPL,Apple shares plunged after warned of a demand slowdown,negative,-1.0,-0.8710155603831788
2023-03-03,AAPL,Apple presented at an industry conference,neutral,0.0,-0.004039395793169483
2023-03-06,AAPL,Analysts turn cautious on Apple after worse-than-expected guidance,negative,0.0,-0.9018107547707248
2023-03-07,AAPL,Apple drops as it warned of a demand slowdown,negative,-1.0,-0.9533158452008691
2023-03-09,AAPL,"Apple maintained its previous guidance, no major stock reaction",neutral,0.0,-0.0012635811608409236
2023-03-09,AAPL,Analysts turn bullish on Apple after record profit margins,positive,1.0,0.8769602525829342
2023-03-15,AAPL,"Apple unveiled a new product line to strong demand, shares climb",positive,1.0,0.9405566048709926
2023-03-16,AAPL,"Apple faces a regulatory investigation, shares slide",negative,-1.0,-0.9542716268290757
2023-03-17,AAPL,"Apple received an analyst upgrade, shares climb",positive,1.0,0.9194317067573101
2023-03-20,AAPL,Apple drops as it faces a regulatory investigation,negative,-1.0,-0.9500416970082133
2023-03-20,AAPL,Apple shares slumped after faces a regulatory investigation,negative,-1.0,-0.9197211271091703
2023-03-22,AAPL,Apple shares trade flat as it announced a change to its board of directors,neutral,0.0,-0.0011888398453580532
2023-03-22,AAPL,Apple will report quarterly results next week,neutral,0.0,0.00014860442515157724
2023-03-23,AAPL,Apple to hold investor call on profit margins,neutral,1.0,-0.001970810135893508
2023-03-28,AAPL,Apple drops as it missed analyst earnings estimates,negative,-1.0,-0.9282800724279998
2023-03-29,AAPL,Apple stock climbed on record cash flow,positive,1.0,0.7907562617573521
2023-03-31,AAPL,Apple shares tumbled after missed analyst earnings estimates,negative,-1.0,-0.855767400849323
2023-04-03,AAPL,"Apple received an analyst upgrade, shares climb",positive,1.0,0.9194317067573101
2023-04-04,AAPL,Apple to hold investor call on revenue,neutral,0.0,-0.0032543503536741902
2023-04-04,AAPL,Analysts turn cautious on Apple after weak sales,negative,-1.0,-0.9087606941387552
2023-04-06,AAPL,Analysts turn cautious on Apple after soft revenue,negative,0.0,-0.8945596657041592
2023-04-06,AAPL,Apple drops as it missed analyst earnings estimates,negative,-1.0,-0.9282800724279998
2023-04-11,AAPL,Apple rallies as it beat analyst earnings estimates,positive,1.0,0.8870673045993982
2023-04-13,AAPL,Apple shares trade flat as it will report quarterly results next week,neutral,0.0,-0.000383497433984456
2023-04-13,AAPL,Apple to hold investor call on cash flow,neutral,0.0,-0.0018594071186126895
2023-04-14,AAPL,Analysts turn bullish on Apple after resilient cash flow,positive,1.0,0.894447970217462
2023-04-17,AAPL,Apple stock dropped on worse-than-expected quarterly earnings,negative,-1.0,-0.8121707689596713
2023-04-17,AAPL,Apple stock fell on weak profit margins,negative,-0.3333333333333333,-0.8353421512490775
2023-04-19,AAPL,Apple stock advanced on resilient sales,positive,1.0,0.7686052578737306
2023-04-21,AAPL,"Apple announced layoffs amid cost cuts, shares slide",negative,-1.0,-0.9470307704612175
2023-04-26,AAPL,Apple shares rallied after beat analyst earnings estimates,positive,1.0,0.8730038692379737
2023-04-27,AAPL,Apple stock sank on troubling profit margins,negative,0.0,-0.8121935652954104
2023-04-28,AAPL,Apple shares surged after unveiled a new product line to strong demand,positive,1.0,0.9077836658036393
2023-04-28,AAPL,Apple rallies as it beat analyst earnings estimates,positive,1.0,0.8870673045993982
2023-05-01,AAPL,Apple to hold investor call on quarterly earnings,neutral,0.0,0.001124136607855708
2023-05-03,AAPL,Apple rallies as it raised its full-year guidance,positive,1.0,0.9035130049845631
2023-05-04,AAPL,Apple rallies as it announced a share buyback program,positive,1.0,0.9430135782382483
2023-05-04,AAPL,Apple stock tumbled on soft quarterly earnings,negative,-1.0,-0.7469247993491961
2023-05-05,AAPL,Apple maintained its previous guidance,neutral,0.0,-0.0026962154186284115
2023-05-09,AAPL,Apple stock climbed on strong sales,positive,1.0,0.8617283272061876
2023-05-09,AAPL,Apple maintained its previous guidance,neutral,0.0,-0.0026962154186284115
2023-05-10,AAPL,Apple stock tumbled on soft cash flow,negative,-1.0,-0.7796366379193655
2023-05-11,AAPL,Apple shares climbed after announced a share buyback program,positive,1.0,0.896677614527608
2023-05-12,AAPL,Apple stock jumped on better-than-expected sales,positive,1.0,0.8099129179842366
2023-05-19,AAPL,Apple shares sank after announced layoffs amid cost cuts,negative,-1.0,-0.920221452594127
2023-05-22,AAPL,Apple held its annual shareholder meeting,neutral,0.0,-0.004254746938005122
2023-05-24,AAPL,Apple quarterly earnings in line with expectations,neutral,0.0,0.003623992959815397
2023-05-25,AAPL,Apple rallies as it received an analyst upgrade,positive,1.0,0.8954989283305828
2023-05-26,AAPL,Analysts turn bullish on Apple after resilient quarterly earnings,positive,1.0,0.8984707099127344
2023-05-30,AAPL,"Apple raised its full-year guidance, shares climb",positive,1.0,0.8815839559108798
2023-05-31,AAPL,"Apple will report quarterly results next week, no major stock reaction",neutral,0.0,-0.0002353372193987409
2023-05-31,AAPL,Apple to hold investor call on cash flow,neutral,0.0,-0.0018594071186126895
2023-06-06,AAPL,"Apple warned of a demand slowdown, shares slide",negative,-1.0,-0.9457543626002491
2023-06-08,AAPL,Apple filed its routine quarterly disclosure,neutral,0.0,-0.00018095035185527325
2023-06-09,AAPL,Apple stock surged on strong guidance,positive,1.0,0.8413628783557968
2023-06-12,AAPL,"Apple received an analyst downgrade, shares slide",negative,-1.0,-0.930155327833487
2023-06-16,AAPL,Apple rallies as it beat analyst earnings estimates,positive,1.0,0.8870673045993982
2023-06-20,AAPL,"Apple reported record quarterly profit, shares climb",positive,1.0,0.9639572270273129
2023-06-21,AAPL,"Apple unveiled a new product line to strong demand, shares climb",positive,1.0,0.9405566048709926
2023-06-23,AAPL,Apple drops as it faces a regulatory investigation,negative,-1.0,-0.9500416970082133
2023-06-28,AAPL,"Apple filed its routine quarterly disclosure, no major stock reaction",neutral,0.0,-0.0003834061226050331
2023-07-03,AAPL,Apple rallies as it beat analyst earnings estimates,positive,1.0,0.8870673045993982
2023-07-03,AAPL,Apple announced a change to its board of directors,neutral,0.0,-0.0026531798893483644
2023-07-06,AAPL,"Apple received an analyst downgrade, shares slide",negative,-1.0,-0.930155327833487
2023-07-11,AAPL,Apple shares trade flat as it maintained its previous guidance,neutral,0.0,-0.001190966356437435
2023-07-13,AAPL,Analysts turn cautious on Apple after troubling guidance,negative,0.0,-0.909010306592988
2023-07-14,AAPL,Apple rallies as it announced a share buyback program,positive,1.0,0.9430135782382483
2023-07-14,AAPL,Apple stock jumped on resilient profit margins,positive,1.0,0.7208554041143715
2023-07-17,AAPL,Apple held its annual shareholder meeting,neutral,0.0,-0.004254746938005122
2023-07-18,AAPL,Apple rallies as it announced a share buyback program,positive,1.0,0.9430135782382483
2023-07-19,AAPL,Apple shares plunged after announced layoffs amid cost cuts,negative,-1.0,-0.9029822674137955
2023-07-21,AAPL,"Apple announced layoffs amid cost cuts, shares slide",negative,-1.0,-0.9470307704612175
2023-07-25,AAPL,Apple stock rallied on record quarterly earnings,positive,1.0,0.8718461169873085
2023-07-27,AAPL,Apple quarterly earnings in line with expectations,neutral,0.0,0.003623992959815397
2023-07-28,AAPL,Apple drops as it faces a regulatory investigation,negative,-1.0,-0.9500416970082133
2023-07-31,AAPL,"Apple announced a share buyback program, shares climb",positive,1.0,0.9444069844023288
2023-07-31,AAPL,Analysts turn cautious on Apple after soft profit margins,negative,1.0,-0.860864838110639
2023-08-02,AAPL,Apple stock advanced on resilient cash flow,positive,1.0,0.7494919559777162
2023-08-02,AAPL,Apple to hold investor call on revenue,neutral,0.0,-0.0032543503536741902
2023-08-03,AAPL,Apple announced a change to its board of directors,neutral,0.0,-0.0026531798893483644
2023-08-08,AAPL,Apple to hold investor call on revenue,neutral,0.0,-0.0032543503536741902
2023-08-08,AAPL,Analysts turn cautious on Apple after worse-than-expected revenue,negative,0.0,-0.9174579172567847
2023-08-14,AAPL,Apple stock soared on better-than-expected cash flow,positive,1.0,0.7461886076692879
2023-08-15,AAPL,Apple stock surged on better-than-expected profit margins,positive,1.0,0.773496330410481
2023-08-16,AAPL,Analysts turn cautious on Apple after worse-than-expected quarterly earnings,negative,0.0,-0.9023623168696677
2023-08-17,AAPL,Apple drops as it missed analyst earnings estimates,negative,-1.0,-0.9282800724279998
2023-08-17,AAPL,Apple shares fell after missed analyst earnings estimates,negative,-1.0,-0.8572271663946555
2023-08-18,AAPL,Analysts turn bullish on Apple after resilient quarterly earnings,positive,1.0,0.8984707099127344
2023-08-21,AAPL,Analysts turn cautious on Apple after troubling guidance,negative,0.0,-0.909010306592988
2023-08-22,AAPL,Apple presented at an industry conference,neutral,0.0,-0.004039395793169483
2023-08-22,AAPL,"Apple warned of a demand slowdown, shares slide",negative,-1.0,-0.9457543626002491
2023-08-23,AAPL,Analysts turn bullish on Apple after strong quarterly earnings,positive,1.0,0.9204955187886266
2023-08-24,AAPL,Apple to hold investor call on profit margins,neutral,1.0,-0.001970810135893508
2023-08-25,AAPL,"Apple reported record quarterly profit, shares climb",positive,1.0,0.9639572270273129
2023-08-25,AAPL,"Apple faces a regulatory investigation, shares slide",negative,-1.0,-0.9542716268290757
2023-08-29,AAPL,Apple stock plunged on weak quarterly earnings,negative,-1.0,-0.6939291084998833
2023-09-01,AAPL,Apple drops as it cut its full-year guidance,negative,-1.0,-0.9160228030951157
2023-09-07,AAPL,Apple drops as it faces a regulatory investigation,negative,-1.0,-0.9500416970082133
2023-09-08,AAPL,Apple drops as it received an analyst downgrade,negative,-1.0,-0.9438501355840345
2023-09-11,AAPL,Apple shares climbed after beat analyst earnings estimates,positive,1.0,0.8437077835193046
2023-09-15,AAPL,Apple stock jumped on record sales,positive,1.0,0.8043925232905494
2023-09-19,AAPL,"Apple announced a share buyback program, shares climb",positive,1.0,0.9444069844023288
2023-09-19,AAPL,"Apple missed analyst earnings estimates, shares slide",negative,-1.0,-0.892663684220695
2023-09-21,AAPL,Apple shares rallied after reported record quarterly profit,positive,1.0,0.9421745727869795
2023-09-25,AAPL,Apple stock sank on disappointing revenue,negative,-1.0,-0.8369690613500383
2023-09-27,AAPL,Apple shares surged after raised its full-year guidance,positive,1.0,0.8174855430914125
2023-09-28,AAPL,Analysts turn cautious on Apple after worse-than-expected profit margins,negative,1.0,-0.9017108676163621
2023-09-29,AAPL,"Apple announced a share buyback program, shares climb",positive,1.0,0.9444069844023288
2023-10-02,AAPL,Analysts turn cautious on Apple after troubling quarterly earnings,negative,0.0,-0.8835945150204126
2023-10-03,AAPL,Analysts turn bullish on Apple after better-than-expected quarterly earnings,positive,1.0,0.8843153576594239
2023-10-04,AAPL,Apple shares dropped after received an analyst downgrade,negative,-1.0,-0.8858640114967333
2023-10-04,AAPL,Apple drops as it cut its full-year guidance,negative,-1.0,-0.9160228030951157
2023-10-05,AAPL,Analysts turn bullish on Apple after record cash flow,positive,1.0,0.8950534139455838
2023-10-06,AAPL,Apple announced a change to its board of directors,neutral,0.0,-0.0026531798893483644
2023-10-11,AAPL,Apple shares trade flat as it held its annual shareholder meeting,neutral,0.0,-0.0018272637120953748
2023-10-12,AAPL,Apple shares trade flat as it held its annual shareholder meeting,neutral,0.0,-0.0018272637120953748
2023-10-13,AAPL,"Apple raised its full-year guidance, shares climb",positive,1.0,0.8815839559108798
2023-10-17,AAPL,"Apple faces a regulatory investigation, shares slide",negative,-1.0,-0.9542716268290757
2023-10-18,AAPL,Analysts turn bullish on Apple after resilient revenue,positive,1.0,0.9160741346554723
2023-10-19,AAPL,Apple will report quarterly results next week,neutral,0.0,0.00014860442515157724
2023-10-24,AAPL,Apple rallies as it beat analyst earnings estimates,positive,1.0,0.8870673045993982
2023-10-25,AAPL,"Apple raised its full-year guidance, shares climb",positive,1.0,0.8815839559108798
2023-10-26,AAPL,Apple stock sank on worse-than-expected profit margins,negative,0.0,-0.8362152213646479
2023-10-30,AAPL,Apple to hold investor call on profit margins,neutral,1.0,-0.001970810135893508
2023-11-06,AAPL,"Apple filed its routine quarterly disclosure, no major stock reaction",neutral,0.0,-0.0003834061226050331
2023-11-07,AAPL,"Apple missed analyst earnings estimates, shares slide",negative,-1.0,-0.892663684220695
2023-11-13,AAPL,"Apple received an analyst upgrade, shares climb",positive,1.0,0.9194317067573101
2023-11-16,AAPL,Apple maintained its previous guidance,neutral,0.0,-0.0026962154186284115
2023-11-17,AAPL,Apple shares surged after announced a share buyback program,positive,1.0,0.8954235562531776
2023-11-20,AAPL,"Apple missed analyst earnings estimates, shares slide",negative,-1.0,-0.892663684220695
2023-11-22,AAPL,"Apple missed analyst earnings estimates, shares slide",negative,-1.0,-0.892663684220695
2023-11-27,AAPL,Apple shares jumped after beat analyst earnings estimates,positive,1.0,0.8608975262234895
2023-11-27,AAPL,Apple shares trade flat as it held its annual shareholder meeting,neutral,0.0,-0.0018272637120953748
2023-11-28,AAPL,Apple to hold investor call on guidance,neutral,0.0,-0.00056800709211903
2023-11-29,AAPL,Apple rallies as it beat analyst earnings estimates,positive,1.0,0.8870673045993982
2023-11-29,AAPL,Apple profit margins in line with expectations,neutral,1.0,-0.00031615789340857375
2023-12-04,AAPL,"Apple cut its full-year guidance, shares slide",negative,-1.0,-0.9068839458164285
2023-12-06,AAPL,Apple rallies as it raised its full-year guidance,positive,1.0,0.9035130049845631
2023-12-08,AAPL,"Apple announced a change to its board of directors, no major stock reaction",neutral,0.0,-0.0012634772777147668
2023-12-12,AAPL,Analysts turn bullish on Apple after robust quarterly earnings,positive,1.0,0.8974604318753573
2023-12-14,AAPL,"Apple missed analyst earnings estimates, shares slide",negative,-1.0,-0.892663684220695
2023-12-14,AAPL,Apple announced a change to its board of directors,neutral,0.0,-0.0026531798893483644
2023-12-15,AAPL,Apple shares trade flat as it will report quarterly results next week,neutral,0.0,-0.000383497433984456
2023-12-19,AAPL,Apple to hold investor call on sales,neutral,0.0,-0.001405007607772995
2023-12-20,AAPL,Analysts turn cautious on Apple after weak quarterly earnings,negative,-1.0,-0.8714858278388277
2023-12-26,AAPL,Apple shares trade flat as it will report quarterly results next week,neutral,0.0,-0.000383497433984456
2023-12-27,AAPL,Apple shares rallied after raised its full-year guidance,positive,1.0,0.8658458044481174
2023-12-29,AAPL,Apple to hold investor call on cash flow,neutral,0.0,-0.0018594071186126895
2023-12-29,AAPL,"Apple received an analyst upgrade, shares climb",positive,1.0,0.9194317067573101
2024-01-02,AAPL,Apple shares trade flat as it presented at an industry conference,neutral,0.0,-0.0016516250217270111
2024-01-04,AAPL,Apple stock surged on record quarterly earnings,positive,1.0,0.883707758167291
2024-01-05,AAPL,Apple stock dropped on soft profit margins,negative,0.0,-0.6948865590511432
2024-01-05,AAPL,Apple drops as it received an analyst downgrade,negative,-1.0,-0.9438501355840345
2024-01-09,AAPL,Apple shares tumbled after faces a regulatory investigation,negative,-1.0,-0.8876309931249486
2024-01-10,AAPL,Apple presented at an industry conference,neutral,0.0,-0.004039395793169483
2024-01-11,AAPL,Apple rallies as it received an analyst upgrade,positive,1.0,0.8954989283305828
2024-01-16,AAPL,Apple shares tumbled after warned of a demand slowdown,negative,-1.0,-0.8774053658376181
2024-01-18,AAPL,Analysts turn cautious on Apple after disappointing cash flow,negative,0.0,-0.9034414836401972
2024-01-22,AAPL,Apple stock slumped on troubling revenue,negative,-1.0,-0.8734638629752453
2024-01-22,AAPL,Apple shares tumbled after cut its full-year guidance,negative,-1.0,-0.8288113927436718
2024-01-23,AAPL,Apple shares rallied after raised its full-year guidance,positive,1.0,0.8658458044481174
2024-01-24,AAPL,Apple stock climbed on record cash flow,positive,1.0,0.7907562617573521
2024-01-25,AAPL,Apple presented at an industry conference,neutral,0.0,-0.004039395793169483
2024-01-26,AAPL,Apple drops as it announced layoffs amid cost cuts,negative,-1.0,-0.9497124129098697
2024-01-29,AAPL,Apple stock jumped on strong guidance,positive,1.0,0.8207260980237474
2024-01-30,AAPL,"Apple filed its routine quarterly disclosure, no major stock reaction",neutral,0.0,-0.0003834061226050331
2024-02-01,AAPL,Apple shares jumped after raised its full-year guidance,positive,1.0,0.8363033969732829
2024-02-06,AAPL,Analysts turn cautious on Apple after worse-than-expected guidance,negative,0.0,-0.9018107547707248
2024-02-08,AAPL,Analysts turn cautious on Apple after weak sales,negative,-1.0,-0.9087606941387552
2024-02-09,AAPL,Apple shares climbed after raised its full-year guidance,positive,1.0,0.8184575805321708
2024-02-12,AAPL,"Apple received an analyst downgrade, shares slide",negative,-1.0,-0.930155327833487
2024-02-14,AAPL,Apple rallies as it beat analyst earnings estimates,positive,1.0,0.8870673045993982
2024-02-15,AAPL,Apple stock soared on strong quarterly earnings,positive,1.0,0.8523097106069834
2024-02-15,AAPL,Apple shares fell after cut its full-year guidance,negative,-1.0,-0.8499355866983499
2024-02-20,AAPL,Apple shares trade flat as it will report quarterly results next week,neutral,0.0,-0.000383497433984456
2024-02-21,AAPL,Apple stock slumped on disappointing revenue,negative,-1.0,-0.8908116599898455
2024-02-21,AAPL,Apple stock plunged on soft profit margins,negative,0.0,-0.6989746589158596
2024-02-22,AAPL,Apple shares trade flat as it will report quarterly results next week,neutral,0.0,-0.000383497433984456
2024-02-28,AAPL,"Apple received an analyst upgrade, shares climb",positive,1.0,0.9194317067573101
2024-03-01,AAPL,Apple drops as it warned of a demand slowdown,negative,-1.0,-0.9533158452008691
2024-03-06,AAPL,"Apple reported record quarterly profit, shares climb",positive,1.0,0.9639572270273129
2024-03-08,AAPL,Apple drops as it announced layoffs amid cost cuts,negative,-1.0,-0.9497124129098697
2024-03-13,AAPL,Apple shares sank after warned of a demand slowdown,negative,-1.0,-0.8967327638698804
2024-03-14,AAPL,Apple shares jumped after reported record quarterly profit,positive,1.0,0.9278899589159859
2024-03-15,AAPL,Apple drops as it faces a regulatory investigation,negative,-1.0,-0.9500416970082133
2024-03-19,AAPL,Apple sales in line with expectations,neutral,0.0,0.0007415139619491619
2024-03-20,AAPL,Apple shares plunged after announced layoffs amid cost cuts,negative,-1.0,-0.9029822674137955
2024-03-21,AAPL,"Apple held its annual shareholder meeting, no major stock reaction",neutral,0.0,-0.0017966994184378665
2024-03-21,AAPL,Apple stock jumped on robust quarterly earnings,positive,1.0,0.8041906677232075
2024-03-22,AAPL,Analysts turn bullish on Apple after better-than-expected quarterly earnings,positive,1.0,0.8843153576594239
2024-03-26,AAPL,Apple shares trade flat as it held its annual shareholder meeting,neutral,0.0,-0.0018272637120953748
2024-04-01,AAPL,Apple drops as it missed analyst earnings estimates,negative,-1.0,-0.9282800724279998
2024-04-02,AAPL,Apple rallies as it beat analyst earnings estimates,positive,1.0,0.8870673045993982
2024-04-09,AAPL,Apple stock tumbled on weak sales,negative,-1.0,-0.8242167916516158
2024-04-11,AAPL,Apple rallies as it announced a share buyback program,positive,1.0,0.9430135782382483
2024-04-16,AAPL,"Apple warned of a demand slowdown, shares slide",negative,-1.0,-0.9457543626002491
2024-04-16,AAPL,Apple stock fell on weak revenue,negative,-1.0,-0.873647739966686
2024-04-17,AAPL,"Apple warned of a demand slowdown, shares slide",negative,-1.0,-0.9457543626002491
2024-04-18,AAPL,Apple stock jumped on record quarterly earnings,positive,1.0,0.8640471385735213
2024-04-19,AAPL,Apple drops as it cut its full-year guidance,negative,-1.0,-0.9160228030951157
2024-04-22,AAPL,Apple shares sank after received an analyst downgrade,negative,-1.0,-0.8607072400834562
2024-04-22,AAPL,Apple drops as it cut its full-year guidance,negative,-1.0,-0.9160228030951157
2024-04-23,AAPL,Apple shares jumped after unveiled a new product line to strong demand,positive,1.0,0.9264370721492453
2024-04-25,AAPL,Apple shares climbed after announced a share buyback program,positive,1.0,0.896677614527608
2024-04-26,AAPL,Apple shares slumped after announced layoffs amid cost cuts,negative,-1.0,-0.9196713366479907
2024-04-26,AAPL,Apple will report quarterly results next week,neutral,0.0,0.00014860442515157724
2024-05-01,AAPL,Apple shares surged after beat analyst earnings estimates,positive,1.0,0.8434182297432161
2024-05-02,AAPL,Apple stock plunged on worse-than-expected quarterly earnings,negative,-1.0,-0.808243603992808
2024-05-02,AAPL,"Apple faces a regulatory investigation, shares slide",negative,-1.0,-0.9542716268290757
2024-05-03,AAPL,Apple maintained its previous guidance,neutral,0.0,-0.0026962154186284115
2024-05-06,AAPL,Apple stock dropped on troubling profit margins,negative,0.0,-0.7547060107491371
2024-05-08,AAPL,Apple shares advanced after announced a share buyback program,positive,1.0,0.8934046060740447
2024-05-09,AAPL,Apple cash flow in line with expectations,neutral,0.0,-4.367077883756995e-05
2024-05-09,AAPL,Apple shares plunged after cut its full-year guidance,negative,-1.0,-0.8177907360612677
2024-05-13,AAPL,Apple shares plunged after faces a regulatory investigation,negative,-1.0,-0.8884898669949352
2024-05-17,AAPL,Analysts turn cautious on Apple after soft sales,negative,0.0,-0.8907212749768579
2024-05-21,AAPL,Analysts turn bullish on Apple after strong guidance,positive,1.0,0.9198373650307776
2024-05-24,AAPL,Analysts turn cautious on Apple after worse-than-expected cash flow,negative,0.0,-0.9087480428053889
2024-05-28,AAPL,"Apple warned of a demand slowdown, shares slide",negative,-1.0,-0.9457543626002491
2024-05-29,AAPL,"Apple faces a regulatory investigation, shares slide",negative,-1.0,-0.9542716268290757
2024-05-29,AAPL,Analysts turn cautious on Apple after weak sales,negative,-1.0,-0.9087606941387552
2024-05-31,AAPL,Analysts turn bullish on Apple after strong profit margins,positive,1.0,0.889897615235942
2024-05-31,AAPL,Apple stock advanced on strong sales,positive,1.0,0.8595592556187528
2024-06-03,AAPL,Apple to hold investor call on guidance,neutral,0.0,-0.00056800709211903
2024-06-05,AAPL,Analysts turn bullish on Apple after record quarterly earnings,positive,1.0,0.9383150969909279
2024-06-07,AAPL,Apple drops as it cut its full-year guidance,negative,-1.0,-0.9160228030951157
2024-06-07,AAPL,Apple drops as it warned of a demand slowdown,negative,-1.0,-0.9533158452008691
2024-06-10,AAPL,Analysts turn bullish on Apple after robust revenue,positive,1.0,0.8914105279883197
2024-06-11,AAPL,Apple rallies as it raised its full-year guidance,positive,1.0,0.9035130049845631
2024-06-13,AAPL,Apple stock climbed on strong profit margins,positive,1.0,0.8020146469917758
2024-06-14,AAPL,Analysts turn bullish on Apple after better-than-expected cash flow,positive,1.0,0.8747619892349615
2024-06-17,AAPL,Analysts turn bullish on Apple after robust guidance,positive,1.0,0.917122241004372
2024-06-18,AAPL,"Apple raised its full-year guidance, shares climb",positive,1.0,0.8815839559108798
2024-06-20,AAPL,Apple drops as it warned of a demand slowdown,negative,-1.0,-0.9533158452008691
2024-06-21,AAPL,Apple stock jumped on robust profit margins,positive,1.0,0.7765233593564598
2024-06-24,AAPL,"Apple reported record quarterly profit, shares climb",positive,1.0,0.9639572270273129
2024-06-26,AAPL,Apple rallies as it reported record quarterly profit,positive,1.0,0.9535105038108265
2024-06-27,AAPL,Apple drops as it received an analyst downgrade,negative,-1.0,-0.9438501355840345
2024-07-01,AAPL,Apple stock climbed on resilient cash flow,positive,1.0,0.7874311609913249
2024-07-01,AAPL,"Apple missed analyst earnings estimates, shares slide",negative,-1.0,-0.892663684220695
2024-07-02,AAPL,"Apple will report quarterly results next week, no major stock reaction",neutral,0.0,-0.0002353372193987409
2024-07-03,AAPL,Analysts turn bullish on Apple after strong sales,positive,1.0,0.927642494735149
2024-07-05,AAPL,Apple shares surged after reported record quarterly profit,positive,1.0,0.9122876873079651
2024-07-05,AAPL,Apple shares soared after announced a share buyback program,positive,1.0,0.9159371002170804
2024-07-08,AAPL,"Apple presented at an industry conference, no major stock reaction",neutral,0.0,-0.0016547146786209319
2024-07-08,AAPL,Analysts turn bullish on Apple after robust cash flow,positive,1.0,0.8971929841775284
2024-07-10,AAPL,Apple profit margins in line with expectations,neutral,1.0,-0.00031615789340857375
2024-07-10,AAPL,"Apple warned of a demand slowdown, shares slide",negative,-1.0,-0.9457543626002491
2024-07-11,AAPL,Apple stock fell on weak cash flow,negative,-1.0,-0.7917663949444784
2024-07-15,AAPL,"Apple unveiled a new product line to strong demand, shares climb",positive,1.0,0.9405566048709926
2024-07-15,AAPL,Apple stock climbed on resilient cash flow,positive,1.0,0.7874311609913249
2024-07-16,AAPL,Analysts turn cautious on Apple after weak quarterly earnings,negative,-1.0,-0.8714858278388277
2024-07-17,AAPL,Analysts turn bullish on Apple after strong revenue,positive,1.0,0.9067344132742063
2024-07-18,AAPL,Apple rallies as it announced a share buyback program,positive,1.0,0.9430135782382483
2024-07-19,AAPL,Apple guidance in line with expectations,neutral,0.0,0.0008418519205490062
2024-07-23,AAPL,Apple stock fell on disappointing guidance,negative,-1.0,-0.8486833059726697
2024-07-24,AAPL,Apple sales in line with expectations,neutral,0.0,0.0007415139619491619
2024-07-24,AAPL,Analysts turn bullish on Apple after record sales,positive,1.0,0.9069077381569794
2024-07-26,AAPL,Analysts turn bullish on Apple after resilient revenue,positive,1.0,0.9160741346554723
2024-08-01,AAPL,Apple to hold investor call on revenue,neutral,0.0,-0.0032543503536741902
2024-08-05,AAPL,Apple to hold investor call on cash flow,neutral,0.0,-0.0018594071186126895
2024-08-08,AAPL,Apple shares advanced after reported record quarterly profit,positive,1.0,0.9208611031119128
2024-08-09,AAPL,Apple shares rallied after reported record quarterly profit,positive,1.0,0.9421745727869795
2024-08-12,AAPL,Apple guidance in line with expectations,neutral,0.0,0.0008418519205490062
2024-08-14,AAPL,Analysts turn cautious on Apple after weak profit margins,negative,0.0,-0.8991465310551295
2024-08-19,AAPL,Analysts turn bullish on Apple after strong profit margins,positive,1.0,0.889897615235942
2024-08-19,AAPL,Apple rallies as it announced a share buyback program,positive,1.0,0.9430135782382483
2024-08-20,AAPL,"Apple faces a regulatory investigation, shares slide",negative,-1.0,-0.9542716268290757
2024-08-21,AAPL,Apple stock jumped on record revenue,positive,1.0,0.7672301105756621
2024-08-22,AAPL,Apple rallies as it raised its full-year guidance,positive,1.0,0.9035130049845631
2024-08-22,AAPL,Apple shares climbed after unveiled a new product line to strong demand,positive,1.0,0.9155691315216847
2024-08-23,AAPL,Apple drops as it faces a regulatory investigation,negative,-1.0,-0.9500416970082133
2024-08-23,AAPL,Apple shares slumped after faces a regulatory investigation,negative,-1.0,-0.9197211271091703
2024-08-26,AAPL,Apple to hold investor call on sales,neutral,0.0,-0.001405007607772995
2024-08-29,AAPL,Apple to hold investor call on revenue,neutral,0.0,-0.0032543503536741902
2024-09-03,AAPL,"Apple beat analyst earnings estimates, shares climb",positive,1.0,0.9018077547412698
2024-09-04,AAPL,Analysts turn bullish on Apple after resilient quarterly earnings,positive,1.0,0.8984707099127344
2024-09-05,AAPL,Apple drops as it announced layoffs amid cost cuts,negative,-1.0,-0.9497124129098697
2024-09-09,AAPL,Apple rallies as it reported record quarterly profit,positive,1.0,0.9535105038108265
2024-09-10,AAPL,"Apple raised its full-year guidance, shares climb",positive,1.0,0.8815839559108798
2024-09-11,AAPL,Apple rallies as it received an analyst upgrade,positive,1.0,0.8954989283305828
2024-09-12,AAPL,Apple revenue in line with expectations,neutral,0.0,-0.0024028393052526326
2024-09-13,AAPL,Analysts turn cautious on Apple after worse-than-expected sales,negative,0.0,-0.918398380927089
2024-09-16,AAPL,Apple drops as it faces a regulatory investigation,negative,-1.0,-0.9500416970082133
2024-09-18,AAPL,Apple rallies as it beat analyst earnings estimates,positive,1.0,0.8870673045993982
2024-09-19,AAPL,Apple rallies as it beat analyst earnings estimates,positive,1.0,0.8870673045993982
2024-09-20,AAPL,Apple drops as it warned of a demand slowdown,negative,-1.0,-0.9533158452008691
2024-09-26,AAPL,Apple shares dropped after announced layoffs amid cost cuts,negative,-1.0,-0.9256581696228253
2024-09-26,AAPL,"Apple beat analyst earnings estimates, shares climb",positive,1.0,0.9018077547412698
2024-09-27,AAPL,Analysts turn bullish on Apple after resilient profit margins,positive,1.0,0.8875605091261689
2024-09-30,AAPL,Analysts turn bullish on Apple after record quarterly earnings,positive,1.0,0.9383150969909279
2024-10-02,AAPL,Apple shares jumped after received an analyst upgrade,positive,1.0,0.8487320288589705
2024-10-03,AAPL,Analysts turn cautious on Apple after troubling guidance,negative,0.0,-0.909010306592988
2024-10-04,AAPL,Analysts turn cautious on Apple after disappointing cash flow,negative,0.0,-0.9034414836401972
2024-10-07,AAPL,"Apple announced layoffs amid cost cuts, shares slide",negative,-1.0,-0.9470307704612175
2024-10-08,AAPL,Apple shares sank after received an analyst downgrade,negative,-1.0,-0.8607072400834562
2024-10-09,AAPL,Apple drops as it missed analyst earnings estimates,negative,-1.0,-0.9282800724279998
2024-10-10,AAPL,Apple shares soared after reported record quarterly profit,positive,1.0,0.9479615183250069
2024-10-15,AAPL,Apple held its annual shareholder meeting,neutral,0.0,-0.004254746938005122
2024-10-17,AAPL,Analysts turn cautious on Apple after disappointing profit margins,negative,1.0,-0.9029343589434161
2024-10-18,AAPL,Apple stock rallied on record quarterly earnings,positive,1.0,0.8718461169873085
2024-10-18,AAPL,Apple shares tumbled after faces a regulatory investigation,negative,-1.0,-0.8876309931249486
2024-10-21,AAPL,Apple drops as it announced layoffs amid cost cuts,negative,-1.0,-0.9497124129098697
2024-10-22,AAPL,"Apple cut its full-year guidance, shares slide",negative,-1.0,-0.9068839458164285
2024-10-23,AAPL,Apple shares trade flat as it maintained its previous guidance,neutral,0.0,-0.001190966356437435
2024-10-25,AAPL,Apple stock soared on record quarterly earnings,positive,1.0,0.8274850144323096
2024-10-25,AAPL,Analysts turn bullish on Apple after better-than-expected quarterly earnings,positive,1.0,0.8843153576594239
2024-10-28,AAPL,"Apple faces a regulatory investigation, shares slide",negative,-1.0,-0.9542716268290757
2024-10-29,AAPL,"Apple unveiled a new product line to strong demand, shares climb",positive,1.0,0.9405566048709926
2024-11-01,AAPL,Apple rallies as it beat analyst earnings estimates,positive,1.0,0.8870673045993982
2024-11-01,AAPL,Apple cash flow in line with expectations,neutral,0.0,-4.367077883756995e-05
2024-11-05,AAPL,Analysts turn bullish on Apple after resilient guidance,positive,1.0,0.903470544031293
2024-11-08,AAPL,Apple to hold investor call on profit margins,neutral,1.0,-0.001970810135893508
2024-11-12,AAPL,Apple guidance in line with expectations,neutral,0.0,0.0008418519205490062
2024-11-14,AAPL,Apple drops as it warned of a demand slowdown,negative,-1.0,-0.9533158452008691
2024-11-14,AAPL,Apple rallies as it unveiled a new product line to strong demand,positive,1.0,0.9321223541141459
2024-11-15,AAPL,Apple drops as it faces a regulatory investigation,negative,-1.0,-0.9500416970082133
2024-11-18,AAPL,Analysts turn cautious on Apple after disappointing quarterly earnings,negative,0.0,-0.9036088415749409
2024-11-21,AAPL,Apple rallies as it announced a share buyback program,positive,1.0,0.9430135782382483
2024-11-22,AAPL,"Apple cut its full-year guidance, shares slide",negative,-1.0,-0.9068839458164285
2024-11-26,AAPL,"Apple announced a change to its board of directors, no major stock reaction",neutral,0.0,-0.0012634772777147668
2024-11-29,AAPL,Apple stock climbed on record profit margins,positive,1.0,0.7622075243500606
2024-12-02,AAPL,Apple stock rallied on robust profit margins,positive,1.0,0.7992958799583536
2024-12-04,AAPL,Apple maintained its previous guidance,neutral,0.0,-0.0026962154186284115
2024-12-06,AAPL,Apple stock slumped on soft sales,negative,-1.0,-0.7884349818669008
2024-12-11,AAPL,Apple stock slumped on disappointing quarterly earnings,negative,-1.0,-0.8527366393505079
2024-12-12,AAPL,"Apple faces a regulatory investigation, shares slide",negative,-1.0,-0.9542716268290757
2024-12-12,AAPL,Analysts turn cautious on Apple after soft sales,negative,0.0,-0.8907212749768579
2024-12-13,AAPL,Analysts turn cautious on Apple after soft sales,negative,0.0,-0.8907212749768579
2024-12-13,AAPL,"Apple received an analyst upgrade, shares climb",positive,1.0,0.9194317067573101
2024-12-16,AAPL,"Apple received an analyst downgrade, shares slide",negative,-1.0,-0.930155327833487
2024-12-18,AAPL,"Apple maintained its previous guidance, no major stock reaction",neutral,0.0,-0.0012635811608409236
2024-12-18,AAPL,Apple stock dropped on soft profit margins,negative,0.0,-0.6948865590511432
2024-12-19,AAPL,Analysts turn cautious on Apple after disappointing quarterly earnings,negative,0.0,-0.9036088415749409
2024-12-26,AAPL,Apple rallies as it unveiled a new product line to strong demand,positive,1.0,0.9321223541141459
2024-12-27,AAPL,Apple stock fell on worse-than-expected cash flow,negative,-1.0,-0.8630939457913442
2024-12-30,AAPL,Apple rallies as it announced a share buyback program,positive,1.0,0.9430135782382483
2024-12-30,AAPL,Apple shares dropped after faces a regulatory investigation,negative,-1.0,-0.9089056675301416
2025-01-02,AAPL,"Apple announced a share buyback program, shares climb",positive,1.0,0.9444069844023288
2025-01-02,AAPL,Apple shares tumbled after received an analyst downgrade,negative,-1.0,-0.8366115719617147
2025-01-03,AAPL,Apple rallies as it unveiled a new product line to strong demand,positive,1.0,0.9321223541141459
2025-01-06,AAPL,Apple rallies as it announced a share buyback program,positive,1.0,0.9430135782382483
2025-01-14,AAPL,Apple rallies as it raised its full-year guidance,positive,1.0,0.9035130049845631
2025-01-15,AAPL,Apple shares climbed after beat analyst earnings estimates,positive,1.0,0.8437077835193046
2025-01-16,AAPL,Apple shares jumped after unveiled a new product line to strong demand,positive,1.0,0.9264370721492453
2025-01-16,AAPL,Apple shares trade flat as it presented at an industry conference,neutral,0.0,-0.0016516250217270111
2025-01-17,AAPL,Apple stock rallied on strong quarterly earnings,positive,1.0,0.8782449137083399
2025-01-29,AAPL,Analysts turn cautious on Apple after soft guidance,negative,0.0,-0.9028775167854168
2025-01-30,AAPL,Analysts turn cautious on Apple after worse-than-expected profit margins,negative,1.0,-0.9017108676163621
2025-01-30,AAPL,Apple shares soared after reported record quarterly profit,positive,1.0,0.9479615183250069
2025-02-03,AAPL,Analysts turn cautious on Apple after worse-than-expected profit margins,negative,1.0,-0.9017108676163621
2025-02-05,AAPL,Analysts turn cautious on Apple after weak quarterly earnings,negative,-1.0,-0.8714858278388277
2025-02-10,AAPL,Analysts turn bullish on Apple after record revenue,positive,1.0,0.8857297951398488
2025-02-11,AAPL,Apple stock dropped on soft cash flow,negative,-1.0,-0.7322454867207899
2025-02-12,AAPL,Apple shares trade flat as it filed its routine quarterly disclosure,neutral,0.0,-0.00037516008560966804
2025-02-12,AAPL,"Apple raised its full-year guidance, shares climb",positive,1.0,0.8815839559108798
2025-02-13,AAPL,"Apple received an analyst upgrade, shares climb",positive,1.0,0.9194317067573101
2025-02-14,AAPL,Analysts turn bullish on Apple after better-than-expected revenue,positive,1.0,0.8917004840080982
2025-02-14,AAPL,Apple profit margins in line with expectations,neutral,1.0,-0.00031615789340857375
2025-02-20,AAPL,"Apple reported record quarterly profit, shares climb",positive,1.0,0.9639572270273129
2025-02-21,AAPL,Apple shares rallied after beat analyst earnings estimates,positive,1.0,0.8730038692379737
2025-02-25,AAPL,Apple drops as it cut its full-year guidance,negative,-1.0,-0.9160228030951157
2025-02-26,AAPL,"Apple will report quarterly results next week, no major stock reaction",neutral,0.0,-0.0002353372193987409
2025-02-27,AAPL,Apple maintained its previous guidance,neutral,0.0,-0.0026962154186284115
2025-02-28,AAPL,Apple quarterly earnings in line with expectations,neutral,0.0,0.003623992959815397
2025-03-03,AAPL,Analysts turn bullish on Apple after strong cash flow,positive,1.0,0.8926135126478504
2025-03-04,AAPL,"Apple held its annual shareholder meeting, no major stock reaction",neutral,0.0,-0.0017966994184378665
2025-03-07,AAPL,"Apple beat analyst earnings estimates, shares climb",positive,1.0,0.9018077547412698
2025-03-12,AAPL,Apple drops as it cut its full-year guidance,negative,-1.0,-0.9160228030951157
2025-03-13,AAPL,Apple rallies as it announced a share buyback program,positive,1.0,0.9430135782382483
2025-03-17,AAPL,Apple drops as it missed analyst earnings estimates,negative,-1.0,-0.9282800724279998
2025-03-18,AAPL,Apple drops as it missed analyst earnings estimates,negative,-1.0,-0.9282800724279998
2025-03-19,AAPL,"Apple reported record quarterly profit, shares climb",positive,1.0,0.9639572270273129
2025-03-20,AAPL,"Apple raised its full-year guidance, shares climb",positive,1.0,0.8815839559108798
2025-03-24,AAPL,Apple filed its routine quarterly disclosure,neutral,0.0,-0.00018095035185527325
2025-03-24,AAPL,Apple shares trade flat as it maintained its previous guidance,neutral,0.0,-0.001190966356437435
2025-03-25,AAPL,Apple shares plunged after cut its full-year guidance,negative,-1.0,-0.8177907360612677
2025-03-27,AAPL,"Apple announced a change to its board of directors, no major stock reaction",neutral,0.0,-0.0012634772777147668
2025-03-31,AAPL,Apple stock fell on weak guidance,negative,-1.0,-0.8396690678679584
2025-04-01,AAPL,Analysts turn cautious on Apple after disappointing sales,negative,0.0,-0.9168949078548874
2025-04-03,AAPL,Apple shares surged after raised its full-year guidance,positive,1.0,0.8174855430914125
2025-04-11,AAPL,Analysts turn cautious on Apple after weak guidance,negative,-1.0,-0.9041681649492826
2025-04-14,AAPL,Apple shares jumped after received an analyst upgrade,positive,1.0,0.8487320288589705
2025-04-21,AAPL,"Apple cut its full-year guidance, shares slide",negative,-1.0,-0.9068839458164285
2025-04-24,AAPL,Apple rallies as it raised its full-year guidance,positive,1.0,0.9035130049845631
2025-04-25,AAPL,Apple revenue in line with expectations,neutral,0.0,-0.0024028393052526326
2025-04-30,AAPL,Apple shares tumbled after faces a regulatory investigation,negative,-1.0,-0.8876309931249486
2025-04-30,AAPL,Apple rallies as it received an analyst upgrade,positive,1.0,0.8954989283305828
2025-05-02,AAPL,Analysts turn bullish on Apple after robust sales,positive,1.0,0.9123980151793691
2025-05-05,AAPL,Apple shares sank after faces a regulatory investigation,negative,-1.0,-0.9103458187504319
2025-05-06,AAPL,Apple to hold investor call on sales,neutral,0.0,-0.001405007607772995
2025-05-06,AAPL,"Apple missed analyst earnings estimates, shares slide",negative,-1.0,-0.892663684220695
2025-05-08,AAPL,Apple stock slumped on soft profit margins,negative,0.0,-0.745227041659999
2025-05-09,AAPL,"Apple received an analyst upgrade, shares climb",positive,1.0,0.9194317067573101
2025-05-12,AAPL,Apple rallies as it reported record quarterly profit,positive,1.0,0.9535105038108265
2025-05-13,AAPL,Apple shares slumped after announced layoffs amid cost cuts,negative,-1.0,-0.9196713366479907
2025-05-13,AAPL,Analysts turn bullish on Apple after resilient cash flow,positive,1.0,0.894447970217462
2025-05-15,AAPL,Apple stock fell on worse-than-expected profit margins,negative,0.0,-0.8529909928664726
2025-05-15,AAPL,Analysts turn cautious on Apple after soft guidance,negative,0.0,-0.9028775167854168
2025-05-16,AAPL,Apple stock slumped on troubling profit margins,negative,0.0,-0.8315883187810754
2025-05-19,AAPL,"Apple beat analyst earnings estimates, shares climb",positive,1.0,0.9018077547412698
2025-05-21,AAPL,Apple shares climbed after reported record quarterly profit,positive,1.0,0.9190089820389669
2025-05-22,AAPL,Apple stock rallied on resilient guidance,positive,1.0,0.7696606540986807
2025-05-28,AAPL,Apple shares surged after unveiled a new product line to strong demand,positive,1.0,0.9077836658036393
2025-05-30,AAPL,Analysts turn bullish on Apple after robust profit margins,positive,1.0,0.8792955094841604
2025-06-02,AAPL,Apple shares plunged after announced layoffs amid cost cuts,negative,-1.0,-0.9029822674137955
2025-06-03,AAPL,Apple shares climbed after beat analyst earnings estimates,positive,1.0,0.8437077835193046
2025-06-04,AAPL,Apple to hold investor call on guidance,neutral,0.0,-0.00056800709211903
2025-06-04,AAPL,Apple stock soared on robust profit margins,positive,1.0,0.7657798824874806
2025-06-06,AAPL,Apple shares soared after unveiled a new product line to strong demand,positive,1.0,0.9195437623115332
2025-06-09,AAPL,Apple drops as it missed analyst earnings estimates,negative,-1.0,-0.9282800724279998
2025-06-10,AAPL,Apple shares advanced after announced a share buyback program,positive,1.0,0.8934046060740447
2025-06-10,AAPL,"Apple announced a change to its board of directors, no major stock reaction",neutral,0.0,-0.0012634772777147668
2025-06-11,AAPL,Analysts turn bullish on Apple after robust profit margins,positive,1.0,0.8792955094841604
2025-06-18,AAPL,Apple stock plunged on weak quarterly earnings,negative,-1.0,-0.6939291084998833
2025-06-20,AAPL,Apple stock jumped on robust sales,positive,1.0,0.8274824700477538
2025-06-20,AAPL,"Apple received an analyst upgrade, shares climb",positive,1.0,0.9194317067573101
2025-06-23,AAPL,Apple to hold investor call on quarterly earnings,neutral,0.0,0.001124136607855708
2025-06-23,AAPL,Apple filed its routine quarterly disclosure,neutral,0.0,-0.00018095035185527325
2025-06-25,AAPL,Apple sales in line with expectations,neutral,0.0,0.0007415139619491619
2025-06-25,AAPL,Apple to hold investor call on guidance,neutral,0.0,-0.00056800709211903
2025-06-26,AAPL,Apple rallies as it reported record quarterly profit,positive,1.0,0.9535105038108265
2025-06-27,AAPL,Apple stock fell on weak revenue,negative,-1.0,-0.873647739966686
2025-06-30,AAPL,Apple will report quarterly results next week,neutral,0.0,0.00014860442515157724
2025-07-02,AAPL,Apple rallies as it unveiled a new product line to strong demand,positive,1.0,0.9321223541141459
2025-07-07,AAPL,Apple shares tumbled after announced layoffs amid cost cuts,negative,-1.0,-0.9142249099385177
2025-07-09,AAPL,Analysts turn cautious on Apple after worse-than-expected cash flow,negative,0.0,-0.9087480428053889
2025-07-11,AAPL,Analysts turn cautious on Apple after soft quarterly earnings,negative,0.0,-0.8633732117550904
2025-07-14,AAPL,"Apple received an analyst downgrade, shares slide",negative,-1.0,-0.930155327833487
2025-07-14,AAPL,Apple drops as it faces a regulatory investigation,negative,-1.0,-0.9500416970082133
2025-07-16,AAPL,Apple revenue in line with expectations,neutral,0.0,-0.0024028393052526326
2025-07-21,AAPL,Apple stock climbed on resilient cash flow,positive,1.0,0.7874311609913249
2025-07-22,AAPL,Apple revenue in line with expectations,neutral,0.0,-0.0024028393052526326
2025-07-24,AAPL,Apple shares fell after faces a regulatory investigation,negative,-1.0,-0.8981358756447909
2025-07-24,AAPL,Apple to hold investor call on revenue,neutral,0.0,-0.0032543503536741902
2025-07-28,AAPL,Apple stock sank on disappointing quarterly earnings,negative,-1.0,-0.7900296049643561
2025-08-01,AAPL,Apple shares trade flat as it held its annual shareholder meeting,neutral,0.0,-0.0018272637120953748
2025-08-04,AAPL,Apple drops as it missed analyst earnings estimates,negative,-1.0,-0.9282800724279998
2025-08-06,AAPL,Apple shares trade flat as it presented at an industry conference,neutral,0.0,-0.0016516250217270111
2025-08-07,AAPL,Apple stock rallied on record profit margins,positive,1.0,0.7707753495966986
2025-08-11,AAPL,Apple shares rallied after raised its full-year guidance,positive,1.0,0.8658458044481174
2025-08-13,AAPL,Analysts turn cautious on Apple after disappointing quarterly earnings,negative,0.0,-0.9036088415749409
2025-08-14,AAPL,Apple shares sank after announced layoffs amid cost cuts,negative,-1.0,-0.920221452594127
2025-08-14,AAPL,Apple stock surged on strong cash flow,positive,1.0,0.8005072908207971
2025-08-15,AAPL,Apple shares surged after announced a share buyback program,positive,1.0,0.8954235562531776
2025-08-18,AAPL,Apple shares plunged after missed analyst earnings estimates,negative,-1.0,-0.8104326870118889
2025-08-19,AAPL,Apple drops as it missed analyst earnings estimates,negative,-1.0,-0.9282800724279998
2025-08-19,AAPL,Apple shares dropped after received an analyst downgrade,negative,-1.0,-0.8858640114967333
2025-08-20,AAPL,"Apple filed its routine quarterly disclosure, no major stock reaction",neutral,0.0,-0.0003834061226050331
2025-08-25,AAPL,Apple drops as it faces a regulatory investigation,negative,-1.0,-0.9500416970082133
2025-08-25,AAPL,Apple cash flow in line with expectations,neutral,0.0,-4.367077883756995e-05
2025-08-27,AAPL,Apple stock sank on disappointing cash flow,negative,-1.0,-0.7942185958605161
2025-08-28,AAPL,Apple profit margins in line with expectations,neutral,1.0,-0.00031615789340857375
2025-09-02,AAPL,Apple to hold investor call on revenue,neutral,0.0,-0.0032543503536741902
2025-09-05,AAPL,Apple drops as it announced layoffs amid cost cuts,negative,-1.0,-0.9497124129098697
2025-09-05,AAPL,Apple shares tumbled after missed analyst earnings estimates,negative,-1.0,-0.855767400849323
2025-09-08,AAPL,Apple filed its routine quarterly disclosure,neutral,0.0,-0.00018095035185527325
2025-09-09,AAPL,Apple rallies as it raised its full-year guidance,positive,1.0,0.9035130049845631
2025-09-12,AAPL,Apple shares surged after unveiled a new product line to strong demand,positive,1.0,0.9077836658036393
2025-09-15,AAPL,"Apple announced a change to its board of directors, no major stock reaction",neutral,0.0,-0.0012634772777147668
2025-09-17,AAPL,Apple stock tumbled on worse-than-expected sales,negative,-1.0,-0.8635742038413857
2025-09-19,AAPL,Apple shares plunged after warned of a demand slowdown,negative,-1.0,-0.8710155603831788
2025-09-23,AAPL,Analysts turn bullish on Apple after robust quarterly earnings,positive,1.0,0.8974604318753573
2025-09-24,AAPL,Apple maintained its previous guidance,neutral,0.0,-0.0026962154186284115
2025-09-26,AAPL,Apple stock climbed on robust guidance,positive,1.0,0.8446418542941113
2025-09-30,AAPL,Analysts turn cautious on Apple after worse-than-expected quarterly earnings,negative,0.0,-0.9023623168696677
2025-10-02,AAPL,Apple shares rallied after received an analyst upgrade,positive,1.0,0.8485046382932053
2025-10-03,AAPL,Apple rallies as it announced a share buyback program,positive,1.0,0.9430135782382483
2025-10-06,AAPL,Apple shares trade flat as it filed its routine quarterly disclosure,neutral,0.0,-0.00037516008560966804
2025-10-07,AAPL,Apple drops as it received an analyst downgrade,negative,-1.0,-0.9438501355840345
2025-10-07,AAPL,Apple maintained its previous guidance,neutral,0.0,-0.0026962154186284115
2025-10-08,AAPL,Apple profit margins in line with expectations,neutral,1.0,-0.00031615789340857375
2025-10-09,AAPL,Apple stock rallied on resilient quarterly earnings,positive,1.0,0.7684802773573652
2025-10-09,AAPL,Apple drops as it cut its full-year guidance,negative,-1.0,-0.9160228030951157
2025-10-15,AAPL,Apple shares slumped after warned of a demand slowdown,negative,-1.0,-0.9015074206952989
2025-10-20,AAPL,"Apple warned of a demand slowdown, shares slide",negative,-1.0,-0.9457543626002491
2025-10-22,AAPL,"Apple received an analyst upgrade, shares climb",positive,1.0,0.9194317067573101
2025-10-22,AAPL,Analysts turn bullish on Apple after robust revenue,positive,1.0,0.8914105279883197
2025-10-27,AAPL,Apple rallies as it beat analyst earnings estimates,positive,1.0,0.8870673045993982
2025-10-28,AAPL,"Apple received an analyst downgrade, shares slide",negative,-1.0,-0.930155327833487
2025-10-31,AAPL,Apple shares rallied after announced a share buyback program,positive,1.0,0.9174232876875601
2025-10-31,AAPL,Apple rallies as it announced a share buyback program,positive,1.0,0.9430135782382483
2025-11-06,AAPL,Apple shares rallied after received an analyst upgrade,positive,1.0,0.8485046382932053
2025-11-07,AAPL,Apple shares trade flat as it maintained its previous guidance,neutral,0.0,-0.001190966356437435
2025-11-07,AAPL,Apple stock climbed on strong revenue,positive,1.0,0.8260914311299281
2025-11-10,AAPL,Analysts turn cautious on Apple after worse-than-expected sales,negative,0.0,-0.918398380927089
2025-11-10,AAPL,Apple rallies as it announced a share buyback program,positive,1.0,0.9430135782382483
2025-11-13,AAPL,Apple stock tumbled on troubling quarterly earnings,negative,-1.0,-0.7858254332204991
2025-11-14,AAPL,Apple rallies as it unveiled a new product line to strong demand,positive,1.0,0.9321223541141459
2025-11-17,AAPL,Apple shares jumped after beat analyst earnings estimates,positive,1.0,0.8608975262234895
2025-11-19,AAPL,Apple drops as it received an analyst downgrade,negative,-1.0,-0.9438501355840345
2025-11-20,AAPL,Apple filed its routine quarterly disclosure,neutral,0.0,-0.00018095035185527325
2025-11-26,AAPL,Apple shares tumbled after missed analyst earnings estimates,negative,-1.0,-0.855767400849323
2025-11-26,AAPL,Analysts turn bullish on Apple after resilient cash flow,positive,1.0,0.894447970217462
2025-11-28,AAPL,Apple shares advanced after raised its full-year guidance,positive,1.0,0.8138748444042204
2025-12-04,AAPL,Analysts turn bullish on Apple after robust guidance,positive,1.0,0.917122241004372
2025-12-08,AAPL,Analysts turn bullish on Apple after better-than-expected cash flow,positive,1.0,0.8747619892349615
2025-12-09,AAPL,"Apple cut its full-year guidance, shares slide",negative,-1.0,-0.9068839458164285
2025-12-09,AAPL,Apple shares sank after faces a regulatory investigation,negative,-1.0,-0.9103458187504319
2025-12-11,AAPL,Apple rallies as it unveiled a new product line to strong demand,positive,1.0,0.9321223541141459
2025-12-16,AAPL,Apple stock fell on disappointing sales,negative,-1.0,-0.8564784556036688
2025-12-16,AAPL,Apple will report quarterly results next week,neutral,0.0,0.00014860442515157724
2025-12-18,AAPL,"Apple beat analyst earnings estimates, shares climb",positive,1.0,0.9018077547412698
2025-12-19,AAPL,"Apple raised its full-year guidance, shares climb",positive,1.0,0.8815839559108798
2025-12-22,AAPL,Analysts turn cautious on Apple after worse-than-expected quarterly earnings,negative,0.0,-0.9023623168696677
2025-12-23,AAPL,Apple stock advanced on robust quarterly earnings,positive,1.0,0.7994608939663947
2025-12-26,AAPL,Apple stock slumped on troubling sales,negative,-1.0,-0.8626886855776711
2025-12-30,AAPL,Apple shares rallied after received an analyst upgrade,positive,1.0,0.8485046382932053
2025-12-31,AAPL,Apple profit margins in line with expectations,neutral,1.0,-0.00031615789340857375
2026-01-05,AAPL,Apple shares advanced after raised its full-year guidance,positive,1.0,0.8138748444042204
2026-01-06,AAPL,Apple shares trade flat as it held its annual shareholder meeting,neutral,0.0,-0.0018272637120953748
2026-01-07,AAPL,Analysts turn bullish on Apple after strong cash flow,positive,1.0,0.8926135126478504
2026-01-12,AAPL,Apple shares climbed after received an analyst upgrade,positive,1.0,0.8535820301122636
2026-01-12,AAPL,Analysts turn bullish on Apple after better-than-expected quarterly earnings,positive,1.0,0.8843153576594239
2026-01-13,AAPL,Analysts turn cautious on Apple after worse-than-expected sales,negative,0.0,-0.918398380927089
2026-01-15,AAPL,"Apple reported record quarterly profit, shares climb",positive,1.0,0.9639572270273129
2026-01-21,AAPL,Apple stock advanced on strong sales,positive,1.0,0.8595592556187528
2026-01-22,AAPL,Apple announced a change to its board of directors,neutral,0.0,-0.0026531798893483644
2026-01-22,AAPL,Apple shares trade flat as it filed its routine quarterly disclosure,neutral,0.0,-0.00037516008560966804
2026-01-26,AAPL,Analysts turn bullish on Apple after record cash flow,positive,1.0,0.8950534139455838
2026-01-28,AAPL,"Apple received an analyst downgrade, shares slide",negative,-1.0,-0.930155327833487
2026-01-29,AAPL,Apple to hold investor call on cash flow,neutral,0.0,-0.0018594071186126895
2026-01-29,AAPL,Apple shares trade flat as it presented at an industry conference,neutral,0.0,-0.0016516250217270111
2026-01-30,AAPL,Apple shares sank after missed analyst earnings estimates,negative,-1.0,-0.8588358415769928
2026-01-30,AAPL,Apple shares soared after received an analyst upgrade,positive,1.0,0.8433666432873027
2026-02-02,AAPL,Apple will report quarterly results next week,neutral,0.0,0.00014860442515157724
2026-02-05,AAPL,Apple stock jumped on resilient quarterly earnings,positive,1.0,0.7399731189132329
2026-02-06,AAPL,Apple drops as it announced layoffs amid cost cuts,negative,-1.0,-0.9497124129098697
2026-02-10,AAPL,Apple drops as it announced layoffs amid cost cuts,negative,-1.0,-0.9497124129098697
2026-02-12,AAPL,"Apple unveiled a new product line to strong demand, shares climb",positive,1.0,0.9405566048709926
2026-02-13,AAPL,"Apple faces a regulatory investigation, shares slide",negative,-1.0,-0.9542716268290757
2026-02-17,AAPL,"Apple cut its full-year guidance, shares slide",negative,-1.0,-0.9068839458164285
2026-02-18,AAPL,Apple stock advanced on better-than-expected cash flow,positive,1.0,0.7977956682920634
2026-02-18,AAPL,"Apple beat analyst earnings estimates, shares climb",positive,1.0,0.9018077547412698
2026-02-19,AAPL,Apple shares plunged after faces a regulatory investigation,negative,-1.0,-0.8884898669949352
2026-02-24,AAPL,Apple stock tumbled on disappointing quarterly earnings,negative,-1.0,-0.8177215039028906
2026-02-25,AAPL,Apple shares rallied after beat analyst earnings estimates,positive,1.0,0.8730038692379737
2026-02-26,AAPL,Apple maintained its previous guidance,neutral,0.0,-0.0026962154186284115
2026-02-27,AAPL,Apple to hold investor call on revenue,neutral,0.0,-0.0032543503536741902
2026-03-03,AAPL,Apple presented at an industry conference,neutral,0.0,-0.004039395793169483
2026-03-04,AAPL,Apple profit margins in line with expectations,neutral,1.0,-0.00031615789340857375
2026-03-06,AAPL,"Apple beat analyst earnings estimates, shares climb",positive,1.0,0.9018077547412698
2026-03-09,AAPL,Apple to hold investor call on cash flow,neutral,0.0,-0.0018594071186126895
2026-03-09,AAPL,Apple stock jumped on strong guidance,positive,1.0,0.8207260980237474
2026-03-10,AAPL,Apple stock plunged on troubling sales,negative,-1.0,-0.7861750804758575
2026-03-12,AAPL,Apple cash flow in line with expectations,neutral,0.0,-4.367077883756995e-05
2026-03-12,AAPL,"Apple held its annual shareholder meeting, no major stock reaction",neutral,0.0,-0.0017966994184378665
2026-03-13,AAPL,Apple drops as it missed analyst earnings estimates,negative,-1.0,-0.9282800724279998
2026-03-16,AAPL,"Apple announced a share buyback program, shares climb",positive,1.0,0.9444069844023288
2026-03-17,AAPL,Apple rallies as it beat analyst earnings estimates,positive,1.0,0.8870673045993982
2026-03-17,AAPL,Apple drops as it faces a regulatory investigation,negative,-1.0,-0.9500416970082133
2026-03-19,AAPL,Analysts turn cautious on Apple after disappointing profit margins,negative,1.0,-0.9029343589434161
2026-03-23,AAPL,Apple shares advanced after beat analyst earnings estimates,positive,1.0,0.8322499413267136
2026-03-24,AAPL,Apple shares surged after announced a share buyback program,positive,1.0,0.8954235562531776
2026-03-24,AAPL,Apple will report quarterly results next week,neutral,0.0,0.00014860442515157724
2026-03-26,AAPL,Apple stock tumbled on worse-than-expected profit margins,negative,0.0,-0.8392269437955495
2026-03-27,AAPL,Analysts turn cautious on Apple after troubling cash flow,negative,0.0,-0.9078191926508233
2026-03-30,AAPL,Apple shares jumped after reported record quarterly profit,positive,1.0,0.9278899589159859
2026-04-06,AAPL,Analysts turn cautious on Apple after soft cash flow,negative,0.0,-0.882095798765045
2026-04-07,AAPL,Apple stock jumped on strong sales,positive,1.0,0.8374457062330929
2026-04-08,AAPL,Apple shares dropped after faces a regulatory investigation,negative,-1.0,-0.9089056675301416
2026-04-08,AAPL,Analysts turn cautious on Apple after weak sales,negative,-1.0,-0.9087606941387552
2026-04-13,AAPL,Analysts turn bullish on Apple after resilient guidance,positive,1.0,0.903470544031293
2026-04-13,AAPL,"Apple cut its full-year guidance, shares slide",negative,-1.0,-0.9068839458164285
2026-04-15,AAPL,"Apple warned of a demand slowdown, shares slide",negative,-1.0,-0.9457543626002491
2026-04-15,AAPL,Apple rallies as it beat analyst earnings estimates,positive,1.0,0.8870673045993982
2026-04-16,AAPL,Apple stock sank on disappointing cash flow,negative,-1.0,-0.7942185958605161
2026-04-17,AAPL,Apple stock rallied on better-than-expected guidance,positive,1.0,0.8436104420000079
2026-04-20,AAPL,Apple will report quarterly results next week,neutral,0.0,0.00014860442515157724
2026-04-24,AAPL,"Apple beat analyst earnings estimates, shares climb",positive,1.0,0.9018077547412698
2026-04-27,AAPL,"Apple announced a share buyback program, shares climb",positive,1.0,0.9444069844023288
2026-04-28,AAPL,Apple drops as it faces a regulatory investigation,negative,-1.0,-0.9500416970082133
2026-04-29,AAPL,Apple stock plunged on soft revenue,negative,-1.0,-0.761494970389323
2026-04-30,AAPL,Apple stock tumbled on soft cash flow,negative,-1.0,-0.7796366379193655
2026-05-01,AAPL,Apple rallies as it announced a share buyback program,positive,1.0,0.9430135782382483
2026-05-04,AAPL,Apple stock soared on better-than-expected profit margins,positive,1.0,0.7410095934145428
2026-05-05,AAPL,Apple drops as it missed analyst earnings estimates,negative,-1.0,-0.9282800724279998
2026-05-06,AAPL,Apple to hold investor call on sales,neutral,0.0,-0.001405007607772995
2026-05-07,AAPL,"Apple warned of a demand slowdown, shares slide",negative,-1.0,-0.9457543626002491
2026-05-13,AAPL,Apple stock jumped on robust cash flow,positive,1.0,0.8044627655506925
2026-05-13,AAPL,"Apple maintained its previous guidance, no major stock reaction",neutral,0.0,-0.0012635811608409236
2026-05-14,AAPL,Apple rallies as it raised its full-year guidance,positive,1.0,0.9035130049845631
2026-05-14,AAPL,Analysts turn bullish on Apple after better-than-expected cash flow,positive,1.0,0.8747619892349615
2026-05-15,AAPL,Apple to hold investor call on quarterly earnings,neutral,0.0,0.001124136607855708
2026-05-18,AAPL,Analysts turn bullish on Apple after better-than-expected quarterly earnings,positive,1.0,0.8843153576594239
2026-05-18,AAPL,Apple stock tumbled on weak profit margins,negative,-0.3333333333333333,-0.8115555524167166
2026-05-21,AAPL,Analysts turn cautious on Apple after weak sales,negative,-1.0,-0.9087606941387552
2026-05-27,AAPL,Apple quarterly earnings in line with expectations,neutral,0.0,0.003623992959815397
2026-05-28,AAPL,"Apple faces a regulatory investigation, shares slide",negative,-1.0,-0.9542716268290757
2026-05-29,AAPL,Apple to hold investor call on guidance,neutral,0.0,-0.00056800709211903
2026-06-01,AAPL,Apple shares trade flat as it maintained its previous guidance,neutral,0.0,-0.001190966356437435
2026-06-02,AAPL,"Apple will report quarterly results next week, no major stock reaction",neutral,0.0,-0.0002353372193987409
2026-06-03,AAPL,"Apple faces a regulatory investigation, shares slide",negative,-1.0,-0.9542716268290757
2026-06-03,AAPL,Apple shares trade flat as it announced a change to its board of directors,neutral,0.0,-0.0011888398453580532
2026-06-08,AAPL,Analysts turn bullish on Apple after record sales,positive,1.0,0.9069077381569794
2026-06-09,AAPL,Apple presented at an industry conference,neutral,0.0,-0.004039395793169483
2026-06-10,AAPL,Apple stock tumbled on worse-than-expected profit margins,negative,0.0,-0.8392269437955495
2026-06-12,AAPL,Apple stock plunged on troubling guidance,negative,-1.0,-0.7677627045759141
2026-06-15,AAPL,Analysts turn bullish on Apple after record revenue,positive,1.0,0.8857297951398488
2026-06-25,AAPL,Apple held its annual shareholder meeting,neutral,0.0,-0.004254746938005122
2026-06-29,AAPL,Apple rallies as it raised its full-year guidance,positive,1.0,0.9035130049845631
2026-06-30,AAPL,"Apple reported record quarterly profit, shares climb",positive,1.0,0.9639572270273129
2026-06-30,AAPL,Apple shares climbed after received an analyst upgrade,positive,1.0,0.8535820301122636
2026-07-01,AAPL,Analysts turn cautious on Apple after troubling revenue,negative,0.0,-0.9235237985644149
2021-07-02,MSFT,Microsoft quarterly earnings in line with expectations,neutral,0.0,0.005079880284413446
2021-07-07,MSFT,"Microsoft announced a share buyback program, shares climb",positive,1.0,0.9512395916030504
2021-07-07,MSFT,Microsoft shares plunged after cut its full-year guidance,negative,-1.0,-0.7863417301624265
2021-07-08,MSFT,Microsoft shares plunged after received an analyst downgrade,negative,-1.0,-0.8006798681916442
2021-07-14,MSFT,Analysts turn bullish on Microsoft after robust cash flow,positive,1.0,0.9095098594702262
2021-07-15,MSFT,Microsoft rallies as it reported record quarterly profit,positive,1.0,0.9587036590909344
2021-07-21,MSFT,Analysts turn cautious on Microsoft after worse-than-expected guidance,negative,0.0,-0.9254095180263086
2021-07-23,MSFT,Analysts turn bullish on Microsoft after better-than-expected sales,positive,1.0,0.9103121266473884
2021-07-27,MSFT,"Microsoft presented at an industry conference, no major stock reaction",neutral,0.0,-0.00043188623034046136
2021-07-28,MSFT,Microsoft stock fell on worse-than-expected cash flow,negative,-1.0,-0.8591492313595043
2021-07-29,MSFT,Microsoft shares tumbled after received an analyst downgrade,negative,-1.0,-0.8107591595382525
2021-08-03,MSFT,Analysts turn bullish on Microsoft after record revenue,positive,1.0,0.8928980103517908
2021-08-03,MSFT,Microsoft rallies as it announced a share buyback program,positive,1.0,0.9490455380417048
2021-08-06,MSFT,"Microsoft filed its routine quarterly disclosure, no major stock reaction",neutral,0.0,0.0006504761388644968
2021-08-12,MSFT,Microsoft stock climbed on strong revenue,positive,1.0,0.8315511026933128
2021-08-16,MSFT,Microsoft stock jumped on robust quarterly earnings,positive,1.0,0.8096038694466198
2021-08-17,MSFT,"Microsoft announced a share buyback program, shares climb",positive,1.0,0.9512395916030504
2021-08-19,MSFT,Microsoft stock plunged on disappointing sales,negative,-1.0,-0.7964749080813485
2021-08-24,MSFT,Microsoft drops as it warned of a demand slowdown,negative,-1.0,-0.9431989895603899
2021-08-30,MSFT,Microsoft shares tumbled after announced layoffs amid cost cuts,negative,-1.0,-0.9036095768364794
2021-09-01,MSFT,Microsoft to hold investor call on guidance,neutral,0.0,0.0005390898643303586
2021-09-02,MSFT,"Microsoft announced layoffs amid cost cuts, shares slide",negative,-1.0,-0.9450904811969858
2021-09-08,MSFT,Microsoft shares advanced after reported record quarterly profit,positive,1.0,0.9326544526476163
2021-09-09,MSFT,"Microsoft missed analyst earnings estimates, shares slide",negative,-1.0,-0.9001358536729643
2021-09-13,MSFT,Microsoft stock slumped on disappointing sales,negative,-1.0,-0.8680734821446208
2021-09-15,MSFT,Microsoft rallies as it unveiled a new product line to strong demand,positive,1.0,0.9375511222849942
2021-09-28,MSFT,Microsoft stock sank on soft guidance,negative,-1.0,-0.7984039351176622
2021-09-30,MSFT,Analysts turn bullish on Microsoft after record quarterly earnings,positive,1.0,0.942608495993481
2021-10-04,MSFT,"Microsoft raised its full-year guidance, shares climb",positive,1.0,0.9082557214788929
2021-10-04,MSFT,Microsoft rallies as it announced a share buyback program,positive,1.0,0.9490455380417048
2021-10-11,MSFT,Microsoft shares dropped after warned of a demand slowdown,negative,-1.0,-0.8995453659414333
2021-10-12,MSFT,"Microsoft cut its full-year guidance, shares slide",negative,-1.0,-0.8964579875253385
2021-10-13,MSFT,Microsoft stock soared on record guidance,positive,1.0,0.7678736007809731
2021-10-20,MSFT,"Microsoft unveiled a new product line to strong demand, shares climb",positive,1.0,0.9402317416563803
2021-10-21,MSFT,Microsoft rallies as it reported record quarterly profit,positive,1.0,0.9587036590909344
2021-10-22,MSFT,Analysts turn cautious on Microsoft after disappointing quarterly earnings,negative,0.0,-0.9106176787957758
2021-10-25,MSFT,Microsoft shares soared after beat analyst earnings estimates,positive,1.0,0.8692345574926263
2021-10-25,MSFT,"Microsoft reported record quarterly profit, shares climb",positive,1.0,0.9599448491286059
2021-10-28,MSFT,Microsoft stock rallied on record profit margins,positive,1.0,0.7770585331376471
2021-10-29,MSFT,Microsoft maintained its previous guidance,neutral,0.0,0.0009874053800099786
2021-11-01,MSFT,Microsoft profit margins in line with expectations,neutral,1.0,0.0021587447277013547
2021-11-03,MSFT,Analysts turn bullish on Microsoft after record profit margins,positive,1.0,0.883966825700888
2021-11-09,MSFT,Analysts turn bullish on Microsoft after better-than-expected revenue,positive,1.0,0.9140446185830462
2021-11-12,MSFT,Microsoft drops as it received an analyst downgrade,negative,-1.0,-0.9305147911120506
2021-11-18,MSFT,Microsoft stock sank on soft cash flow,negative,-1.0,-0.7705044082435978
2021-11-19,MSFT,"Microsoft announced a change to its board of directors, no major stock reaction",neutral,0.0,0.0003651673454614854
2021-11-19,MSFT,"Microsoft reported record quarterly profit, shares climb",positive,1.0,0.9599448491286059
2021-11-22,MSFT,Microsoft stock dropped on soft quarterly earnings,negative,-1.0,-0.6867154443478325
2021-11-24,MSFT,Analysts turn cautious on Microsoft after troubling sales,negative,0.0,-0.9056356623517137
2021-12-01,MSFT,Microsoft stock climbed on strong guidance,positive,1.0,0.8518108298006477
2021-12-02,MSFT,Microsoft shares slumped after faces a regulatory investigation,negative,-1.0,-0.9080243724636293
2021-12-10,MSFT,"Microsoft announced a change to its board of directors, no major stock reaction",neutral,0.0,0.0003651673454614854
2021-12-14,MSFT,Microsoft shares tumbled after warned of a demand slowdown,negative,-1.0,-0.8598129187192649
2021-12-15,MSFT,Analysts turn cautious on Microsoft after worse-than-expected quarterly earnings,negative,0.0,-0.9241868020402354
2021-12-16,MSFT,Analysts turn bullish on Microsoft after record sales,positive,1.0,0.9130652900650433
2021-12-17,MSFT,Microsoft to hold investor call on profit margins,neutral,1.0,-0.0002579097062262656
2021-12-23,MSFT,Microsoft presented at an industry conference,neutral,0.0,-0.0004968730979223179
2021-12-28,MSFT,Microsoft stock plunged on soft cash flow,negative,-1.0,-0.7334660241711536
2021-12-28,MSFT,Microsoft revenue in line with expectations,neutral,0.0,-1.3279232391562312e-05
2021-12-29,MSFT,Microsoft shares plunged after cut its full-year guidance,negative,-1.0,-0.7863417301624265
2021-12-30,MSFT,Microsoft stock plunged on disappointing revenue,negative,-1.0,-0.8229552311477671
2021-12-31,MSFT,Microsoft drops as it received an analyst downgrade,negative,-1.0,-0.9305147911120506
2022-01-05,MSFT,Microsoft maintained its previous guidance,neutral,0.0,0.0009874053800099786
2022-01-05,MSFT,Analysts turn cautious on Microsoft after worse-than-expected revenue,negative,0.0,-0.9387309215516985
2022-01-06,MSFT,"Microsoft warned of a demand slowdown, shares slide",negative,-1.0,-0.938287810510527
2022-01-07,MSFT,Analysts turn bullish on Microsoft after resilient revenue,positive,1.0,0.9123600799091093
2022-01-10,MSFT,"Microsoft announced a share buyback program, shares climb",positive,1.0,0.9512395916030504
2022-01-11,MSFT,Microsoft drops as it received an analyst downgrade,negative,-1.0,-0.9305147911120506
2022-01-11,MSFT,"Microsoft reported record quarterly profit, shares climb",positive,1.0,0.9599448491286059
2022-01-14,MSFT,Microsoft shares jumped after reported record quarterly profit,positive,1.0,0.9387491859106811
2022-01-21,MSFT,Microsoft drops as it received an analyst downgrade,negative,-1.0,-0.9305147911120506
2022-01-21,MSFT,Microsoft drops as it announced layoffs amid cost cuts,negative,-1.0,-0.9417293143559937
2022-01-26,MSFT,Microsoft shares trade flat as it will report quarterly results next week,neutral,0.0,0.0025377794829994447
2022-01-28,MSFT,Microsoft drops as it faces a regulatory investigation,negative,-1.0,-0.9398217588330752
2022-01-28,MSFT,"Microsoft unveiled a new product line to strong demand, shares climb",positive,1.0,0.9402317416563803
2022-01-31,MSFT,Microsoft stock fell on weak guidance,negative,-1.0,-0.834602000299872
2022-02-01,MSFT,Microsoft filed its routine quarterly disclosure,neutral,0.0,0.0024474162541893094
2022-02-01,MSFT,Microsoft stock climbed on strong profit margins,positive,1.0,0.8076823278802489
2022-02-02,MSFT,Microsoft stock dropped on soft profit margins,negative,0.0,-0.6871361812088269
2022-02-03,MSFT,"Microsoft beat analyst earnings estimates, shares climb",positive,1.0,0.8939149390986564
2022-02-03,MSFT,Microsoft revenue in line with expectations,neutral,0.0,-1.3279232391562312e-05
2022-02-07,MSFT,Analysts turn cautious on Microsoft after weak revenue,negative,-1.0,-0.9134993313243481
2022-02-07,MSFT,Analysts turn cautious on Microsoft after weak sales,negative,-1.0,-0.8954947571019461
2022-02-08,MSFT,Microsoft to hold investor call on cash flow,neutral,0.0,-5.2315254429197156e-05
2022-02-08,MSFT,Microsoft stock soared on better-than-expected quarterly earnings,positive,1.0,0.7681733125007686
2022-02-10,MSFT,Microsoft stock rallied on record profit margins,positive,1.0,0.7770585331376471
2022-02-11,MSFT,Microsoft drops as it cut its full-year guidance,negative,-1.0,-0.8985587535583585
2022-02-11,MSFT,"Microsoft warned of a demand slowdown, shares slide",negative,-1.0,-0.938287810510527
2022-02-14,MSFT,Analysts turn bullish on Microsoft after better-than-expected sales,positive,1.0,0.9103121266473884
2022-02-15,MSFT,"Microsoft missed analyst earnings estimates, shares slide",negative,-1.0,-0.9001358536729643
2022-02-16,MSFT,Microsoft drops as it missed analyst earnings estimates,negative,-1.0,-0.9136105866647273
2022-02-22,MSFT,Analysts turn cautious on Microsoft after soft cash flow,negative,0.0,-0.8689278209103971
2022-02-28,MSFT,"Microsoft unveiled a new product line to strong demand, shares climb",positive,1.0,0.9402317416563803
2022-03-03,MSFT,"Microsoft received an analyst downgrade, shares slide",negative,-1.0,-0.9328803544313999
2022-03-03,MSFT,"Microsoft cut its full-year guidance, shares slide",negative,-1.0,-0.8964579875253385
2022-03-07,MSFT,"Microsoft faces a regulatory investigation, shares slide",negative,-1.0,-0.9551445813348404
2022-03-08,MSFT,Analysts turn bullish on Microsoft after robust quarterly earnings,positive,1.0,0.9096493132626392
2022-03-11,MSFT,Microsoft stock climbed on better-than-expected guidance,positive,1.0,0.8403848503084088
2022-03-14,MSFT,"Microsoft raised its full-year guidance, shares climb",positive,1.0,0.9082557214788929
2022-03-16,MSFT,Microsoft rallies as it raised its full-year guidance,positive,1.0,0.9148809428518899
2022-03-17,MSFT,Microsoft stock climbed on robust sales,positive,1.0,0.8427036554939017
2022-03-17,MSFT,Microsoft shares fell after faces a regulatory investigation,negative,-1.0,-0.8839653171917728
2022-03-18,MSFT,Analysts turn cautious on Microsoft after soft quarterly earnings,negative,0.0,-0.8484211924935958
2022-03-21,MSFT,"Microsoft announced layoffs amid cost cuts, shares slide",negative,-1.0,-0.9450904811969858
2022-03-22,MSFT,"Microsoft announced layoffs amid cost cuts, shares slide",negative,-1.0,-0.9450904811969858
2022-03-23,MSFT,Analysts turn bullish on Microsoft after better-than-expected cash flow,positive,1.0,0.8986474975513075
2022-03-24,MSFT,Microsoft stock sank on soft quarterly earnings,negative,-1.0,-0.7366396357132228
2022-03-24,MSFT,Analysts turn cautious on Microsoft after worse-than-expected quarterly earnings,negative,0.0,-0.9241868020402354
2022-03-28,MSFT,Microsoft shares surged after unveiled a new product line to strong demand,positive,1.0,0.9188004600469326
2022-03-29,MSFT,"Microsoft missed analyst earnings estimates, shares slide",negative,-1.0,-0.9001358536729643
2022-03-30,MSFT,Microsoft stock rallied on better-than-expected sales,positive,1.0,0.8181613528845504
2022-03-31,MSFT,Microsoft stock jumped on record revenue,positive,1.0,0.7741065422928475
2022-04-01,MSFT,Microsoft will report quarterly results next week,neutral,0.0,0.0030203307834693535
2022-04-04,MSFT,"Microsoft will report quarterly results next week, no major stock reaction",neutral,0.0,0.0007598423604889756
2022-04-07,MSFT,Analysts turn cautious on Microsoft after disappointing guidance,negative,0.0,-0.9197990080053821
2022-04-12,MSFT,Microsoft stock sank on weak cash flow,negative,-1.0,-0.7475156243948401
2022-04-13,MSFT,Microsoft drops as it cut its full-year guidance,negative,-1.0,-0.8985587535583585
2022-04-14,MSFT,Microsoft shares climbed after received an analyst upgrade,positive,1.0,0.8803257035554891
2022-04-19,MSFT,Microsoft drops as it warned of a demand slowdown,negative,-1.0,-0.9431989895603899
2022-04-22,MSFT,Microsoft shares trade flat as it will report quarterly results next week,neutral,0.0,0.0025377794829994447
2022-04-22,MSFT,"Microsoft maintained its previous guidance, no major stock reaction",neutral,0.0,-3.194907159041749e-05
2022-04-27,MSFT,Microsoft drops as it warned of a demand slowdown,negative,-1.0,-0.9431989895603899
2022-04-27,MSFT,Microsoft stock surged on record cash flow,positive,1.0,0.8081300061812194
2022-04-28,MSFT,Analysts turn bullish on Microsoft after better-than-expected cash flow,positive,1.0,0.8986474975513075
2022-05-02,MSFT,Microsoft stock sank on disappointing quarterly earnings,negative,-1.0,-0.7840089598103914
2022-05-06,MSFT,"Microsoft unveiled a new product line to strong demand, shares climb",positive,1.0,0.9402317416563803
2022-05-06,MSFT,"Microsoft maintained its previous guidance, no major stock reaction",neutral,0.0,-3.194907159041749e-05
2022-05-09,MSFT,Microsoft rallies as it raised its full-year guidance,positive,1.0,0.9148809428518899
2022-05-10,MSFT,Microsoft rallies as it beat analyst earnings estimates,positive,1.0,0.8995451194443781
2022-05-11,MSFT,Microsoft shares dropped after announced layoffs amid cost cuts,negative,-1.0,-0.9164094850717621
2022-05-17,MSFT,"Microsoft received an analyst upgrade, shares climb",positive,1.0,0.9278534444613776
2022-05-18,MSFT,Microsoft shares dropped after warned of a demand slowdown,negative,-1.0,-0.8995453659414333
2022-05-19,MSFT,"Microsoft beat analyst earnings estimates, shares climb",positive,1.0,0.8939149390986564
2022-05-19,MSFT,Microsoft shares plunged after cut its full-year guidance,negative,-1.0,-0.7863417301624265
2022-05-25,MSFT,Microsoft stock tumbled on weak cash flow,negative,-1.0,-0.7583371060213296
2022-05-27,MSFT,Microsoft stock rallied on record profit margins,positive,1.0,0.7770585331376471
2022-06-03,MSFT,Analysts turn bullish on Microsoft after resilient profit margins,positive,1.0,0.8836337849705957
2022-06-06,MSFT,Microsoft drops as it cut its full-year guidance,negative,-1.0,-0.8985587535583585
2022-06-07,MSFT,Analysts turn cautious on Microsoft after troubling cash flow,negative,0.0,-0.8967102190216045
2022-06-13,MSFT,Microsoft shares dropped after warned of a demand slowdown,negative,-1.0,-0.8995453659414333
2022-06-15,MSFT,Microsoft drops as it cut its full-year guidance,negative,-1.0,-0.8985587535583585
2022-06-15,MSFT,Microsoft shares slumped after cut its full-year guidance,negative,-1.0,-0.8453767410717469
2022-06-21,MSFT,Microsoft shares surged after reported record quarterly profit,positive,1.0,0.9249230488676075
2022-06-22,MSFT,Microsoft stock jumped on resilient revenue,positive,1.0,0.7738090373275596
2022-06-23,MSFT,"Microsoft announced layoffs amid cost cuts, shares slide",negative,-1.0,-0.9450904811969858
2022-06-27,MSFT,"Microsoft will report quarterly results next week, no major stock reaction",neutral,0.0,0.0007598423604889756
2022-07-01,MSFT,Microsoft maintained its previous guidance,neutral,0.0,0.0009874053800099786
2022-07-06,MSFT,Microsoft to hold investor call on sales,neutral,0.0,0.0002671095851795417
2022-07-11,MSFT,"Microsoft received an analyst upgrade, shares climb",positive,1.0,0.9278534444613776
2022-07-12,MSFT,"Microsoft received an analyst upgrade, shares climb",positive,1.0,0.9278534444613776
2022-07-12,MSFT,Analysts turn bullish on Microsoft after record profit margins,positive,1.0,0.883966825700888
2022-07-13,MSFT,Microsoft shares trade flat as it filed its routine quarterly disclosure,neutral,0.0,0.002076922150123643
2022-07-14,MSFT,Microsoft announced a change to its board of directors,neutral,0.0,0.0017527311095111367
2022-07-15,MSFT,Microsoft shares trade flat as it presented at an industry conference,neutral,0.0,0.0013176038346309222
2022-07-18,MSFT,Microsoft stock slumped on troubling profit margins,negative,0.0,-0.8266173970468667
2022-07-20,MSFT,Microsoft stock slumped on troubling quarterly earnings,negative,-1.0,-0.8069743411546685
2022-07-21,MSFT,Microsoft shares climbed after unveiled a new product line to strong demand,positive,1.0,0.9259396041957131
2022-07-22,MSFT,Microsoft stock sank on troubling cash flow,negative,-1.0,-0.8279939242977487
2022-07-25,MSFT,Microsoft stock sank on disappointing revenue,negative,-1.0,-0.8319460768097733
2022-07-26,MSFT,Microsoft revenue in line with expectations,neutral,0.0,-1.3279232391562312e-05
2022-07-27,MSFT,Microsoft drops as it faces a regulatory investigation,negative,-1.0,-0.9398217588330752
2022-07-28,MSFT,Microsoft will report quarterly results next week,neutral,0.0,0.0030203307834693535
2022-07-29,MSFT,Microsoft stock climbed on resilient quarterly earnings,positive,1.0,0.798072923123595
2022-08-02,MSFT,"Microsoft presented at an industry conference, no major stock reaction",neutral,0.0,-0.00043188623034046136
2022-08-04,MSFT,Microsoft shares dropped after faces a regulatory investigation,negative,-1.0,-0.8960003548197577
2022-08-08,MSFT,Analysts turn cautious on Microsoft after worse-than-expected revenue,negative,0.0,-0.9387309215516985
2022-08-10,MSFT,Microsoft shares fell after faces a regulatory investigation,negative,-1.0,-0.8839653171917728
2022-08-11,MSFT,Microsoft to hold investor call on cash flow,neutral,0.0,-5.2315254429197156e-05
2022-08-12,MSFT,Microsoft rallies as it unveiled a new product line to strong demand,positive,1.0,0.9375511222849942
2022-08-16,MSFT,Microsoft sales in line with expectations,neutral,0.0,0.0030045366287297544
2022-08-17,MSFT,Microsoft to hold investor call on quarterly earnings,neutral,0.0,0.0022777295840900134
2022-08-18,MSFT,Analysts turn bullish on Microsoft after better-than-expected cash flow,positive,1.0,0.8986474975513075
2022-08-19,MSFT,Microsoft cash flow in line with expectations,neutral,0.0,0.002017758738677926
2022-08-19,MSFT,Microsoft stock sank on troubling cash flow,negative,-1.0,-0.8279939242977487
2022-08-22,MSFT,"Microsoft received an analyst downgrade, shares slide",negative,-1.0,-0.9328803544313999
2022-08-26,MSFT,Microsoft rallies as it raised its full-year guidance,positive,1.0,0.9148809428518899
2022-08-29,MSFT,Analysts turn cautious on Microsoft after soft revenue,negative,0.0,-0.8818239435832834
2022-08-30,MSFT,Analysts turn bullish on Microsoft after better-than-expected revenue,positive,1.0,0.9140446185830462
2022-09-08,MSFT,Analysts turn cautious on Microsoft after worse-than-expected guidance,negative,0.0,-0.9254095180263086
2022-09-09,MSFT,Microsoft stock tumbled on disappointing cash flow,negative,-1.0,-0.8154143410843153
2022-09-13,MSFT,"Microsoft unveiled a new product line to strong demand, shares climb",positive,1.0,0.9402317416563803
2022-09-13,MSFT,"Microsoft unveiled a new product line to strong demand, shares climb",positive,1.0,0.9402317416563803
2022-09-14,MSFT,Microsoft guidance in line with expectations,neutral,0.0,0.002944639034825218
2022-09-19,MSFT,Microsoft stock surged on better-than-expected revenue,positive,1.0,0.8083948662949776
2022-09-20,MSFT,"Microsoft raised its full-year guidance, shares climb",positive,1.0,0.9082557214788929
2022-09-22,MSFT,Microsoft shares rallied after reported record quarterly profit,positive,1.0,0.9512297091814929
2022-09-22,MSFT,Microsoft shares jumped after announced a share buyback program,positive,1.0,0.9249977682534516
2022-09-23,MSFT,"Microsoft announced layoffs amid cost cuts, shares slide",negative,-1.0,-0.9450904811969858
2022-09-26,MSFT,Microsoft rallies as it beat analyst earnings estimates,positive,1.0,0.8995451194443781
2022-09-26,MSFT,Microsoft stock plunged on weak sales,negative,-1.0,-0.7572138249009462
2022-09-27,MSFT,Microsoft stock tumbled on troubling guidance,negative,-1.0,-0.8197135205126771
2022-09-28,MSFT,Microsoft held its annual shareholder meeting,neutral,0.0,-0.0012353831340342972
2022-09-29,MSFT,Microsoft rallies as it beat analyst earnings estimates,positive,1.0,0.8995451194443781
2022-10-06,MSFT,Microsoft shares climbed after unveiled a new product line to strong demand,positive,1.0,0.9259396041957131
2022-10-06,MSFT,Microsoft profit margins in line with expectations,neutral,1.0,0.0021587447277013547
2022-10-12,MSFT,Microsoft stock rallied on record guidance,positive,1.0,0.8240730797863924
2022-10-13,MSFT,Microsoft shares tumbled after missed analyst earnings estimates,negative,-1.0,-0.8298719010052001
2022-10-13,MSFT,Analysts turn bullish on Microsoft after record revenue,positive,1.0,0.8928980103517908
2022-10-17,MSFT,Microsoft rallies as it received an analyst upgrade,positive,1.0,0.908189682239063
2022-10-19,MSFT,Analysts turn cautious on Microsoft after worse-than-expected guidance,negative,0.0,-0.9254095180263086
2022-10-20,MSFT,Microsoft shares fell after announced layoffs amid cost cuts,negative,-1.0,-0.9237567004584316
2022-10-24,MSFT,"Microsoft reported record quarterly profit, shares climb",positive,1.0,0.9599448491286059
2022-10-25,MSFT,Microsoft shares tumbled after received an analyst downgrade,negative,-1.0,-0.8107591595382525
2022-10-26,MSFT,Microsoft shares rallied after reported record quarterly profit,positive,1.0,0.9512297091814929
2022-10-28,MSFT,"Microsoft unveiled a new product line to strong demand, shares climb",positive,1.0,0.9402317416563803
2022-10-28,MSFT,"Microsoft beat analyst earnings estimates, shares climb",positive,1.0,0.8939149390986564
2022-10-31,MSFT,Microsoft stock jumped on strong profit margins,positive,1.0,0.7797168452533462
2022-11-02,MSFT,Microsoft drops as it announced layoffs amid cost cuts,negative,-1.0,-0.9417293143559937
2022-11-03,MSFT,Analysts turn cautious on Microsoft after disappointing sales,negative,0.0,-0.9235873551895661
2022-11-04,MSFT,Analysts turn cautious on Microsoft after worse-than-expected guidance,negative,0.0,-0.9254095180263086
2022-11-07,MSFT,Microsoft drops as it missed analyst earnings estimates,negative,-1.0,-0.9136105866647273
2022-11-09,MSFT,Microsoft stock jumped on strong revenue,positive,1.0,0.8042265084785051
2022-11-14,MSFT,Analysts turn bullish on Microsoft after better-than-expected profit margins,positive,1.0,0.8946960474191855
2022-11-16,MSFT,Microsoft drops as it received an analyst downgrade,negative,-1.0,-0.9305147911120506
2022-11-18,MSFT,Analysts turn bullish on Microsoft after better-than-expected quarterly earnings,positive,1.0,0.906846370994817
2022-11-21,MSFT,Microsoft shares plunged after received an analyst downgrade,negative,-1.0,-0.8006798681916442
2022-11-23,MSFT,Microsoft rallies as it reported record quarterly profit,positive,1.0,0.9587036590909344
2022-11-25,MSFT,Microsoft stock advanced on resilient revenue,positive,1.0,0.7878277007802374
2022-11-28,MSFT,Microsoft stock dropped on weak profit margins,negative,-0.3333333333333333,-0.7817066900626355
2022-11-28,MSFT,"Microsoft beat analyst earnings estimates, shares climb",positive,1.0,0.8939149390986564
2022-11-29,MSFT,"Microsoft filed its routine quarterly disclosure, no major stock reaction",neutral,0.0,0.0006504761388644968
2022-11-30,MSFT,Microsoft stock jumped on better-than-expected guidance,positive,1.0,0.8499445390933346
2022-11-30,MSFT,Analysts turn cautious on Microsoft after soft profit margins,negative,1.0,-0.8460613151256661
2022-12-01,MSFT,"Microsoft raised its full-year guidance, shares climb",positive,1.0,0.9082557214788929
2022-12-05,MSFT,Microsoft shares trade flat as it maintained its previous guidance,neutral,0.0,0.0018093301091885537
2022-12-05,MSFT,Microsoft stock plunged on disappointing revenue,negative,-1.0,-0.8229552311477671
2022-12-07,MSFT,Microsoft stock climbed on strong profit margins,positive,1.0,0.8076823278802489
2022-12-09,MSFT,"Microsoft announced a change to its board of directors, no major stock reaction",neutral,0.0,0.0003651673454614854
2022-12-21,MSFT,"Microsoft beat analyst earnings estimates, shares climb",positive,1.0,0.8939149390986564
2022-12-22,MSFT,Microsoft rallies as it raised its full-year guidance,positive,1.0,0.9148809428518899
2022-12-23,MSFT,Microsoft rallies as it announced a share buyback program,positive,1.0,0.9490455380417048
2022-12-27,MSFT,Microsoft stock surged on better-than-expected guidance,positive,1.0,0.8337287563787514
2022-12-27,MSFT,Microsoft presented at an industry conference,neutral,0.0,-0.0004968730979223179
2022-12-28,MSFT,Microsoft shares dropped after missed analyst earnings estimates,negative,-1.0,-0.8559706088158379
2022-12-28,MSFT,Microsoft stock fell on soft cash flow,negative,-1.0,-0.7608593832652415
2023-01-03,MSFT,"Microsoft faces a regulatory investigation, shares slide",negative,-1.0,-0.9551445813348404
2023-01-04,MSFT,Microsoft stock surged on robust quarterly earnings,positive,1.0,0.8131827553039869
2023-01-05,MSFT,Analysts turn bullish on Microsoft after resilient revenue,positive,1.0,0.9123600799091093
2023-01-05,MSFT,Microsoft shares climbed after beat analyst earnings estimates,positive,1.0,0.8676335789829392
2023-01-09,MSFT,Microsoft shares dropped after cut its full-year guidance,negative,-1.0,-0.8020208847783354
2023-01-10,MSFT,Microsoft stock slumped on weak sales,negative,-1.0,-0.8522473033531678
2023-01-10,MSFT,"Microsoft unveiled a new product line to strong demand, shares climb",positive,1.0,0.9402317416563803
2023-01-11,MSFT,"Microsoft maintained its previous guidance, no major stock reaction",neutral,0.0,-3.194907159041749e-05
2023-01-11,MSFT,"Microsoft received an analyst upgrade, shares climb",positive,1.0,0.9278534444613776
2023-01-13,MSFT,Microsoft stock surged on better-than-expected guidance,positive,1.0,0.8337287563787514
2023-01-17,MSFT,Microsoft shares trade flat as it announced a change to its board of directors,neutral,0.0,0.0016460063136443815
2023-01-18,MSFT,Analysts turn bullish on Microsoft after robust profit margins,positive,1.0,0.8929053190286087
2023-01-20,MSFT,Microsoft shares jumped after received an analyst upgrade,positive,1.0,0.8733655962542144
2023-01-23,MSFT,Analysts turn cautious on Microsoft after worse-than-expected sales,negative,0.0,-0.9391868363922578
2023-01-27,MSFT,Analysts turn bullish on Microsoft after record sales,positive,1.0,0.9130652900650433
2023-01-30,MSFT,"Microsoft reported record quarterly profit, shares climb",positive,1.0,0.9599448491286059
2023-01-30,MSFT,Microsoft shares trade flat as it held its annual shareholder meeting,neutral,0.0,0.0009897905382276265
2023-02-01,MSFT,Microsoft shares plunged after announced layoffs amid cost cuts,negative,-1.0,-0.8912277931776406
2023-02-02,MSFT,"Microsoft warned of a demand slowdown, shares slide",negative,-1.0,-0.938287810510527
2023-02-08,MSFT,Microsoft stock rallied on better-than-expected revenue,positive,1.0,0.8242488438993745
2023-02-13,MSFT,"Microsoft warned of a demand slowdown, shares slide",negative,-1.0,-0.938287810510527
2023-02-15,MSFT,Microsoft to hold investor call on sales,neutral,0.0,0.0002671095851795417
2023-02-16,MSFT,"Microsoft announced layoffs amid cost cuts, shares slide",negative,-1.0,-0.9450904811969858
2023-02-17,MSFT,"Microsoft announced layoffs amid cost cuts, shares slide",negative,-1.0,-0.9450904811969858
2023-02-17,MSFT,Microsoft stock dropped on weak profit margins,negative,-0.3333333333333333,-0.7817066900626355
2023-02-21,MSFT,Microsoft drops as it received an analyst downgrade,negative,-1.0,-0.9305147911120506
2023-02-22,MSFT,Analysts turn cautious on Microsoft after disappointing sales,negative,0.0,-0.9235873551895661
2023-02-24,MSFT,Microsoft rallies as it unveiled a new product line to strong demand,positive,1.0,0.9375511222849942
2023-02-28,MSFT,Microsoft shares trade flat as it announced a change to its board of directors,neutral,0.0,0.0016460063136443815
2023-02-28,MSFT,"Microsoft announced a change to its board of directors, no major stock reaction",neutral,0.0,0.0003651673454614854
2023-03-06,MSFT,Microsoft stock dropped on worse-than-expected guidance,negative,-1.0,-0.8022855691709307
2023-03-08,MSFT,Microsoft shares trade flat as it maintained its previous guidance,neutral,0.0,0.0018093301091885537
2023-03-09,MSFT,Microsoft rallies as it announced a share buyback program,positive,1.0,0.9490455380417048
2023-03-10,MSFT,Microsoft presented at an industry conference,neutral,0.0,-0.0004968730979223179
2023-03-17,MSFT,Microsoft rallies as it raised its full-year guidance,positive,1.0,0.9148809428518899
2023-03-21,MSFT,Microsoft announced a change to its board of directors,neutral,0.0,0.0017527311095111367
2023-03-22,MSFT,"Microsoft announced layoffs amid cost cuts, shares slide",negative,-1.0,-0.9450904811969858
2023-03-24,MSFT,Microsoft maintained its previous guidance,neutral,0.0,0.0009874053800099786
2023-03-27,MSFT,Microsoft rallies as it beat analyst earnings estimates,positive,1.0,0.8995451194443781
2023-03-27,MSFT,Microsoft shares soared after announced a share buyback program,positive,1.0,0.9282691559190289
2023-03-28,MSFT,Microsoft shares trade flat as it will report quarterly results next week,neutral,0.0,0.0025377794829994447
2023-03-29,MSFT,Analysts turn cautious on Microsoft after weak quarterly earnings,negative,-1.0,-0.8550240359117378
2023-03-30,MSFT,"Microsoft maintained its previous guidance, no major stock reaction",neutral,0.0,-3.194907159041749e-05
2023-04-04,MSFT,Microsoft shares dropped after warned of a demand slowdown,negative,-1.0,-0.8995453659414333
2023-04-11,MSFT,Microsoft to hold investor call on profit margins,neutral,1.0,-0.0002579097062262656
2023-04-14,MSFT,Analysts turn bullish on Microsoft after better-than-expected quarterly earnings,positive,1.0,0.906846370994817
2023-04-18,MSFT,Microsoft shares sank after faces a regulatory investigation,negative,-1.0,-0.897561051390166
2023-04-24,MSFT,Analysts turn cautious on Microsoft after weak guidance,negative,-1.0,-0.8902337512558024
2023-04-26,MSFT,Microsoft rallies as it beat analyst earnings estimates,positive,1.0,0.8995451194443781
2023-05-01,MSFT,Microsoft rallies as it raised its full-year guidance,positive,1.0,0.9148809428518899
2023-05-02,MSFT,Analysts turn cautious on Microsoft after troubling guidance,negative,0.0,-0.8972550729721898
2023-05-03,MSFT,Analysts turn bullish on Microsoft after robust sales,positive,1.0,0.9238795651777376
2023-05-05,MSFT,Microsoft rallies as it received an analyst upgrade,positive,1.0,0.908189682239063
2023-05-09,MSFT,Microsoft stock soared on strong cash flow,positive,1.0,0.8126661754322154
2023-05-10,MSFT,Microsoft shares sank after cut its full-year guidance,negative,-1.0,-0.8116222414829741
2023-05-10,MSFT,Microsoft stock dropped on worse-than-expected cash flow,negative,-1.0,-0.820369522314008
2023-05-11,MSFT,Microsoft stock climbed on robust sales,positive,1.0,0.8427036554939017
2023-05-11,MSFT,Microsoft shares plunged after received an analyst downgrade,negative,-1.0,-0.8006798681916442
2023-05-17,MSFT,Microsoft filed its routine quarterly disclosure,neutral,0.0,0.0024474162541893094
2023-05-19,MSFT,Microsoft shares trade flat as it maintained its previous guidance,neutral,0.0,0.0018093301091885537
2023-05-19,MSFT,"Microsoft announced a share buyback program, shares climb",positive,1.0,0.9512395916030504
2023-05-22,MSFT,Microsoft shares soared after reported record quarterly profit,positive,1.0,0.9568015390936987
2023-05-24,MSFT,Microsoft to hold investor call on quarterly earnings,neutral,0.0,0.0022777295840900134
2023-05-25,MSFT,Analysts turn cautious on Microsoft after worse-than-expected profit margins,negative,1.0,-0.9223119070389055
2023-06-05,MSFT,"Microsoft cut its full-year guidance, shares slide",negative,-1.0,-0.8964579875253385
2023-06-06,MSFT,Microsoft stock surged on record profit margins,positive,1.0,0.7764309788784345
2023-06-08,MSFT,Microsoft shares advanced after beat analyst earnings estimates,positive,1.0,0.8574386646827883
2023-06-09,MSFT,Microsoft shares climbed after unveiled a new product line to strong demand,positive,1.0,0.9259396041957131
2023-06-12,MSFT,Microsoft shares tumbled after announced layoffs amid cost cuts,negative,-1.0,-0.9036095768364794
2023-06-20,MSFT,Microsoft drops as it announced layoffs amid cost cuts,negative,-1.0,-0.9417293143559937
2023-06-21,MSFT,Microsoft rallies as it beat analyst earnings estimates,positive,1.0,0.8995451194443781
2023-06-22,MSFT,Microsoft filed its routine quarterly disclosure,neutral,0.0,0.0024474162541893094
2023-06-23,MSFT,Analysts turn bullish on Microsoft after better-than-expected sales,positive,1.0,0.9103121266473884
2023-06-28,MSFT,Microsoft shares plunged after faces a regulatory investigation,negative,-1.0,-0.8728722922724798
2023-07-03,MSFT,"Microsoft faces a regulatory investigation, shares slide",negative,-1.0,-0.9551445813348404
2023-07-03,MSFT,"Microsoft missed analyst earnings estimates, shares slide",negative,-1.0,-0.9001358536729643
2023-07-07,MSFT,Microsoft stock rallied on better-than-expected sales,positive,1.0,0.8181613528845504
2023-07-10,MSFT,"Microsoft announced layoffs amid cost cuts, shares slide",negative,-1.0,-0.9450904811969858
2023-07-11,MSFT,"Microsoft raised its full-year guidance, shares climb",positive,1.0,0.9082557214788929
2023-07-12,MSFT,Microsoft maintained its previous guidance,neutral,0.0,0.0009874053800099786
2023-07-18,MSFT,Microsoft stock fell on weak guidance,negative,-1.0,-0.834602000299872
2023-07-19,MSFT,Microsoft stock soared on resilient profit margins,positive,1.0,0.75589728315271
2023-07-24,MSFT,Microsoft drops as it faces a regulatory investigation,negative,-1.0,-0.9398217588330752
2023-07-24,MSFT,Analysts turn cautious on Microsoft after worse-than-expected profit margins,negative,1.0,-0.9223119070389055
2023-07-25,MSFT,Microsoft presented at an industry conference,neutral,0.0,-0.0004968730979223179
2023-07-27,MSFT,Microsoft rallies as it beat analyst earnings estimates,positive,1.0,0.8995451194443781
2023-07-27,MSFT,Microsoft shares dropped after warned of a demand slowdown,negative,-1.0,-0.8995453659414333
2023-07-28,MSFT,Microsoft drops as it received an analyst downgrade,negative,-1.0,-0.9305147911120506
2023-08-01,MSFT,"Microsoft cut its full-year guidance, shares slide",negative,-1.0,-0.8964579875253385
2023-08-02,MSFT,Microsoft shares surged after reported record quarterly profit,positive,1.0,0.9249230488676075
2023-08-07,MSFT,Microsoft shares slumped after received an analyst downgrade,negative,-1.0,-0.8741998671903005
2023-08-08,MSFT,Microsoft shares tumbled after warned of a demand slowdown,negative,-1.0,-0.8598129187192649
2023-08-10,MSFT,Microsoft drops as it faces a regulatory investigation,negative,-1.0,-0.9398217588330752
2023-08-11,MSFT,Microsoft rallies as it unveiled a new product line to strong demand,positive,1.0,0.9375511222849942
2023-08-14,MSFT,Microsoft shares soared after received an analyst upgrade,positive,1.0,0.8686035321830947
2023-08-14,MSFT,Microsoft shares soared after received an analyst upgrade,positive,1.0,0.8686035321830947
2023-08-16,MSFT,Microsoft shares jumped after received an analyst upgrade,positive,1.0,0.8733655962542144
2023-08-18,MSFT,"Microsoft held its annual shareholder meeting, no major stock reaction",neutral,0.0,-0.0006867607773874719
2023-08-21,MSFT,Microsoft stock soared on resilient quarterly earnings,positive,1.0,0.7768549576486476
2023-08-21,MSFT,Analysts turn cautious on Microsoft after disappointing profit margins,negative,1.0,-0.9096777277400665
2023-08-22,MSFT,Microsoft stock soared on resilient sales,positive,1.0,0.7951229777549076
2023-08-23,MSFT,Analysts turn cautious on Microsoft after worse-than-expected guidance,negative,0.0,-0.9254095180263086
2023-08-25,MSFT,"Microsoft faces a regulatory investigation, shares slide",negative,-1.0,-0.9551445813348404
2023-08-28,MSFT,Analysts turn cautious on Microsoft after worse-than-expected revenue,negative,0.0,-0.9387309215516985
2023-08-28,MSFT,"Microsoft presented at an industry conference, no major stock reaction",neutral,0.0,-0.00043188623034046136
2023-08-31,MSFT,Microsoft rallies as it announced a share buyback program,positive,1.0,0.9490455380417048
2023-09-05,MSFT,Microsoft stock surged on better-than-expected cash flow,positive,1.0,0.7846629483438314
2023-09-06,MSFT,"Microsoft raised its full-year guidance, shares climb",positive,1.0,0.9082557214788929
2023-09-12,MSFT,Microsoft rallies as it beat analyst earnings estimates,positive,1.0,0.8995451194443781
2023-09-13,MSFT,Microsoft shares trade flat as it held its annual shareholder meeting,neutral,0.0,0.0009897905382276265
2023-09-14,MSFT,Analysts turn bullish on Microsoft after record revenue,positive,1.0,0.8928980103517908
2023-09-14,MSFT,Microsoft stock surged on resilient quarterly earnings,positive,1.0,0.7746464730176896
2023-09-15,MSFT,Microsoft sales in line with expectations,neutral,0.0,0.0030045366287297544
2023-09-15,MSFT,Analysts turn bullish on Microsoft after record cash flow,positive,1.0,0.9013703715843414
2023-09-21,MSFT,Analysts turn cautious on Microsoft after troubling guidance,negative,0.0,-0.8972550729721898
2023-09-22,MSFT,Microsoft filed its routine quarterly disclosure,neutral,0.0,0.0024474162541893094
2023-09-26,MSFT,Analysts turn bullish on Microsoft after record quarterly earnings,positive,1.0,0.942608495993481
2023-09-26,MSFT,Microsoft stock plunged on worse-than-expected cash flow,negative,-1.0,-0.8165988473772682
2023-09-29,MSFT,Microsoft drops as it warned of a demand slowdown,negative,-1.0,-0.9431989895603899
2023-09-29,MSFT,Microsoft to hold investor call on quarterly earnings,neutral,0.0,0.0022777295840900134
2023-10-02,MSFT,"Microsoft cut its full-year guidance, shares slide",negative,-1.0,-0.8964579875253385
2023-10-04,MSFT,"Microsoft raised its full-year guidance, shares climb",positive,1.0,0.9082557214788929
2023-10-09,MSFT,Microsoft stock surged on better-than-expected revenue,positive,1.0,0.8083948662949776
2023-10-11,MSFT,Microsoft drops as it cut its full-year guidance,negative,-1.0,-0.8985587535583585
2023-10-12,MSFT,Microsoft stock plunged on weak quarterly earnings,negative,-1.0,-0.6859112863947519
2023-10-13,MSFT,"Microsoft presented at an industry conference, no major stock reaction",neutral,0.0,-0.00043188623034046136
2023-10-13,MSFT,Microsoft stock sank on disappointing sales,negative,-1.0,-0.8068455553206847
2023-10-17,MSFT,Microsoft shares surged after unveiled a new product line to strong demand,positive,1.0,0.9188004600469326
2023-10-18,MSFT,Microsoft shares sank after cut its full-year guidance,negative,-1.0,-0.8116222414829741
2023-10-24,MSFT,Microsoft shares climbed after received an analyst upgrade,positive,1.0,0.8803257035554891
2023-10-24,MSFT,Microsoft shares jumped after received an analyst upgrade,positive,1.0,0.8733655962542144
2023-10-30,MSFT,Analysts turn bullish on Microsoft after resilient sales,positive,1.0,0.9049998250084268
2023-10-31,MSFT,Microsoft stock soared on strong sales,positive,1.0,0.8677038541272485
2023-11-01,MSFT,Microsoft to hold investor call on sales,neutral,0.0,0.0002671095851795417
2023-11-01,MSFT,Microsoft drops as it cut its full-year guidance,negative,-1.0,-0.8985587535583585
2023-11-02,MSFT,Microsoft shares slumped after faces a regulatory investigation,negative,-1.0,-0.9080243724636293
2023-11-02,MSFT,Microsoft stock tumbled on soft quarterly earnings,negative,-1.0,-0.7400379273845237
2023-11-03,MSFT,"Microsoft will report quarterly results next week, no major stock reaction",neutral,0.0,0.0007598423604889756
2023-11-06,MSFT,Microsoft drops as it cut its full-year guidance,negative,-1.0,-0.8985587535583585
2023-11-13,MSFT,Microsoft stock climbed on record quarterly earnings,positive,1.0,0.8696060696411427
2023-11-13,MSFT,"Microsoft cut its full-year guidance, shares slide",negative,-1.0,-0.8964579875253385
2023-11-15,MSFT,Microsoft rallies as it unveiled a new product line to strong demand,positive,1.0,0.9375511222849942
2023-11-20,MSFT,Microsoft filed its routine quarterly disclosure,neutral,0.0,0.0024474162541893094
2023-11-22,MSFT,Analysts turn bullish on Microsoft after strong sales,positive,1.0,0.9407883312460595
2023-11-30,MSFT,Microsoft stock jumped on robust cash flow,positive,1.0,0.8099869710432815
2023-12-01,MSFT,"Microsoft reported record quarterly profit, shares climb",positive,1.0,0.9599448491286059
2023-12-05,MSFT,Microsoft rallies as it announced a share buyback program,positive,1.0,0.9490455380417048
2023-12-06,MSFT,Microsoft stock soared on robust quarterly earnings,positive,1.0,0.8001786866105857
2023-12-07,MSFT,Microsoft profit margins in line with expectations,neutral,1.0,0.0021587447277013547
2023-12-08,MSFT,Microsoft stock climbed on resilient quarterly earnings,positive,1.0,0.798072923123595
2023-12-11,MSFT,Microsoft shares surged after reported record quarterly profit,positive,1.0,0.9249230488676075
2023-12-14,MSFT,Microsoft shares soared after announced a share buyback program,positive,1.0,0.9282691559190289
2023-12-15,MSFT,"Microsoft announced a share buyback program, shares climb",positive,1.0,0.9512395916030504
2023-12-15,MSFT,Microsoft shares trade flat as it will report quarterly results next week,neutral,0.0,0.0025377794829994447
2023-12-21,MSFT,Microsoft shares plunged after received an analyst downgrade,negative,-1.0,-0.8006798681916442
2023-12-29,MSFT,"Microsoft warned of a demand slowdown, shares slide",negative,-1.0,-0.938287810510527
2023-12-29,MSFT,"Microsoft reported record quarterly profit, shares climb",positive,1.0,0.9599448491286059
2024-01-02,MSFT,"Microsoft missed analyst earnings estimates, shares slide",negative,-1.0,-0.9001358536729643
2024-01-08,MSFT,"Microsoft received an analyst downgrade, shares slide",negative,-1.0,-0.9328803544313999
2024-01-09,MSFT,Analysts turn bullish on Microsoft after better-than-expected quarterly earnings,positive,1.0,0.906846370994817
2024-01-10,MSFT,Microsoft sales in line with expectations,neutral,0.0,0.0030045366287297544
2024-01-10,MSFT,Microsoft shares tumbled after cut its full-year guidance,negative,-1.0,-0.7988235273483173
2024-01-11,MSFT,"Microsoft announced a change to its board of directors, no major stock reaction",neutral,0.0,0.0003651673454614854
2024-01-11,MSFT,Microsoft shares sank after faces a regulatory investigation,negative,-1.0,-0.897561051390166
2024-01-12,MSFT,Microsoft shares jumped after unveiled a new product line to strong demand,positive,1.0,0.935666383328061
2024-01-16,MSFT,Microsoft cash flow in line with expectations,neutral,0.0,0.002017758738677926
2024-01-17,MSFT,"Microsoft received an analyst upgrade, shares climb",positive,1.0,0.9278534444613776
2024-01-18,MSFT,"Microsoft beat analyst earnings estimates, shares climb",positive,1.0,0.8939149390986564
2024-01-19,MSFT,"Microsoft missed analyst earnings estimates, shares slide",negative,-1.0,-0.9001358536729643
2024-01-22,MSFT,Microsoft shares jumped after beat analyst earnings estimates,positive,1.0,0.8826427558666387
2024-01-23,MSFT,Microsoft shares trade flat as it will report quarterly results next week,neutral,0.0,0.0025377794829994447
2024-01-24,MSFT,Microsoft drops as it missed analyst earnings estimates,negative,-1.0,-0.9136105866647273
2024-01-24,MSFT,"Microsoft reported record quarterly profit, shares climb",positive,1.0,0.9599448491286059
2024-01-25,MSFT,Microsoft shares soared after reported record quarterly profit,positive,1.0,0.9568015390936987
2024-01-29,MSFT,Microsoft rallies as it beat analyst earnings estimates,positive,1.0,0.8995451194443781
2024-01-29,MSFT,Microsoft stock rallied on resilient sales,positive,1.0,0.7892018404644768
2024-01-30,MSFT,Microsoft shares rallied after announced a share buyback program,positive,1.0,0.929506969464343
2024-02-01,MSFT,Analysts turn cautious on Microsoft after worse-than-expected quarterly earnings,negative,0.0,-0.9241868020402354
2024-02-01,MSFT,"Microsoft reported record quarterly profit, shares climb",positive,1.0,0.9599448491286059
2024-02-07,MSFT,Microsoft stock surged on better-than-expected revenue,positive,1.0,0.8083948662949776
2024-02-08,MSFT,Microsoft drops as it warned of a demand slowdown,negative,-1.0,-0.9431989895603899
2024-02-08,MSFT,Microsoft rallies as it unveiled a new product line to strong demand,positive,1.0,0.9375511222849942
2024-02-12,MSFT,"Microsoft missed analyst earnings estimates, shares slide",negative,-1.0,-0.9001358536729643
2024-02-15,MSFT,Microsoft shares climbed after announced a share buyback program,positive,1.0,0.9112380210813295
2024-02-16,MSFT,"Microsoft announced a share buyback program, shares climb",positive,1.0,0.9512395916030504
2024-02-20,MSFT,Analysts turn cautious on Microsoft after troubling quarterly earnings,negative,0.0,-0.8699910467073383
2024-02-21,MSFT,Microsoft stock surged on resilient profit margins,positive,1.0,0.7572978477353699
2024-02-21,MSFT,Analysts turn bullish on Microsoft after better-than-expected profit margins,positive,1.0,0.8946960474191855
2024-02-22,MSFT,Microsoft shares soared after received an analyst upgrade,positive,1.0,0.8686035321830947
2024-02-26,MSFT,Analysts turn bullish on Microsoft after robust profit margins,positive,1.0,0.8929053190286087
2024-02-27,MSFT,"Microsoft unveiled a new product line to strong demand, shares climb",positive,1.0,0.9402317416563803
2024-03-01,MSFT,Microsoft to hold investor call on revenue,neutral,0.0,-0.0016833824916511926
2024-03-01,MSFT,Microsoft shares trade flat as it will report quarterly results next week,neutral,0.0,0.0025377794829994447
2024-03-04,MSFT,Microsoft held its annual shareholder meeting,neutral,0.0,-0.0012353831340342972
2024-03-06,MSFT,"Microsoft announced a change to its board of directors, no major stock reaction",neutral,0.0,0.0003651673454614854
2024-03-11,MSFT,Microsoft will report quarterly results next week,neutral,0.0,0.0030203307834693535
2024-03-12,MSFT,Microsoft shares fell after received an analyst downgrade,negative,-1.0,-0.8500244707300497
2024-03-13,MSFT,"Microsoft announced a change to its board of directors, no major stock reaction",neutral,0.0,0.0003651673454614854
2024-03-14,MSFT,Microsoft to hold investor call on revenue,neutral,0.0,-0.0016833824916511926
2024-03-20,MSFT,Analysts turn cautious on Microsoft after worse-than-expected sales,negative,0.0,-0.9391868363922578
2024-03-22,MSFT,Analysts turn bullish on Microsoft after strong quarterly earnings,positive,1.0,0.9338415312228157
2024-03-25,MSFT,Analysts turn cautious on Microsoft after soft revenue,negative,0.0,-0.8818239435832834
2024-03-26,MSFT,Analysts turn bullish on Microsoft after robust profit margins,positive,1.0,0.8929053190286087
2024-04-01,MSFT,Microsoft shares surged after beat analyst earnings estimates,positive,1.0,0.8670999556766674
2024-04-03,MSFT,"Microsoft warned of a demand slowdown, shares slide",negative,-1.0,-0.938287810510527
2024-04-04,MSFT,Analysts turn cautious on Microsoft after troubling quarterly earnings,negative,0.0,-0.8699910467073383
2024-04-05,MSFT,Microsoft rallies as it raised its full-year guidance,positive,1.0,0.9148809428518899
2024-04-08,MSFT,"Microsoft received an analyst upgrade, shares climb",positive,1.0,0.9278534444613776
2024-04-09,MSFT,Microsoft will report quarterly results next week,neutral,0.0,0.0030203307834693535
2024-04-11,MSFT,Analysts turn cautious on Microsoft after troubling quarterly earnings,negative,0.0,-0.8699910467073383
2024-04-15,MSFT,"Microsoft beat analyst earnings estimates, shares climb",positive,1.0,0.8939149390986564
2024-04-16,MSFT,Microsoft drops as it received an analyst downgrade,negative,-1.0,-0.9305147911120506
2024-04-17,MSFT,Microsoft drops as it missed analyst earnings estimates,negative,-1.0,-0.9136105866647273
2024-04-18,MSFT,Microsoft shares tumbled after received an analyst downgrade,negative,-1.0,-0.8107591595382525
2024-04-19,MSFT,"Microsoft faces a regulatory investigation, shares slide",negative,-1.0,-0.9551445813348404
2024-04-22,MSFT,Microsoft shares rallied after raised its full-year guidance,positive,1.0,0.8873547756924046
2024-04-23,MSFT,"Microsoft warned of a demand slowdown, shares slide",negative,-1.0,-0.938287810510527
2024-04-25,MSFT,Microsoft shares jumped after raised its full-year guidance,positive,1.0,0.8613681842657922
2024-04-26,MSFT,Analysts turn bullish on Microsoft after robust quarterly earnings,positive,1.0,0.9096493132626392
2024-05-02,MSFT,Microsoft presented at an industry conference,neutral,0.0,-0.0004968730979223179
2024-05-03,MSFT,"Microsoft faces a regulatory investigation, shares slide",negative,-1.0,-0.9551445813348404
2024-05-06,MSFT,Microsoft drops as it announced layoffs amid cost cuts,negative,-1.0,-0.9417293143559937
2024-05-06,MSFT,"Microsoft received an analyst upgrade, shares climb",positive,1.0,0.9278534444613776
2024-05-07,MSFT,"Microsoft announced a share buyback program, shares climb",positive,1.0,0.9512395916030504
2024-05-09,MSFT,Microsoft stock fell on worse-than-expected cash flow,negative,-1.0,-0.8591492313595043
2024-05-10,MSFT,Microsoft rallies as it announced a share buyback program,positive,1.0,0.9490455380417048
2024-05-13,MSFT,Microsoft drops as it faces a regulatory investigation,negative,-1.0,-0.9398217588330752
2024-05-13,MSFT,Microsoft to hold investor call on sales,neutral,0.0,0.0002671095851795417
2024-05-15,MSFT,Microsoft stock tumbled on disappointing quarterly earnings,negative,-1.0,-0.8123038545321822
2024-05-16,MSFT,Microsoft shares surged after unveiled a new product line to strong demand,positive,1.0,0.9188004600469326
2024-05-16,MSFT,Microsoft rallies as it unveiled a new product line to strong demand,positive,1.0,0.9375511222849942
2024-05-17,MSFT,Microsoft maintained its previous guidance,neutral,0.0,0.0009874053800099786
2024-05-21,MSFT,"Microsoft raised its full-year guidance, shares climb",positive,1.0,0.9082557214788929
2024-05-23,MSFT,"Microsoft faces a regulatory investigation, shares slide",negative,-1.0,-0.9551445813348404
2024-05-24,MSFT,"Microsoft missed analyst earnings estimates, shares slide",negative,-1.0,-0.9001358536729643
2024-05-28,MSFT,Microsoft to hold investor call on profit margins,neutral,1.0,-0.0002579097062262656
2024-05-28,MSFT,Microsoft drops as it warned of a demand slowdown,negative,-1.0,-0.9431989895603899
2024-05-29,MSFT,Microsoft stock jumped on strong quarterly earnings,positive,1.0,0.8318265985256801
2024-05-29,MSFT,Microsoft rallies as it announced a share buyback program,positive,1.0,0.9490455380417048
2024-05-30,MSFT,Microsoft drops as it announced layoffs amid cost cuts,negative,-1.0,-0.9417293143559937
2024-05-31,MSFT,Microsoft stock jumped on record quarterly earnings,positive,1.0,0.8683732179083721
2024-06-05,MSFT,Microsoft announced a change to its board of directors,neutral,0.0,0.0017527311095111367
2024-06-06,MSFT,Analysts turn bullish on Microsoft after resilient quarterly earnings,positive,1.0,0.894586453664273
2024-06-07,MSFT,"Microsoft beat analyst earnings estimates, shares climb",positive,1.0,0.8939149390986564
2024-06-10,MSFT,Microsoft shares trade flat as it will report quarterly results next week,neutral,0.0,0.0025377794829994447
2024-06-11,MSFT,Microsoft stock surged on record quarterly earnings,positive,1.0,0.8879885560305715
2024-06-13,MSFT,Microsoft stock soared on strong sales,positive,1.0,0.8677038541272485
2024-06-17,MSFT,Microsoft rallies as it unveiled a new product line to strong demand,positive,1.0,0.9375511222849942
2024-06-20,MSFT,Analysts turn bullish on Microsoft after record quarterly earnings,positive,1.0,0.942608495993481
2024-06-24,MSFT,Analysts turn bullish on Microsoft after better-than-expected cash flow,positive,1.0,0.8986474975513075
2024-06-25,MSFT,"Microsoft cut its full-year guidance, shares slide",negative,-1.0,-0.8964579875253385
2024-06-25,MSFT,Microsoft revenue in line with expectations,neutral,0.0,-1.3279232391562312e-05
2024-06-26,MSFT,"Microsoft beat analyst earnings estimates, shares climb",positive,1.0,0.8939149390986564
2024-06-27,MSFT,Microsoft stock fell on soft sales,negative,-1.0,-0.7699357776912585
2024-07-01,MSFT,Microsoft shares tumbled after announced layoffs amid cost cuts,negative,-1.0,-0.9036095768364794
2024-07-01,MSFT,Microsoft stock jumped on resilient quarterly earnings,positive,1.0,0.7466531738028682
2024-07-05,MSFT,Microsoft stock plunged on soft sales,negative,-1.0,-0.7451300942158505
2024-07-05,MSFT,Microsoft shares trade flat as it held its annual shareholder meeting,neutral,0.0,0.0009897905382276265
2024-07-08,MSFT,Microsoft rallies as it raised its full-year guidance,positive,1.0,0.9148809428518899
2024-07-08,MSFT,Microsoft stock jumped on robust cash flow,positive,1.0,0.8099869710432815
2024-07-10,MSFT,Microsoft drops as it announced layoffs amid cost cuts,negative,-1.0,-0.9417293143559937
2024-07-11,MSFT,Microsoft held its annual shareholder meeting,neutral,0.0,-0.0012353831340342972
2024-07-11,MSFT,"Microsoft received an analyst upgrade, shares climb",positive,1.0,0.9278534444613776
2024-07-15,MSFT,Microsoft shares trade flat as it presented at an industry conference,neutral,0.0,0.0013176038346309222
2024-07-16,MSFT,Analysts turn bullish on Microsoft after better-than-expected profit margins,positive,1.0,0.8946960474191855
2024-07-17,MSFT,"Microsoft missed analyst earnings estimates, shares slide",negative,-1.0,-0.9001358536729643
2024-07-17,MSFT,"Microsoft warned of a demand slowdown, shares slide",negative,-1.0,-0.938287810510527
2024-07-18,MSFT,"Microsoft received an analyst downgrade, shares slide",negative,-1.0,-0.9328803544313999
2024-07-22,MSFT,"Microsoft warned of a demand slowdown, shares slide",negative,-1.0,-0.938287810510527
2024-07-22,MSFT,"Microsoft received an analyst upgrade, shares climb",positive,1.0,0.9278534444613776
2024-07-25,MSFT,Microsoft shares trade flat as it filed its routine quarterly disclosure,neutral,0.0,0.002076922150123643
2024-07-29,MSFT,"Microsoft announced layoffs amid cost cuts, shares slide",negative,-1.0,-0.9450904811969858
2024-07-29,MSFT,Analysts turn cautious on Microsoft after worse-than-expected revenue,negative,0.0,-0.9387309215516985
2024-07-31,MSFT,Microsoft to hold investor call on cash flow,neutral,0.0,-5.2315254429197156e-05
2024-08-05,MSFT,Microsoft maintained its previous guidance,neutral,0.0,0.0009874053800099786
2024-08-05,MSFT,Microsoft stock surged on resilient sales,positive,1.0,0.789094508217262
2024-08-08,MSFT,Analysts turn bullish on Microsoft after record revenue,positive,1.0,0.8928980103517908
2024-08-08,MSFT,Analysts turn bullish on Microsoft after strong quarterly earnings,positive,1.0,0.9338415312228157
2024-08-09,MSFT,Microsoft shares trade flat as it maintained its previous guidance,neutral,0.0,0.0018093301091885537
2024-08-12,MSFT,Microsoft shares rallied after reported record quarterly profit,positive,1.0,0.9512297091814929
2024-08-14,MSFT,Microsoft stock fell on worse-than-expected revenue,negative,-1.0,-0.8709460746324921
2024-08-15,MSFT,Microsoft to hold investor call on profit margins,neutral,1.0,-0.0002579097062262656
2024-08-16,MSFT,Analysts turn bullish on Microsoft after strong sales,positive,1.0,0.9407883312460595
2024-08-20,MSFT,"Microsoft received an analyst upgrade, shares climb",positive,1.0,0.9278534444613776
2024-08-27,MSFT,Microsoft stock surged on resilient cash flow,positive,1.0,0.7698760640346082
2024-09-04,MSFT,Microsoft profit margins in line with expectations,neutral,1.0,0.0021587447277013547
2024-09-05,MSFT,Analysts turn bullish on Microsoft after better-than-expected revenue,positive,1.0,0.9140446185830462
2024-09-06,MSFT,Microsoft stock soared on resilient profit margins,positive,1.0,0.75589728315271
2024-09-10,MSFT,Microsoft stock advanced on resilient sales,positive,1.0,0.775187017927119
2024-09-11,MSFT,"Microsoft announced a change to its board of directors, no major stock reaction",neutral,0.0,0.0003651673454614854
2024-09-13,MSFT,"Microsoft raised its full-year guidance, shares climb",positive,1.0,0.9082557214788929
2024-09-16,MSFT,Microsoft drops as it warned of a demand slowdown,negative,-1.0,-0.9431989895603899
2024-09-17,MSFT,"Microsoft reported record quarterly profit, shares climb",positive,1.0,0.9599448491286059
2024-09-19,MSFT,Analysts turn bullish on Microsoft after robust quarterly earnings,positive,1.0,0.9096493132626392
2024-09-20,MSFT,Microsoft stock fell on worse-than-expected guidance,negative,-1.0,-0.8463401362207906
2024-09-25,MSFT,Analysts turn bullish on Microsoft after resilient profit margins,positive,1.0,0.8836337849705957
2024-10-03,MSFT,Microsoft shares trade flat as it announced a change to its board of directors,neutral,0.0,0.0016460063136443815
2024-10-04,MSFT,Microsoft drops as it missed analyst earnings estimates,negative,-1.0,-0.9136105866647273
2024-10-08,MSFT,Microsoft shares rallied after raised its full-year guidance,positive,1.0,0.8873547756924046
2024-10-10,MSFT,Microsoft rallies as it unveiled a new product line to strong demand,positive,1.0,0.9375511222849942
2024-10-11,MSFT,Microsoft shares trade flat as it maintained its previous guidance,neutral,0.0,0.0018093301091885537
2024-10-14,MSFT,Microsoft drops as it faces a regulatory investigation,negative,-1.0,-0.9398217588330752
2024-10-15,MSFT,"Microsoft reported record quarterly profit, shares climb",positive,1.0,0.9599448491286059
2024-10-15,MSFT,Microsoft sales in line with expectations,neutral,0.0,0.0030045366287297544
2024-10-16,MSFT,Analysts turn bullish on Microsoft after strong profit margins,positive,1.0,0.9066695258134049
2024-10-17,MSFT,Analysts turn bullish on Microsoft after record guidance,positive,1.0,0.9162319699746658
2024-10-18,MSFT,Microsoft stock sank on soft revenue,negative,-1.0,-0.7865280252502442
2024-10-21,MSFT,Microsoft shares advanced after raised its full-year guidance,positive,1.0,0.8415487784187222
2024-10-21,MSFT,Microsoft filed its routine quarterly disclosure,neutral,0.0,0.0024474162541893094
2024-10-22,MSFT,Microsoft stock plunged on troubling cash flow,negative,-1.0,-0.769385133246546
2024-10-23,MSFT,Microsoft shares slumped after faces a regulatory investigation,negative,-1.0,-0.9080243724636293
2024-10-24,MSFT,Microsoft stock advanced on better-than-expected quarterly earnings,positive,1.0,0.8162857399853191
2024-10-24,MSFT,Microsoft to hold investor call on guidance,neutral,0.0,0.0005390898643303586
2024-10-25,MSFT,Microsoft shares fell after warned of a demand slowdown,negative,-1.0,-0.8739191804601898
2024-10-28,MSFT,Microsoft shares surged after announced a share buyback program,positive,1.0,0.9099832379963524
2024-10-29,MSFT,Microsoft rallies as it received an analyst upgrade,positive,1.0,0.908189682239063
2024-10-30,MSFT,Microsoft drops as it announced layoffs amid cost cuts,negative,-1.0,-0.9417293143559937
2024-10-31,MSFT,Analysts turn bullish on Microsoft after resilient revenue,positive,1.0,0.9123600799091093
2024-11-01,MSFT,Microsoft shares slumped after cut its full-year guidance,negative,-1.0,-0.8453767410717469
2024-11-04,MSFT,Microsoft stock fell on troubling sales,negative,-1.0,-0.8298503963009825
2024-11-06,MSFT,"Microsoft received an analyst downgrade, shares slide",negative,-1.0,-0.9328803544313999
2024-11-06,MSFT,Microsoft revenue in line with expectations,neutral,0.0,-1.3279232391562312e-05
2024-11-08,MSFT,Microsoft presented at an industry conference,neutral,0.0,-0.0004968730979223179
2024-11-08,MSFT,Microsoft drops as it warned of a demand slowdown,negative,-1.0,-0.9431989895603899
2024-11-11,MSFT,Microsoft drops as it faces a regulatory investigation,negative,-1.0,-0.9398217588330752
2024-11-12,MSFT,Analysts turn bullish on Microsoft after record cash flow,positive,1.0,0.9013703715843414
2024-11-14,MSFT,Microsoft rallies as it received an analyst upgrade,positive,1.0,0.908189682239063
2024-11-14,MSFT,"Microsoft announced layoffs amid cost cuts, shares slide",negative,-1.0,-0.9450904811969858
2024-11-15,MSFT,Analysts turn bullish on Microsoft after record quarterly earnings,positive,1.0,0.942608495993481
2024-11-18,MSFT,"Microsoft faces a regulatory investigation, shares slide",negative,-1.0,-0.9551445813348404
2024-11-18,MSFT,Microsoft stock dropped on disappointing quarterly earnings,negative,-1.0,-0.7776758059212485
2024-11-19,MSFT,"Microsoft beat analyst earnings estimates, shares climb",positive,1.0,0.8939149390986564
2024-11-20,MSFT,Microsoft rallies as it raised its full-year guidance,positive,1.0,0.9148809428518899
2024-11-21,MSFT,"Microsoft announced a share buyback program, shares climb",positive,1.0,0.9512395916030504
2024-11-22,MSFT,Microsoft drops as it warned of a demand slowdown,negative,-1.0,-0.9431989895603899
2024-11-25,MSFT,"Microsoft will report quarterly results next week, no major stock reaction",neutral,0.0,0.0007598423604889756
2024-11-26,MSFT,Microsoft stock plunged on disappointing revenue,negative,-1.0,-0.8229552311477671
2024-11-26,MSFT,Microsoft stock fell on soft quarterly earnings,negative,-1.0,-0.7260435792803627
2024-11-27,MSFT,Analysts turn bullish on Microsoft after record quarterly earnings,positive,1.0,0.942608495993481
2024-11-29,MSFT,Analysts turn cautious on Microsoft after worse-than-expected guidance,negative,0.0,-0.9254095180263086
2024-12-03,MSFT,Microsoft guidance in line with expectations,neutral,0.0,0.002944639034825218
2024-12-05,MSFT,Microsoft shares surged after unveiled a new product line to strong demand,positive,1.0,0.9188004600469326
2024-12-05,MSFT,"Microsoft announced a share buyback program, shares climb",positive,1.0,0.9512395916030504
2024-12-06,MSFT,Microsoft stock fell on worse-than-expected quarterly earnings,negative,-1.0,-0.8484747686638487
2024-12-09,MSFT,Microsoft drops as it announced layoffs amid cost cuts,negative,-1.0,-0.9417293143559937
2024-12-10,MSFT,Microsoft to hold investor call on profit margins,neutral,1.0,-0.0002579097062262656
2024-12-12,MSFT,Microsoft shares dropped after cut its full-year guidance,negative,-1.0,-0.8020208847783354
2024-12-13,MSFT,"Microsoft will report quarterly results next week, no major stock reaction",neutral,0.0,0.0007598423604889756
2024-12-16,MSFT,"Microsoft filed its routine quarterly disclosure, no major stock reaction",neutral,0.0,0.0006504761388644968
2024-12-17,MSFT,Microsoft stock advanced on record cash flow,positive,1.0,0.8050072219524552
2024-12-19,MSFT,Microsoft stock sank on soft quarterly earnings,negative,-1.0,-0.7366396357132228
2024-12-20,MSFT,Microsoft guidance in line with expectations,neutral,0.0,0.002944639034825218
2024-12-20,MSFT,Microsoft stock soared on better-than-expected cash flow,positive,1.0,0.7527533750656176
2024-12-23,MSFT,Microsoft drops as it missed analyst earnings estimates,negative,-1.0,-0.9136105866647273
2024-12-30,MSFT,Microsoft revenue in line with expectations,neutral,0.0,-1.3279232391562312e-05
2025-01-02,MSFT,"Microsoft maintained its previous guidance, no major stock reaction",neutral,0.0,-3.194907159041749e-05
2025-01-06,MSFT,Microsoft shares climbed after announced a share buyback program,positive,1.0,0.9112380210813295
2025-01-08,MSFT,Analysts turn bullish on Microsoft after resilient sales,positive,1.0,0.9049998250084268
2025-01-13,MSFT,Analysts turn bullish on Microsoft after record guidance,positive,1.0,0.9162319699746658
2025-01-13,MSFT,Analysts turn bullish on Microsoft after better-than-expected revenue,positive,1.0,0.9140446185830462
2025-01-15,MSFT,Microsoft rallies as it reported record quarterly profit,positive,1.0,0.9587036590909344
2025-01-15,MSFT,Microsoft shares climbed after raised its full-year guidance,positive,1.0,0.8456507943718388
2025-01-16,MSFT,"Microsoft warned of a demand slowdown, shares slide",negative,-1.0,-0.938287810510527
2025-01-23,MSFT,Microsoft stock sank on disappointing cash flow,negative,-1.0,-0.7884313528235234
2025-01-28,MSFT,"Microsoft received an analyst upgrade, shares climb",positive,1.0,0.9278534444613776
2025-02-05,MSFT,Microsoft profit margins in line with expectations,neutral,1.0,0.0021587447277013547
2025-02-07,MSFT,"Microsoft missed analyst earnings estimates, shares slide",negative,-1.0,-0.9001358536729643
2025-02-11,MSFT,Microsoft rallies as it beat analyst earnings estimates,positive,1.0,0.8995451194443781
2025-02-12,MSFT,Microsoft shares fell after warned of a demand slowdown,negative,-1.0,-0.8739191804601898
2025-02-21,MSFT,Microsoft drops as it received an analyst downgrade,negative,-1.0,-0.9305147911120506
2025-02-21,MSFT,Analysts turn bullish on Microsoft after record guidance,positive,1.0,0.9162319699746658
2025-02-24,MSFT,Microsoft shares trade flat as it presented at an industry conference,neutral,0.0,0.0013176038346309222
2025-02-26,MSFT,Microsoft stock slumped on soft profit margins,negative,0.0,-0.7384144091813479
2025-03-03,MSFT,"Microsoft beat analyst earnings estimates, shares climb",positive,1.0,0.8939149390986564
2025-03-05,MSFT,"Microsoft faces a regulatory investigation, shares slide",negative,-1.0,-0.9551445813348404
2025-03-07,MSFT,"Microsoft beat analyst earnings estimates, shares climb",positive,1.0,0.8939149390986564
2025-03-11,MSFT,Microsoft shares tumbled after cut its full-year guidance,negative,-1.0,-0.7988235273483173
2025-03-12,MSFT,Microsoft shares soared after raised its full-year guidance,positive,1.0,0.8554594651700081
2025-03-17,MSFT,"Microsoft held its annual shareholder meeting, no major stock reaction",neutral,0.0,-0.0006867607773874719
2025-03-19,MSFT,Analysts turn bullish on Microsoft after robust revenue,positive,1.0,0.9049229185255714
2025-03-21,MSFT,Microsoft sales in line with expectations,neutral,0.0,0.0030045366287297544
2025-03-21,MSFT,Microsoft shares trade flat as it will report quarterly results next week,neutral,0.0,0.0025377794829994447
2025-03-25,MSFT,Microsoft stock slumped on soft quarterly earnings,negative,-1.0,-0.7391784407959341
2025-03-26,MSFT,Microsoft drops as it faces a regulatory investigation,negative,-1.0,-0.9398217588330752
2025-04-02,MSFT,"Microsoft raised its full-year guidance, shares climb",positive,1.0,0.9082557214788929
2025-04-07,MSFT,Microsoft stock slumped on weak sales,negative,-1.0,-0.8522473033531678
2025-04-09,MSFT,"Microsoft received an analyst upgrade, shares climb",positive,1.0,0.9278534444613776
2025-04-10,MSFT,"Microsoft reported record quarterly profit, shares climb",positive,1.0,0.9599448491286059
2025-04-10,MSFT,Microsoft shares trade flat as it will report quarterly results next week,neutral,0.0,0.0025377794829994447
2025-04-11,MSFT,Analysts turn bullish on Microsoft after resilient sales,positive,1.0,0.9049998250084268
2025-04-14,MSFT,Microsoft stock jumped on resilient sales,positive,1.0,0.7607389369115147
2025-04-14,MSFT,Microsoft maintained its previous guidance,neutral,0.0,0.0009874053800099786
2025-04-15,MSFT,"Microsoft held its annual shareholder meeting, no major stock reaction",neutral,0.0,-0.0006867607773874719
2025-04-16,MSFT,Microsoft shares plunged after warned of a demand slowdown,negative,-1.0,-0.8526906054708562
2025-04-21,MSFT,Microsoft drops as it cut its full-year guidance,negative,-1.0,-0.8985587535583585
2025-04-23,MSFT,Microsoft sales in line with expectations,neutral,0.0,0.0030045366287297544
2025-04-29,MSFT,Microsoft stock soared on strong quarterly earnings,positive,1.0,0.8567896610722411
2025-04-30,MSFT,"Microsoft cut its full-year guidance, shares slide",negative,-1.0,-0.8964579875253385
2025-05-02,MSFT,"Microsoft received an analyst downgrade, shares slide",negative,-1.0,-0.9328803544313999
2025-05-05,MSFT,"Microsoft cut its full-year guidance, shares slide",negative,-1.0,-0.8964579875253385
2025-05-06,MSFT,"Microsoft faces a regulatory investigation, shares slide",negative,-1.0,-0.9551445813348404
2025-05-12,MSFT,Analysts turn bullish on Microsoft after better-than-expected profit margins,positive,1.0,0.8946960474191855
2025-05-13,MSFT,"Microsoft missed analyst earnings estimates, shares slide",negative,-1.0,-0.9001358536729643
2025-05-13,MSFT,Microsoft stock rallied on resilient guidance,positive,1.0,0.7762005535689441
2025-05-14,MSFT,"Microsoft filed its routine quarterly disclosure, no major stock reaction",neutral,0.0,0.0006504761388644968
2025-05-14,MSFT,Microsoft drops as it warned of a demand slowdown,negative,-1.0,-0.9431989895603899
2025-05-15,MSFT,Analysts turn bullish on Microsoft after robust profit margins,positive,1.0,0.8929053190286087
2025-05-16,MSFT,Microsoft shares climbed after received an analyst upgrade,positive,1.0,0.8803257035554891
2025-05-20,MSFT,Microsoft stock tumbled on soft profit margins,negative,0.0,-0.7392725936767185
2025-05-21,MSFT,Analysts turn bullish on Microsoft after record cash flow,positive,1.0,0.9013703715843414
2025-05-22,MSFT,Analysts turn cautious on Microsoft after disappointing cash flow,negative,0.0,-0.9101067728520131
2025-05-28,MSFT,Microsoft shares trade flat as it maintained its previous guidance,neutral,0.0,0.0018093301091885537
2025-05-28,MSFT,Microsoft announced a change to its board of directors,neutral,0.0,0.0017527311095111367
2025-06-02,MSFT,Microsoft shares trade flat as it announced a change to its board of directors,neutral,0.0,0.0016460063136443815
2025-06-04,MSFT,Analysts turn bullish on Microsoft after robust profit margins,positive,1.0,0.8929053190286087
2025-06-05,MSFT,"Microsoft maintained its previous guidance, no major stock reaction",neutral,0.0,-3.194907159041749e-05
2025-06-06,MSFT,Microsoft guidance in line with expectations,neutral,0.0,0.002944639034825218
2025-06-06,MSFT,Microsoft stock sank on disappointing sales,negative,-1.0,-0.8068455553206847
2025-06-09,MSFT,Microsoft revenue in line with expectations,neutral,0.0,-1.3279232391562312e-05
2025-06-09,MSFT,Microsoft to hold investor call on sales,neutral,0.0,0.0002671095851795417
2025-06-12,MSFT,Analysts turn cautious on Microsoft after weak cash flow,negative,-1.0,-0.8538749222025994
2025-06-13,MSFT,Microsoft presented at an industry conference,neutral,0.0,-0.0004968730979223179
2025-06-13,MSFT,Microsoft shares dropped after cut its full-year guidance,negative,-1.0,-0.8020208847783354
2025-06-17,MSFT,Microsoft stock dropped on soft guidance,negative,-1.0,-0.7530945584172817
2025-06-17,MSFT,Microsoft rallies as it received an analyst upgrade,positive,1.0,0.908189682239063
2025-06-18,MSFT,Microsoft stock plunged on worse-than-expected sales,negative,-1.0,-0.8315551949686247
2025-06-23,MSFT,"Microsoft maintained its previous guidance, no major stock reaction",neutral,0.0,-3.194907159041749e-05
2025-06-24,MSFT,Microsoft drops as it faces a regulatory investigation,negative,-1.0,-0.9398217588330752
2025-06-25,MSFT,Microsoft announced a change to its board of directors,neutral,0.0,0.0017527311095111367
2025-06-27,MSFT,"Microsoft faces a regulatory investigation, shares slide",negative,-1.0,-0.9551445813348404
2025-06-30,MSFT,"Microsoft cut its full-year guidance, shares slide",negative,-1.0,-0.8964579875253385
2025-07-02,MSFT,Analysts turn bullish on Microsoft after resilient profit margins,positive,1.0,0.8836337849705957
2025-07-02,MSFT,"Microsoft received an analyst upgrade, shares climb",positive,1.0,0.9278534444613776
2025-07-07,MSFT,Microsoft shares climbed after unveiled a new product line to strong demand,positive,1.0,0.9259396041957131
2025-07-08,MSFT,Microsoft cash flow in line with expectations,neutral,0.0,0.002017758738677926
2025-07-10,MSFT,Analysts turn cautious on Microsoft after weak profit margins,negative,0.0,-0.8856504581127816
2025-07-10,MSFT,Microsoft shares soared after reported record quarterly profit,positive,1.0,0.9568015390936987
2025-07-14,MSFT,"Microsoft reported record quarterly profit, shares climb",positive,1.0,0.9599448491286059
2025-07-22,MSFT,Microsoft maintained its previous guidance,neutral,0.0,0.0009874053800099786
2025-07-22,MSFT,Microsoft filed its routine quarterly disclosure,neutral,0.0,0.0024474162541893094
2025-07-25,MSFT,Analysts turn bullish on Microsoft after record guidance,positive,1.0,0.9162319699746658
2025-07-28,MSFT,Microsoft rallies as it raised its full-year guidance,positive,1.0,0.9148809428518899
2025-07-28,MSFT,Analysts turn cautious on Microsoft after worse-than-expected revenue,negative,0.0,-0.9387309215516985
2025-07-29,MSFT,Microsoft stock slumped on troubling quarterly earnings,negative,-1.0,-0.8069743411546685
2025-07-29,MSFT,Microsoft stock slumped on soft guidance,negative,-1.0,-0.8006162420066232
2025-07-30,MSFT,"Microsoft received an analyst downgrade, shares slide",negative,-1.0,-0.9328803544313999
2025-07-31,MSFT,"Microsoft announced a share buyback program, shares climb",positive,1.0,0.9512395916030504
2025-08-07,MSFT,"Microsoft warned of a demand slowdown, shares slide",negative,-1.0,-0.938287810510527
2025-08-08,MSFT,Microsoft stock surged on record cash flow,positive,1.0,0.8081300061812194
2025-08-08,MSFT,Microsoft shares rallied after unveiled a new product line to strong demand,positive,1.0,0.9480907713176656
2025-08-11,MSFT,Analysts turn cautious on Microsoft after soft sales,negative,0.0,-0.8775783164728393
2025-08-13,MSFT,Analysts turn bullish on Microsoft after resilient quarterly earnings,positive,1.0,0.894586453664273
2025-08-14,MSFT,Analysts turn bullish on Microsoft after resilient quarterly earnings,positive,1.0,0.894586453664273
2025-08-15,MSFT,Microsoft shares surged after received an analyst upgrade,positive,1.0,0.835727376224255
2025-08-15,MSFT,Analysts turn bullish on Microsoft after resilient quarterly earnings,positive,1.0,0.894586453664273
2025-08-18,MSFT,Microsoft drops as it received an analyst downgrade,negative,-1.0,-0.9305147911120506
2025-08-18,MSFT,Microsoft maintained its previous guidance,neutral,0.0,0.0009874053800099786
2025-08-19,MSFT,Microsoft stock climbed on strong revenue,positive,1.0,0.8315511026933128
2025-08-20,MSFT,Microsoft rallies as it announced a share buyback program,positive,1.0,0.9490455380417048
2025-08-21,MSFT,Microsoft stock advanced on robust profit margins,positive,1.0,0.7776991268610269
2025-08-22,MSFT,Microsoft shares trade flat as it will report quarterly results next week,neutral,0.0,0.0025377794829994447
2025-08-25,MSFT,Microsoft drops as it cut its full-year guidance,negative,-1.0,-0.8985587535583585
2025-08-27,MSFT,Microsoft shares dropped after warned of a demand slowdown,negative,-1.0,-0.8995453659414333
2025-08-28,MSFT,Analysts turn cautious on Microsoft after disappointing revenue,negative,0.0,-0.9354431030250335
2025-09-05,MSFT,Microsoft shares rallied after raised its full-year guidance,positive,1.0,0.8873547756924046
2025-09-08,MSFT,"Microsoft announced a share buyback program, shares climb",positive,1.0,0.9512395916030504
2025-09-10,MSFT,Microsoft shares trade flat as it held its annual shareholder meeting,neutral,0.0,0.0009897905382276265
2025-09-15,MSFT,Microsoft stock fell on soft profit margins,negative,0.0,-0.7255975830757093
2025-09-16,MSFT,Microsoft shares trade flat as it will report quarterly results next week,neutral,0.0,0.0025377794829994447
2025-09-17,MSFT,Analysts turn bullish on Microsoft after robust revenue,positive,1.0,0.9049229185255714
2025-09-19,MSFT,"Microsoft received an analyst upgrade, shares climb",positive,1.0,0.9278534444613776
2025-09-22,MSFT,Analysts turn cautious on Microsoft after soft sales,negative,0.0,-0.8775783164728393
2025-09-22,MSFT,Microsoft presented at an industry conference,neutral,0.0,-0.0004968730979223179
2025-09-23,MSFT,Analysts turn bullish on Microsoft after strong sales,positive,1.0,0.9407883312460595
2025-09-24,MSFT,Microsoft rallies as it beat analyst earnings estimates,positive,1.0,0.8995451194443781
2025-09-26,MSFT,Microsoft stock surged on strong cash flow,positive,1.0,0.8061574733483242
2025-09-29,MSFT,Microsoft to hold investor call on quarterly earnings,neutral,0.0,0.0022777295840900134
2025-09-30,MSFT,"Microsoft cut its full-year guidance, shares slide",negative,-1.0,-0.8964579875253385
2025-10-01,MSFT,Microsoft to hold investor call on quarterly earnings,neutral,0.0,0.0022777295840900134
2025-10-01,MSFT,Analysts turn cautious on Microsoft after worse-than-expected cash flow,negative,0.0,-0.9292133278079268
2025-10-02,MSFT,Analysts turn cautious on Microsoft after disappointing cash flow,negative,0.0,-0.9101067728520131
2025-10-08,MSFT,Microsoft shares advanced after raised its full-year guidance,positive,1.0,0.8415487784187222
2025-10-09,MSFT,Analysts turn cautious on Microsoft after disappointing profit margins,negative,1.0,-0.9096777277400665
2025-10-10,MSFT,Microsoft rallies as it unveiled a new product line to strong demand,positive,1.0,0.9375511222849942
2025-10-13,MSFT,Microsoft to hold investor call on cash flow,neutral,0.0,-5.2315254429197156e-05
2025-10-13,MSFT,Microsoft drops as it received an analyst downgrade,negative,-1.0,-0.9305147911120506
2025-10-14,MSFT,Microsoft drops as it announced layoffs amid cost cuts,negative,-1.0,-0.9417293143559937
2025-10-15,MSFT,Analysts turn bullish on Microsoft after robust profit margins,positive,1.0,0.8929053190286087
2025-10-17,MSFT,Microsoft stock rallied on record profit margins,positive,1.0,0.7770585331376471
2025-10-20,MSFT,"Microsoft warned of a demand slowdown, shares slide",negative,-1.0,-0.938287810510527
2025-10-21,MSFT,Microsoft announced a change to its board of directors,neutral,0.0,0.0017527311095111367
2025-10-22,MSFT,Microsoft drops as it warned of a demand slowdown,negative,-1.0,-0.9431989895603899
2025-10-23,MSFT,"Microsoft announced a change to its board of directors, no major stock reaction",neutral,0.0,0.0003651673454614854
2025-10-23,MSFT,Microsoft stock advanced on strong sales,positive,1.0,0.8641489113854252
2025-10-24,MSFT,Microsoft profit margins in line with expectations,neutral,1.0,0.0021587447277013547
2025-10-27,MSFT,"Microsoft beat analyst earnings estimates, shares climb",positive,1.0,0.8939149390986564
2025-10-28,MSFT,"Microsoft cut its full-year guidance, shares slide",negative,-1.0,-0.8964579875253385
2025-10-29,MSFT,Microsoft shares trade flat as it held its annual shareholder meeting,neutral,0.0,0.0009897905382276265
2025-10-30,MSFT,"Microsoft cut its full-year guidance, shares slide",negative,-1.0,-0.8964579875253385
2025-10-31,MSFT,Microsoft to hold investor call on profit margins,neutral,1.0,-0.0002579097062262656
2025-11-06,MSFT,Microsoft stock surged on record revenue,positive,1.0,0.7884866071143236
2025-11-06,MSFT,Analysts turn bullish on Microsoft after resilient quarterly earnings,positive,1.0,0.894586453664273
2025-11-10,MSFT,Microsoft shares jumped after announced a share buyback program,positive,1.0,0.9249977682534516
2025-11-14,MSFT,Microsoft to hold investor call on cash flow,neutral,0.0,-5.2315254429197156e-05
2025-11-17,MSFT,Microsoft stock dropped on disappointing guidance,negative,-1.0,-0.7909575286836998
2025-11-17,MSFT,"Microsoft received an analyst upgrade, shares climb",positive,1.0,0.9278534444613776
2025-11-18,MSFT,Microsoft rallies as it raised its full-year guidance,positive,1.0,0.9148809428518899
2025-11-19,MSFT,Microsoft stock rallied on resilient cash flow,positive,1.0,0.7697533741687954
2025-11-21,MSFT,Microsoft drops as it warned of a demand slowdown,negative,-1.0,-0.9431989895603899
2025-11-21,MSFT,Microsoft shares sank after faces a regulatory investigation,negative,-1.0,-0.897561051390166
2025-11-24,MSFT,Microsoft shares fell after missed analyst earnings estimates,negative,-1.0,-0.8346203950626578
2025-11-25,MSFT,Microsoft drops as it missed analyst earnings estimates,negative,-1.0,-0.9136105866647273
2025-11-26,MSFT,Microsoft rallies as it raised its full-year guidance,positive,1.0,0.9148809428518899
2025-12-01,MSFT,Microsoft rallies as it unveiled a new product line to strong demand,positive,1.0,0.9375511222849942
2025-12-02,MSFT,Microsoft presented at an industry conference,neutral,0.0,-0.0004968730979223179
2025-12-03,MSFT,"Microsoft received an analyst upgrade, shares climb",positive,1.0,0.9278534444613776
2025-12-03,MSFT,Microsoft shares trade flat as it held its annual shareholder meeting,neutral,0.0,0.0009897905382276265
2025-12-04,MSFT,Microsoft shares rallied after raised its full-year guidance,positive,1.0,0.8873547756924046
2025-12-05,MSFT,Microsoft stock fell on soft sales,negative,-1.0,-0.7699357776912585
2025-12-08,MSFT,Microsoft stock tumbled on worse-than-expected revenue,negative,-1.0,-0.8574354843201397
2025-12-09,MSFT,Microsoft shares dropped after faces a regulatory investigation,negative,-1.0,-0.8960003548197577
2025-12-10,MSFT,Microsoft stock climbed on robust sales,positive,1.0,0.8427036554939017
2025-12-12,MSFT,Analysts turn cautious on Microsoft after troubling sales,negative,0.0,-0.9056356623517137
2025-12-12,MSFT,Microsoft drops as it missed analyst earnings estimates,negative,-1.0,-0.9136105866647273
2025-12-15,MSFT,Analysts turn bullish on Microsoft after robust cash flow,positive,1.0,0.9095098594702262
2025-12-16,MSFT,Analysts turn bullish on Microsoft after strong profit margins,positive,1.0,0.9066695258134049
2025-12-17,MSFT,"Microsoft announced a change to its board of directors, no major stock reaction",neutral,0.0,0.0003651673454614854
2025-12-18,MSFT,Analysts turn bullish on Microsoft after better-than-expected quarterly earnings,positive,1.0,0.906846370994817
2025-12-26,MSFT,Analysts turn bullish on Microsoft after record quarterly earnings,positive,1.0,0.942608495993481
2026-01-02,MSFT,Analysts turn bullish on Microsoft after resilient profit margins,positive,1.0,0.8836337849705957
2026-01-05,MSFT,"Microsoft warned of a demand slowdown, shares slide",negative,-1.0,-0.938287810510527
2026-01-08,MSFT,Microsoft rallies as it unveiled a new product line to strong demand,positive,1.0,0.9375511222849942
2026-01-12,MSFT,Microsoft will report quarterly results next week,neutral,0.0,0.0030203307834693535
2026-01-12,MSFT,"Microsoft warned of a demand slowdown, shares slide",negative,-1.0,-0.938287810510527
2026-01-16,MSFT,Microsoft drops as it missed analyst earnings estimates,negative,-1.0,-0.9136105866647273
2026-01-21,MSFT,Microsoft stock advanced on strong quarterly earnings,positive,1.0,0.8532664038417798
2026-01-23,MSFT,Microsoft stock fell on disappointing profit margins,negative,0.0,-0.8319576138676058
2026-01-26,MSFT,Microsoft filed its routine quarterly disclosure,neutral,0.0,0.0024474162541893094
2026-01-27,MSFT,Microsoft stock rallied on strong sales,positive,1.0,0.8929033081970208
2026-01-29,MSFT,"Microsoft presented at an industry conference, no major stock reaction",neutral,0.0,-0.00043188623034046136
2026-01-30,MSFT,Microsoft to hold investor call on cash flow,neutral,0.0,-5.2315254429197156e-05
2026-02-02,MSFT,Microsoft stock fell on worse-than-expected guidance,negative,-1.0,-0.8463401362207906
2026-02-04,MSFT,Microsoft shares trade flat as it announced a change to its board of directors,neutral,0.0,0.0016460063136443815
2026-02-06,MSFT,"Microsoft beat analyst earnings estimates, shares climb",positive,1.0,0.8939149390986564
2026-02-09,MSFT,"Microsoft received an analyst upgrade, shares climb",positive,1.0,0.9278534444613776
2026-02-12,MSFT,"Microsoft will report quarterly results next week, no major stock reaction",neutral,0.0,0.0007598423604889756
2026-02-12,MSFT,Microsoft shares rallied after beat analyst earnings estimates,positive,1.0,0.8932410796391068
2026-02-13,MSFT,Microsoft rallies as it announced a share buyback program,positive,1.0,0.9490455380417048
2026-02-18,MSFT,Microsoft stock tumbled on soft revenue,negative,-1.0,-0.7895057072369274
2026-02-19,MSFT,Microsoft shares dropped after warned of a demand slowdown,negative,-1.0,-0.8995453659414333
2026-02-19,MSFT,"Microsoft warned of a demand slowdown, shares slide",negative,-1.0,-0.938287810510527
2026-02-20,MSFT,"Microsoft received an analyst upgrade, shares climb",positive,1.0,0.9278534444613776
2026-02-24,MSFT,Microsoft stock fell on worse-than-expected revenue,negative,-1.0,-0.8709460746324921
2026-02-25,MSFT,"Microsoft faces a regulatory investigation, shares slide",negative,-1.0,-0.9551445813348404
2026-03-02,MSFT,"Microsoft cut its full-year guidance, shares slide",negative,-1.0,-0.8964579875253385
2026-03-04,MSFT,Microsoft stock soared on strong sales,positive,1.0,0.8677038541272485
2026-03-05,MSFT,Microsoft drops as it received an analyst downgrade,negative,-1.0,-0.9305147911120506
2026-03-06,MSFT,"Microsoft received an analyst upgrade, shares climb",positive,1.0,0.9278534444613776
2026-03-09,MSFT,Microsoft shares climbed after reported record quarterly profit,positive,1.0,0.9310172264588196
2026-03-10,MSFT,"Microsoft warned of a demand slowdown, shares slide",negative,-1.0,-0.938287810510527
2026-03-11,MSFT,Analysts turn cautious on Microsoft after weak cash flow,negative,-1.0,-0.8538749222025994
2026-03-16,MSFT,Microsoft rallies as it unveiled a new product line to strong demand,positive,1.0,0.9375511222849942
2026-03-17,MSFT,Microsoft shares tumbled after warned of a demand slowdown,negative,-1.0,-0.8598129187192649
2026-03-17,MSFT,Analysts turn cautious on Microsoft after weak quarterly earnings,negative,-1.0,-0.8550240359117378
2026-03-19,MSFT,Analysts turn cautious on Microsoft after worse-than-expected quarterly earnings,negative,0.0,-0.9241868020402354
2026-03-23,MSFT,Microsoft shares surged after announced a share buyback program,positive,1.0,0.9099832379963524
2026-03-25,MSFT,Analysts turn cautious on Microsoft after weak quarterly earnings,negative,-1.0,-0.8550240359117378
2026-03-25,MSFT,Microsoft shares advanced after raised its full-year guidance,positive,1.0,0.8415487784187222
2026-03-30,MSFT,Microsoft drops as it received an analyst downgrade,negative,-1.0,-0.9305147911120506
2026-04-02,MSFT,Microsoft held its annual shareholder meeting,neutral,0.0,-0.0012353831340342972
2026-04-08,MSFT,"Microsoft missed analyst earnings estimates, shares slide",negative,-1.0,-0.9001358536729643
2026-04-13,MSFT,Analysts turn cautious on Microsoft after worse-than-expected cash flow,negative,0.0,-0.9292133278079268
2026-04-14,MSFT,Microsoft shares surged after announced a share buyback program,positive,1.0,0.9099832379963524
2026-04-21,MSFT,Microsoft stock surged on resilient guidance,positive,1.0,0.776122082437621
2026-04-22,MSFT,Microsoft shares sank after announced layoffs amid cost cuts,negative,-1.0,-0.9104336019314436
2026-04-27,MSFT,Microsoft to hold investor call on profit margins,neutral,1.0,-0.0002579097062262656
2026-04-29,MSFT,Microsoft will report quarterly results next week,neutral,0.0,0.0030203307834693535
2026-05-01,MSFT,Microsoft stock surged on strong revenue,positive,1.0,0.8261331924400943
2026-05-01,MSFT,"Microsoft beat analyst earnings estimates, shares climb",positive,1.0,0.8939149390986564
2026-05-05,MSFT,Microsoft sales in line with expectations,neutral,0.0,0.0030045366287297544
2026-05-06,MSFT,Analysts turn cautious on Microsoft after disappointing guidance,negative,0.0,-0.9197990080053821
2026-05-07,MSFT,Microsoft shares soared after raised its full-year guidance,positive,1.0,0.8554594651700081
2026-05-11,MSFT,"Microsoft faces a regulatory investigation, shares slide",negative,-1.0,-0.9551445813348404
2026-05-12,MSFT,Microsoft drops as it missed analyst earnings estimates,negative,-1.0,-0.9136105866647273
2026-05-13,MSFT,Analysts turn cautious on Microsoft after soft revenue,negative,0.0,-0.8818239435832834
2026-05-13,MSFT,Microsoft shares fell after announced layoffs amid cost cuts,negative,-1.0,-0.9237567004584316
2026-05-15,MSFT,Microsoft stock tumbled on worse-than-expected profit margins,negative,0.0,-0.8347810517868427
2026-05-15,MSFT,Microsoft shares trade flat as it presented at an industry conference,neutral,0.0,0.0013176038346309222
2026-05-19,MSFT,Microsoft shares sank after missed analyst earnings estimates,negative,-1.0,-0.8365377686853098
2026-05-20,MSFT,Microsoft stock climbed on robust cash flow,positive,1.0,0.8203682131844415
2026-05-20,MSFT,Microsoft stock jumped on record sales,positive,1.0,0.8104453995957012
2026-05-22,MSFT,Microsoft stock dropped on soft profit margins,negative,0.0,-0.6871361812088269
2026-05-27,MSFT,Microsoft rallies as it raised its full-year guidance,positive,1.0,0.9148809428518899
2026-05-27,MSFT,Microsoft rallies as it reported record quarterly profit,positive,1.0,0.9587036590909344
2026-05-28,MSFT,"Microsoft reported record quarterly profit, shares climb",positive,1.0,0.9599448491286059
2026-05-29,MSFT,"Microsoft cut its full-year guidance, shares slide",negative,-1.0,-0.8964579875253385
2026-06-05,MSFT,Microsoft stock advanced on strong cash flow,positive,1.0,0.8091099370835599
2026-06-08,MSFT,Microsoft stock sank on disappointing revenue,negative,-1.0,-0.8319460768097733
2026-06-09,MSFT,Microsoft shares climbed after announced a share buyback program,positive,1.0,0.9112380210813295
2026-06-10,MSFT,Microsoft drops as it cut its full-year guidance,negative,-1.0,-0.8985587535583585
2026-06-12,MSFT,Microsoft rallies as it unveiled a new product line to strong demand,positive,1.0,0.9375511222849942
2026-06-22,MSFT,Microsoft drops as it faces a regulatory investigation,negative,-1.0,-0.9398217588330752
2026-06-22,MSFT,"Microsoft faces a regulatory investigation, shares slide",negative,-1.0,-0.9551445813348404
2026-06-24,MSFT,Microsoft stock jumped on robust guidance,positive,1.0,0.8396712061741068
2026-06-25,MSFT,Microsoft rallies as it unveiled a new product line to strong demand,positive,1.0,0.9375511222849942
2026-06-26,MSFT,Microsoft drops as it faces a regulatory investigation,negative,-1.0,-0.9398217588330752
2026-06-30,MSFT,Microsoft stock jumped on better-than-expected revenue,positive,1.0,0.823166178430258
2021-07-02,TSLA,Tesla shares dropped after cut its full-year guidance,negative,-1.0,-0.830714501128609
2021-07-06,TSLA,Tesla shares slumped after warned of a demand slowdown,negative,-1.0,-0.903389612477623
2021-07-07,TSLA,Analysts turn bullish on Tesla after strong cash flow,positive,1.0,0.8828489169494514
2021-07-12,TSLA,"Tesla beat analyst earnings estimates, shares climb",positive,1.0,0.8856703933415199
2021-07-14,TSLA,Tesla shares sank after missed analyst earnings estimates,negative,-1.0,-0.8602369223568807
2021-07-14,TSLA,Tesla shares trade flat as it presented at an industry conference,neutral,0.0,-0.001977838030925147
2021-07-16,TSLA,"Tesla received an analyst downgrade, shares slide",negative,-1.0,-0.9240015314457571
2021-07-19,TSLA,Analysts turn bullish on Tesla after strong cash flow,positive,1.0,0.8828489169494514
2021-07-19,TSLA,Tesla rallies as it reported record quarterly profit,positive,1.0,0.9594426220134175
2021-07-20,TSLA,Tesla announced a change to its board of directors,neutral,0.0,-0.003610072075022376
2021-07-21,TSLA,"Tesla received an analyst downgrade, shares slide",negative,-1.0,-0.9240015314457571
2021-07-21,TSLA,Tesla shares trade flat as it presented at an industry conference,neutral,0.0,-0.001977838030925147
2021-07-23,TSLA,Tesla shares sank after missed analyst earnings estimates,negative,-1.0,-0.8602369223568807
2021-07-27,TSLA,Tesla rallies as it raised its full-year guidance,positive,1.0,0.9155495178067174
2021-07-27,TSLA,Tesla shares tumbled after faces a regulatory investigation,negative,-1.0,-0.8899243786212304
2021-07-28,TSLA,Tesla shares trade flat as it announced a change to its board of directors,neutral,0.0,-0.0014402382331549328
2021-07-29,TSLA,Analysts turn bullish on Tesla after resilient cash flow,positive,1.0,0.8858466529261899
2021-07-30,TSLA,Tesla drops as it missed analyst earnings estimates,negative,-1.0,-0.9294384286071677
2021-08-02,TSLA,Tesla stock plunged on soft cash flow,negative,-1.0,-0.7798100026820247
2021-08-05,TSLA,Tesla rallies as it unveiled a new product line to strong demand,positive,1.0,0.9382030689749176
2021-08-06,TSLA,"Tesla announced a change to its board of directors, no major stock reaction",neutral,0.0,-0.0016182143834567436
2021-08-10,TSLA,Tesla shares slumped after warned of a demand slowdown,negative,-1.0,-0.903389612477623
2021-08-11,TSLA,Tesla stock slumped on worse-than-expected guidance,negative,-1.0,-0.8737792395568182
2021-08-18,TSLA,Tesla will report quarterly results next week,neutral,0.0,-0.0009698295543304411
2021-08-20,TSLA,"Tesla will report quarterly results next week, no major stock reaction",neutral,0.0,-0.0006354921084305611
2021-08-23,TSLA,Analysts turn cautious on Tesla after troubling profit margins,negative,1.0,-0.9042698133552038
2021-08-24,TSLA,"Tesla will report quarterly results next week, no major stock reaction",neutral,0.0,-0.0006354921084305611
2021-08-24,TSLA,"Tesla raised its full-year guidance, shares climb",positive,1.0,0.8894153272730412
2021-08-26,TSLA,Tesla shares slumped after warned of a demand slowdown,negative,-1.0,-0.903389612477623
2021-08-26,TSLA,Tesla stock surged on record revenue,positive,1.0,0.745068216796482
2021-08-27,TSLA,Tesla shares climbed after reported record quarterly profit,positive,1.0,0.9199478534962963
2021-08-30,TSLA,Tesla drops as it announced layoffs amid cost cuts,negative,-1.0,-0.9504631841496636
2021-08-31,TSLA,"Tesla received an analyst downgrade, shares slide",negative,-1.0,-0.9240015314457571
2021-09-01,TSLA,"Tesla raised its full-year guidance, shares climb",positive,1.0,0.8894153272730412
2021-09-01,TSLA,"Tesla unveiled a new product line to strong demand, shares climb",positive,1.0,0.9541530080281009
2021-09-02,TSLA,Analysts turn bullish on Tesla after strong cash flow,positive,1.0,0.8828489169494514
2021-09-09,TSLA,Tesla shares sank after faces a regulatory investigation,negative,-1.0,-0.9122560903927794
2021-09-09,TSLA,Analysts turn cautious on Tesla after soft revenue,negative,0.0,-0.8876055557909778
2021-09-13,TSLA,Tesla shares tumbled after announced layoffs amid cost cuts,negative,-1.0,-0.9158771245692987
2021-09-14,TSLA,Tesla drops as it missed analyst earnings estimates,negative,-1.0,-0.9294384286071677
2021-09-15,TSLA,"Tesla announced layoffs amid cost cuts, shares slide",negative,-1.0,-0.9481685175811168
2021-09-17,TSLA,"Tesla announced a share buyback program, shares climb",positive,1.0,0.9431851952476122
2021-09-20,TSLA,Tesla shares sank after announced layoffs amid cost cuts,negative,-1.0,-0.921800329491087
2021-09-20,TSLA,"Tesla announced a change to its board of directors, no major stock reaction",neutral,0.0,-0.0016182143834567436
2021-09-22,TSLA,Tesla stock sank on worse-than-expected cash flow,negative,-1.0,-0.8686060703184236
2021-09-23,TSLA,Tesla rallies as it announced a share buyback program,positive,1.0,0.9496730181861667
2021-09-23,TSLA,Tesla shares jumped after unveiled a new product line to strong demand,positive,1.0,0.9272893427945297
2021-09-27,TSLA,Tesla rallies as it reported record quarterly profit,positive,1.0,0.9594426220134175
2021-09-27,TSLA,Tesla shares slumped after received an analyst downgrade,negative,-1.0,-0.8938964889635873
2021-09-28,TSLA,Tesla rallies as it unveiled a new product line to strong demand,positive,1.0,0.9382030689749176
2021-09-29,TSLA,Tesla drops as it warned of a demand slowdown,negative,-1.0,-0.954141296089943
2021-10-01,TSLA,Tesla stock slumped on soft revenue,negative,-1.0,-0.825070388762351
2021-10-01,TSLA,"Tesla maintained its previous guidance, no major stock reaction",neutral,0.0,-0.0014008787005847512
2021-10-05,TSLA,Tesla rallies as it unveiled a new product line to strong demand,positive,1.0,0.9382030689749176
2021-10-05,TSLA,Tesla stock fell on troubling quarterly earnings,negative,-1.0,-0.8116974188670885
2021-10-06,TSLA,Tesla stock sank on troubling sales,negative,-1.0,-0.8691676925858082
2021-10-08,TSLA,Tesla shares soared after raised its full-year guidance,positive,1.0,0.8300601208955337
2021-10-12,TSLA,Tesla shares fell after warned of a demand slowdown,negative,-1.0,-0.8918817527992897
2021-10-18,TSLA,Tesla to hold investor call on cash flow,neutral,0.0,-0.002716876140779919
2021-10-18,TSLA,Tesla rallies as it received an analyst upgrade,positive,1.0,0.9085723119817152
2021-10-19,TSLA,Tesla shares soared after received an analyst upgrade,positive,1.0,0.8430006081314383
2021-10-20,TSLA,"Tesla raised its full-year guidance, shares climb",positive,1.0,0.8894153272730412
2021-10-21,TSLA,Tesla shares sank after announced layoffs amid cost cuts,negative,-1.0,-0.921800329491087
2021-10-25,TSLA,Tesla rallies as it announced a share buyback program,positive,1.0,0.9496730181861667
2021-10-27,TSLA,Tesla stock plunged on soft revenue,negative,-1.0,-0.7997267467954453
2021-10-28,TSLA,"Tesla will report quarterly results next week, no major stock reaction",neutral,0.0,-0.0006354921084305611
2021-10-28,TSLA,Analysts turn bullish on Tesla after record quarterly earnings,positive,1.0,0.9326856930985663
2021-10-29,TSLA,Analysts turn bullish on Tesla after record sales,positive,1.0,0.8993276416870025
2021-11-01,TSLA,"Tesla received an analyst downgrade, shares slide",negative,-1.0,-0.9240015314457571
2021-11-01,TSLA,Analysts turn bullish on Tesla after resilient revenue,positive,1.0,0.9079595146886128
2021-11-02,TSLA,Tesla stock plunged on troubling cash flow,negative,-1.0,-0.8071866346637743
2021-11-02,TSLA,Tesla shares sank after cut its full-year guidance,negative,-1.0,-0.83909930847803
2021-11-03,TSLA,Tesla shares tumbled after announced layoffs amid cost cuts,negative,-1.0,-0.9158771245692987
2021-11-04,TSLA,Tesla stock surged on robust guidance,positive,1.0,0.8142494465410458
2021-11-08,TSLA,Tesla rallies as it beat analyst earnings estimates,positive,1.0,0.8996918606802218
2021-11-09,TSLA,Tesla drops as it received an analyst downgrade,negative,-1.0,-0.9448443320467991
2021-11-10,TSLA,Tesla drops as it announced layoffs amid cost cuts,negative,-1.0,-0.9504631841496636
2021-11-12,TSLA,Tesla stock surged on better-than-expected guidance,positive,1.0,0.805831971851675
2021-11-16,TSLA,Tesla drops as it missed analyst earnings estimates,negative,-1.0,-0.9294384286071677
2021-11-16,TSLA,Analysts turn cautious on Tesla after weak profit margins,negative,0.0,-0.9158147152961001
2021-11-17,TSLA,Tesla to hold investor call on profit margins,neutral,1.0,-0.002803609954146819
2021-11-17,TSLA,"Tesla missed analyst earnings estimates, shares slide",negative,-1.0,-0.9022466148811359
2021-11-18,TSLA,Analysts turn cautious on Tesla after worse-than-expected guidance,negative,0.0,-0.9167527382232803
2021-11-19,TSLA,Tesla rallies as it announced a share buyback program,positive,1.0,0.9496730181861667
2021-11-19,TSLA,Analysts turn cautious on Tesla after worse-than-expected sales,negative,0.0,-0.9311073110734919
2021-11-22,TSLA,Tesla drops as it received an analyst downgrade,negative,-1.0,-0.9448443320467991
2021-11-23,TSLA,Tesla maintained its previous guidance,neutral,0.0,-0.0031164301868097655
2021-11-24,TSLA,Tesla rallies as it received an analyst upgrade,positive,1.0,0.9085723119817152
2021-11-30,TSLA,Analysts turn cautious on Tesla after weak quarterly earnings,negative,-1.0,-0.8916975909972414
2021-12-01,TSLA,Tesla drops as it faces a regulatory investigation,negative,-1.0,-0.9509191133472781
2021-12-02,TSLA,Tesla sales in line with expectations,neutral,0.0,-0.0006233021674547437
2021-12-03,TSLA,Tesla rallies as it beat analyst earnings estimates,positive,1.0,0.8996918606802218
2021-12-07,TSLA,"Tesla raised its full-year guidance, shares climb",positive,1.0,0.8894153272730412
2021-12-07,TSLA,Tesla shares advanced after reported record quarterly profit,positive,1.0,0.9217826761660146
2021-12-09,TSLA,Tesla stock slumped on weak guidance,negative,-1.0,-0.873108462074306
2021-12-09,TSLA,Analysts turn bullish on Tesla after record cash flow,positive,1.0,0.8874831582892988
2021-12-13,TSLA,Tesla stock slumped on worse-than-expected profit margins,negative,0.0,-0.8742790184717046
2021-12-14,TSLA,Analysts turn bullish on Tesla after resilient quarterly earnings,positive,1.0,0.890029773629898
2021-12-15,TSLA,Tesla shares surged after raised its full-year guidance,positive,1.0,0.8179909557545394
2021-12-17,TSLA,Tesla stock climbed on record profit margins,positive,1.0,0.7307640189666688
2021-12-20,TSLA,Tesla stock soared on resilient guidance,positive,1.0,0.7381391248499113
2021-12-21,TSLA,Tesla to hold investor call on guidance,neutral,0.0,-0.001087589049011222
2021-12-22,TSLA,Tesla shares advanced after unveiled a new product line to strong demand,positive,1.0,0.9118221229167777
2021-12-23,TSLA,Tesla rallies as it received an analyst upgrade,positive,1.0,0.9085723119817152
2021-12-27,TSLA,Analysts turn cautious on Tesla after disappointing quarterly earnings,negative,0.0,-0.9120683888533542
2021-12-28,TSLA,Analysts turn cautious on Tesla after weak quarterly earnings,negative,-1.0,-0.8916975909972414
2021-12-29,TSLA,Analysts turn cautious on Tesla after worse-than-expected revenue,negative,0.0,-0.9304053414905477
2021-12-30,TSLA,Tesla held its annual shareholder meeting,neutral,0.0,-0.004519695725281735
2021-12-31,TSLA,Tesla cash flow in line with expectations,neutral,0.0,-0.0008444006231275378
2022-01-03,TSLA,Tesla stock jumped on better-than-expected cash flow,positive,1.0,0.7582801695937211
2022-01-06,TSLA,Tesla drops as it cut its full-year guidance,negative,-1.0,-0.9174804645611704
2022-01-11,TSLA,Tesla held its annual shareholder meeting,neutral,0.0,-0.004519695725281735
2022-01-11,TSLA,Tesla stock advanced on better-than-expected sales,positive,1.0,0.7891744566027189
2022-01-13,TSLA,Tesla shares slumped after cut its full-year guidance,negative,-1.0,-0.8711286598113387
2022-01-19,TSLA,Tesla stock advanced on strong quarterly earnings,positive,1.0,0.8272264028072782
2022-01-20,TSLA,Tesla rallies as it beat analyst earnings estimates,positive,1.0,0.8996918606802218
2022-01-21,TSLA,Tesla shares slumped after warned of a demand slowdown,negative,-1.0,-0.903389612477623
2022-01-21,TSLA,"Tesla announced a share buyback program, shares climb",positive,1.0,0.9431851952476122
2022-01-24,TSLA,Tesla shares slumped after missed analyst earnings estimates,negative,-1.0,-0.8727442878693615
2022-01-25,TSLA,Tesla stock tumbled on weak guidance,negative,-1.0,-0.8427839645054883
2022-01-25,TSLA,Analysts turn cautious on Tesla after troubling revenue,negative,0.0,-0.9317213317388449
2022-01-27,TSLA,Analysts turn bullish on Tesla after resilient guidance,positive,1.0,0.8946120207093408
2022-02-01,TSLA,Tesla drops as it announced layoffs amid cost cuts,negative,-1.0,-0.9504631841496636
2022-02-02,TSLA,"Tesla faces a regulatory investigation, shares slide",negative,-1.0,-0.9553723905177202
2022-02-07,TSLA,Tesla shares trade flat as it will report quarterly results next week,neutral,0.0,-0.00055366975605739
2022-02-07,TSLA,Tesla drops as it faces a regulatory investigation,negative,-1.0,-0.9509191133472781
2022-02-11,TSLA,Tesla shares fell after faces a regulatory investigation,negative,-1.0,-0.9003149732745851
2022-02-14,TSLA,"Tesla beat analyst earnings estimates, shares climb",positive,1.0,0.8856703933415199
2022-02-18,TSLA,Tesla shares jumped after raised its full-year guidance,positive,1.0,0.836654709880389
2022-02-22,TSLA,Tesla rallies as it unveiled a new product line to strong demand,positive,1.0,0.9382030689749176
2022-02-24,TSLA,Tesla rallies as it beat analyst earnings estimates,positive,1.0,0.8996918606802218
2022-02-25,TSLA,Tesla drops as it received an analyst downgrade,negative,-1.0,-0.9448443320467991
2022-02-28,TSLA,Tesla shares rallied after beat analyst earnings estimates,positive,1.0,0.8724710462523797
2022-03-01,TSLA,Tesla presented at an industry conference,neutral,0.0,-0.0039492408241955795
2022-03-02,TSLA,Analysts turn cautious on Tesla after troubling profit margins,negative,1.0,-0.9042698133552038
2022-03-04,TSLA,Tesla shares tumbled after cut its full-year guidance,negative,-1.0,-0.831167713946977
2022-03-07,TSLA,Tesla stock tumbled on disappointing cash flow,negative,-1.0,-0.846864535413059
2022-03-08,TSLA,Tesla drops as it cut its full-year guidance,negative,-1.0,-0.9174804645611704
2022-03-09,TSLA,Tesla to hold investor call on revenue,neutral,0.0,-0.004201164402266321
2022-03-16,TSLA,"Tesla reported record quarterly profit, shares climb",positive,1.0,0.959502581819238
2022-03-18,TSLA,Tesla stock plunged on worse-than-expected revenue,negative,-1.0,-0.857864151099154
2022-03-25,TSLA,Tesla rallies as it received an analyst upgrade,positive,1.0,0.9085723119817152
2022-03-28,TSLA,Tesla shares dropped after received an analyst downgrade,negative,-1.0,-0.8872683749250939
2022-03-29,TSLA,Tesla shares rallied after unveiled a new product line to strong demand,positive,1.0,0.9407183989766889
2022-03-31,TSLA,Tesla drops as it warned of a demand slowdown,negative,-1.0,-0.954141296089943
2022-04-04,TSLA,Tesla stock climbed on strong guidance,positive,1.0,0.82336981259424
2022-04-07,TSLA,"Tesla raised its full-year guidance, shares climb",positive,1.0,0.8894153272730412
2022-04-07,TSLA,Tesla shares tumbled after cut its full-year guidance,negative,-1.0,-0.831167713946977
2022-04-08,TSLA,"Tesla announced a change to its board of directors, no major stock reaction",neutral,0.0,-0.0016182143834567436
2022-04-14,TSLA,Analysts turn bullish on Tesla after robust revenue,positive,1.0,0.8889535270041818
2022-04-19,TSLA,Analysts turn bullish on Tesla after robust sales,positive,1.0,0.9102643127888852
2022-04-19,TSLA,Tesla presented at an industry conference,neutral,0.0,-0.0039492408241955795
2022-04-20,TSLA,"Tesla faces a regulatory investigation, shares slide",negative,-1.0,-0.9553723905177202
2022-04-27,TSLA,Tesla shares tumbled after cut its full-year guidance,negative,-1.0,-0.831167713946977
2022-04-29,TSLA,Analysts turn bullish on Tesla after better-than-expected guidance,positive,1.0,0.9165892673589766
2022-05-04,TSLA,"Tesla held its annual shareholder meeting, no major stock reaction",neutral,0.0,-0.001891575678847136
2022-05-05,TSLA,Analysts turn cautious on Tesla after worse-than-expected sales,negative,0.0,-0.9311073110734919
2022-05-09,TSLA,Analysts turn cautious on Tesla after weak cash flow,negative,-1.0,-0.8896109808511186
2022-05-11,TSLA,Tesla stock sank on troubling cash flow,negative,-1.0,-0.8579507222338839
2022-05-12,TSLA,Tesla shares rallied after announced a share buyback program,positive,1.0,0.9180721117774989
2022-05-12,TSLA,"Tesla raised its full-year guidance, shares climb",positive,1.0,0.8894153272730412
2022-05-13,TSLA,Tesla maintained its previous guidance,neutral,0.0,-0.0031164301868097655
2022-05-16,TSLA,Tesla drops as it announced layoffs amid cost cuts,negative,-1.0,-0.9504631841496636
2022-05-17,TSLA,Tesla shares climbed after raised its full-year guidance,positive,1.0,0.8188454456180926
2022-05-17,TSLA,Analysts turn bullish on Tesla after robust cash flow,positive,1.0,0.8949944026498627
2022-05-23,TSLA,Tesla shares trade flat as it maintained its previous guidance,neutral,0.0,-0.0014717016192671052
2022-05-25,TSLA,Tesla drops as it missed analyst earnings estimates,negative,-1.0,-0.9294384286071677
2022-05-26,TSLA,"Tesla received an analyst upgrade, shares climb",positive,1.0,0.9228862673478969
2022-05-31,TSLA,Tesla to hold investor call on cash flow,neutral,0.0,-0.002716876140779919
2022-06-01,TSLA,Analysts turn cautious on Tesla after troubling revenue,negative,0.0,-0.9317213317388449
2022-06-02,TSLA,Tesla rallies as it raised its full-year guidance,positive,1.0,0.9155495178067174
2022-06-03,TSLA,Tesla shares tumbled after cut its full-year guidance,negative,-1.0,-0.831167713946977
2022-06-03,TSLA,Tesla drops as it announced layoffs amid cost cuts,negative,-1.0,-0.9504631841496636
2022-06-07,TSLA,Tesla stock surged on better-than-expected cash flow,positive,1.0,0.7502111598733529
2022-06-08,TSLA,"Tesla cut its full-year guidance, shares slide",negative,-1.0,-0.8981362424630321
2022-06-08,TSLA,Tesla drops as it warned of a demand slowdown,negative,-1.0,-0.954141296089943
2022-06-09,TSLA,Tesla shares climbed after reported record quarterly profit,positive,1.0,0.9199478534962963
2022-06-13,TSLA,Analysts turn cautious on Tesla after disappointing revenue,negative,0.0,-0.9363362486275862
2022-06-14,TSLA,Tesla drops as it cut its full-year guidance,negative,-1.0,-0.9174804645611704
2022-06-15,TSLA,Tesla stock jumped on resilient profit margins,positive,1.0,0.6861364388781935
2022-06-16,TSLA,Analysts turn cautious on Tesla after troubling revenue,negative,0.0,-0.9317213317388449
2022-06-21,TSLA,Tesla stock jumped on better-than-expected quarterly earnings,positive,1.0,0.776896235345477
2022-06-22,TSLA,Tesla presented at an industry conference,neutral,0.0,-0.0039492408241955795
2022-06-28,TSLA,Tesla shares trade flat as it filed its routine quarterly disclosure,neutral,0.0,-0.000525096919997867
2022-06-29,TSLA,Tesla drops as it faces a regulatory investigation,negative,-1.0,-0.9509191133472781
2022-06-30,TSLA,"Tesla presented at an industry conference, no major stock reaction",neutral,0.0,-0.0016330823795607779
2022-07-01,TSLA,Tesla rallies as it raised its full-year guidance,positive,1.0,0.9155495178067174
2022-07-05,TSLA,"Tesla reported record quarterly profit, shares climb",positive,1.0,0.959502581819238
2022-07-07,TSLA,"Tesla held its annual shareholder meeting, no major stock reaction",neutral,0.0,-0.001891575678847136
2022-07-08,TSLA,Tesla drops as it faces a regulatory investigation,negative,-1.0,-0.9509191133472781
2022-07-12,TSLA,Tesla presented at an industry conference,neutral,0.0,-0.0039492408241955795
2022-07-13,TSLA,"Tesla beat analyst earnings estimates, shares climb",positive,1.0,0.8856703933415199
2022-07-14,TSLA,Analysts turn bullish on Tesla after record guidance,positive,1.0,0.9027355859713917
2022-07-18,TSLA,Tesla guidance in line with expectations,neutral,0.0,0.00022362786858230732
2022-07-21,TSLA,Tesla stock plunged on troubling cash flow,negative,-1.0,-0.8071866346637743
2022-07-22,TSLA,"Tesla held its annual shareholder meeting, no major stock reaction",neutral,0.0,-0.001891575678847136
2022-07-25,TSLA,Analysts turn cautious on Tesla after weak cash flow,negative,-1.0,-0.8896109808511186
2022-07-25,TSLA,Tesla drops as it received an analyst downgrade,negative,-1.0,-0.9448443320467991
2022-07-28,TSLA,Tesla rallies as it raised its full-year guidance,positive,1.0,0.9155495178067174
2022-07-28,TSLA,Analysts turn bullish on Tesla after better-than-expected cash flow,positive,1.0,0.8857725415790667
2022-08-01,TSLA,Tesla shares sank after missed analyst earnings estimates,negative,-1.0,-0.8602369223568807
2022-08-02,TSLA,Tesla stock dropped on disappointing profit margins,negative,0.0,-0.8167059013023197
2022-08-03,TSLA,Tesla shares trade flat as it held its annual shareholder meeting,neutral,0.0,-0.0021417258300495956
2022-08-03,TSLA,Tesla shares advanced after reported record quarterly profit,positive,1.0,0.9217826761660146
2022-08-04,TSLA,Tesla rallies as it unveiled a new product line to strong demand,positive,1.0,0.9382030689749176
2022-08-05,TSLA,Tesla shares climbed after beat analyst earnings estimates,positive,1.0,0.8431695276020839
2022-08-05,TSLA,Tesla stock fell on soft quarterly earnings,negative,-1.0,-0.7689780437821122
2022-08-08,TSLA,Analysts turn bullish on Tesla after robust cash flow,positive,1.0,0.8949944026498627
2022-08-11,TSLA,Tesla sales in line with expectations,neutral,0.0,-0.0006233021674547437
2022-08-16,TSLA,"Tesla announced a share buyback program, shares climb",positive,1.0,0.9431851952476122
2022-08-17,TSLA,Tesla drops as it warned of a demand slowdown,negative,-1.0,-0.954141296089943
2022-08-17,TSLA,Analysts turn cautious on Tesla after troubling revenue,negative,0.0,-0.9317213317388449
2022-08-18,TSLA,Analysts turn cautious on Tesla after weak cash flow,negative,-1.0,-0.8896109808511186
2022-08-22,TSLA,Analysts turn bullish on Tesla after record sales,positive,1.0,0.8993276416870025
2022-08-22,TSLA,"Tesla will report quarterly results next week, no major stock reaction",neutral,0.0,-0.0006354921084305611
2022-08-25,TSLA,Analysts turn bullish on Tesla after record profit margins,positive,1.0,0.8688047184431772
2022-08-25,TSLA,Tesla shares sank after announced layoffs amid cost cuts,negative,-1.0,-0.921800329491087
2022-08-26,TSLA,Tesla stock dropped on weak sales,negative,-1.0,-0.8303074475806449
2022-08-26,TSLA,Tesla stock rallied on resilient revenue,positive,1.0,0.76603128950067
2022-08-29,TSLA,Tesla shares surged after announced a share buyback program,positive,1.0,0.8962873215444668
2022-08-29,TSLA,Analysts turn bullish on Tesla after resilient cash flow,positive,1.0,0.8858466529261899
2022-08-30,TSLA,"Tesla announced layoffs amid cost cuts, shares slide",negative,-1.0,-0.9481685175811168
2022-08-31,TSLA,Tesla stock fell on soft cash flow,negative,-1.0,-0.799106221588923
2022-09-01,TSLA,Tesla shares rallied after beat analyst earnings estimates,positive,1.0,0.8724710462523797
2022-09-06,TSLA,Tesla to hold investor call on cash flow,neutral,0.0,-0.002716876140779919
2022-09-06,TSLA,Tesla shares sank after cut its full-year guidance,negative,-1.0,-0.83909930847803
2022-09-07,TSLA,Tesla stock rallied on record profit margins,positive,1.0,0.7402336224871446
2022-09-08,TSLA,Tesla rallies as it reported record quarterly profit,positive,1.0,0.9594426220134175
2022-09-13,TSLA,Tesla drops as it warned of a demand slowdown,negative,-1.0,-0.954141296089943
2022-09-14,TSLA,Tesla shares soared after received an analyst upgrade,positive,1.0,0.8430006081314383
2022-09-14,TSLA,Tesla rallies as it announced a share buyback program,positive,1.0,0.9496730181861667
2022-09-16,TSLA,Tesla shares trade flat as it will report quarterly results next week,neutral,0.0,-0.00055366975605739
2022-09-19,TSLA,"Tesla presented at an industry conference, no major stock reaction",neutral,0.0,-0.0016330823795607779
2022-09-28,TSLA,Tesla shares trade flat as it will report quarterly results next week,neutral,0.0,-0.00055366975605739
2022-09-29,TSLA,"Tesla received an analyst upgrade, shares climb",positive,1.0,0.9228862673478969
2022-09-29,TSLA,Tesla stock advanced on record revenue,positive,1.0,0.746889042839965
2022-10-04,TSLA,Tesla shares soared after raised its full-year guidance,positive,1.0,0.8300601208955337
2022-10-04,TSLA,Tesla to hold investor call on cash flow,neutral,0.0,-0.002716876140779919
2022-10-05,TSLA,Tesla shares trade flat as it maintained its previous guidance,neutral,0.0,-0.0014717016192671052
2022-10-06,TSLA,"Tesla maintained its previous guidance, no major stock reaction",neutral,0.0,-0.0014008787005847512
2022-10-06,TSLA,Tesla stock dropped on weak profit margins,negative,-0.3333333333333333,-0.8177248139877824
2022-10-14,TSLA,Tesla shares rallied after announced a share buyback program,positive,1.0,0.9180721117774989
2022-10-18,TSLA,Analysts turn cautious on Tesla after worse-than-expected quarterly earnings,negative,0.0,-0.9165697770239196
2022-10-21,TSLA,Analysts turn bullish on Tesla after resilient sales,positive,1.0,0.9003423551490737
2022-10-25,TSLA,"Tesla received an analyst upgrade, shares climb",positive,1.0,0.9228862673478969
2022-10-27,TSLA,Tesla shares slumped after cut its full-year guidance,negative,-1.0,-0.8711286598113387
2022-10-28,TSLA,Tesla rallies as it announced a share buyback program,positive,1.0,0.9496730181861667
2022-11-01,TSLA,Tesla maintained its previous guidance,neutral,0.0,-0.0031164301868097655
2022-11-02,TSLA,Tesla shares fell after received an analyst downgrade,negative,-1.0,-0.8728976584926861
2022-11-02,TSLA,"Tesla announced layoffs amid cost cuts, shares slide",negative,-1.0,-0.9481685175811168
2022-11-03,TSLA,Tesla stock jumped on better-than-expected profit margins,positive,1.0,0.7521419270475753
2022-11-07,TSLA,Analysts turn bullish on Tesla after strong cash flow,positive,1.0,0.8828489169494514
2022-11-07,TSLA,Tesla stock jumped on resilient guidance,positive,1.0,0.7044098700620505
2022-11-09,TSLA,"Tesla faces a regulatory investigation, shares slide",negative,-1.0,-0.9553723905177202
2022-11-09,TSLA,Analysts turn cautious on Tesla after troubling sales,negative,0.0,-0.9252650895535688
2022-11-10,TSLA,Tesla shares trade flat as it announced a change to its board of directors,neutral,0.0,-0.0014402382331549328
2022-11-11,TSLA,Tesla to hold investor call on cash flow,neutral,0.0,-0.002716876140779919
2022-11-14,TSLA,"Tesla received an analyst upgrade, shares climb",positive,1.0,0.9228862673478969
2022-11-14,TSLA,Analysts turn bullish on Tesla after strong guidance,positive,1.0,0.9110353358811318
2022-11-15,TSLA,Tesla drops as it announced layoffs amid cost cuts,negative,-1.0,-0.9504631841496636
2022-11-17,TSLA,Analysts turn cautious on Tesla after troubling sales,negative,0.0,-0.9252650895535688
2022-11-18,TSLA,Tesla shares slumped after faces a regulatory investigation,negative,-1.0,-0.9214490474718803
2022-11-23,TSLA,"Tesla faces a regulatory investigation, shares slide",negative,-1.0,-0.9553723905177202
2022-11-25,TSLA,Tesla maintained its previous guidance,neutral,0.0,-0.0031164301868097655
2022-11-30,TSLA,Analysts turn bullish on Tesla after robust cash flow,positive,1.0,0.8949944026498627
2022-12-02,TSLA,Analysts turn bullish on Tesla after robust profit margins,positive,1.0,0.8769189429776796
2022-12-06,TSLA,"Tesla announced a share buyback program, shares climb",positive,1.0,0.9431851952476122
2022-12-08,TSLA,Tesla stock surged on resilient guidance,positive,1.0,0.7381393542646487
2022-12-12,TSLA,"Tesla received an analyst upgrade, shares climb",positive,1.0,0.9228862673478969
2022-12-14,TSLA,Tesla drops as it faces a regulatory investigation,negative,-1.0,-0.9509191133472781
2022-12-15,TSLA,"Tesla cut its full-year guidance, shares slide",negative,-1.0,-0.8981362424630321
2022-12-16,TSLA,"Tesla faces a regulatory investigation, shares slide",negative,-1.0,-0.9553723905177202
2022-12-20,TSLA,Tesla rallies as it raised its full-year guidance,positive,1.0,0.9155495178067174
2022-12-21,TSLA,Tesla shares slumped after cut its full-year guidance,negative,-1.0,-0.8711286598113387
2022-12-21,TSLA,Tesla stock rallied on better-than-expected quarterly earnings,positive,1.0,0.7837746231738393
2022-12-27,TSLA,Tesla shares sank after cut its full-year guidance,negative,-1.0,-0.83909930847803
2022-12-29,TSLA,Tesla shares slumped after missed analyst earnings estimates,negative,-1.0,-0.8727442878693615
2023-01-03,TSLA,Analysts turn bullish on Tesla after strong sales,positive,1.0,0.9194451092854292
2023-01-10,TSLA,Tesla quarterly earnings in line with expectations,neutral,0.0,0.0023840892202925054
2023-01-12,TSLA,"Tesla unveiled a new product line to strong demand, shares climb",positive,1.0,0.9541530080281009
2023-01-13,TSLA,"Tesla warned of a demand slowdown, shares slide",negative,-1.0,-0.9431367794204918
2023-01-17,TSLA,Tesla shares advanced after raised its full-year guidance,positive,1.0,0.8142967051867009
2023-01-19,TSLA,Tesla shares tumbled after announced layoffs amid cost cuts,negative,-1.0,-0.9158771245692987
2023-01-20,TSLA,Tesla drops as it warned of a demand slowdown,negative,-1.0,-0.954141296089943
2023-01-24,TSLA,Tesla to hold investor call on cash flow,neutral,0.0,-0.002716876140779919
2023-01-26,TSLA,"Tesla will report quarterly results next week, no major stock reaction",neutral,0.0,-0.0006354921084305611
2023-01-27,TSLA,Tesla shares slumped after warned of a demand slowdown,negative,-1.0,-0.903389612477623
2023-01-30,TSLA,Tesla shares climbed after received an analyst upgrade,positive,1.0,0.8526343764486115
2023-01-30,TSLA,"Tesla cut its full-year guidance, shares slide",negative,-1.0,-0.8981362424630321
2023-01-31,TSLA,Tesla shares fell after announced layoffs amid cost cuts,negative,-1.0,-0.9341447988999668
2023-02-01,TSLA,Tesla to hold investor call on cash flow,neutral,0.0,-0.002716876140779919
2023-02-02,TSLA,Tesla rallies as it reported record quarterly profit,positive,1.0,0.9594426220134175
2023-02-06,TSLA,Tesla rallies as it announced a share buyback program,positive,1.0,0.9496730181861667
2023-02-06,TSLA,Tesla drops as it warned of a demand slowdown,negative,-1.0,-0.954141296089943
2023-02-08,TSLA,Tesla stock climbed on robust cash flow,positive,1.0,0.7893847147240876
2023-02-09,TSLA,"Tesla missed analyst earnings estimates, shares slide",negative,-1.0,-0.9022466148811359
2023-02-09,TSLA,Analysts turn bullish on Tesla after resilient sales,positive,1.0,0.9003423551490737
2023-02-10,TSLA,"Tesla faces a regulatory investigation, shares slide",negative,-1.0,-0.9553723905177202
2023-02-13,TSLA,"Tesla announced a change to its board of directors, no major stock reaction",neutral,0.0,-0.0016182143834567436
2023-02-13,TSLA,Analysts turn cautious on Tesla after soft guidance,negative,0.0,-0.8960461295668591
2023-02-14,TSLA,Analysts turn bullish on Tesla after strong sales,positive,1.0,0.9194451092854292
2023-02-14,TSLA,"Tesla raised its full-year guidance, shares climb",positive,1.0,0.8894153272730412
2023-02-15,TSLA,Tesla drops as it faces a regulatory investigation,negative,-1.0,-0.9509191133472781
2023-02-17,TSLA,Analysts turn cautious on Tesla after weak profit margins,negative,0.0,-0.9158147152961001
2023-02-21,TSLA,"Tesla cut its full-year guidance, shares slide",negative,-1.0,-0.8981362424630321
2023-02-21,TSLA,Analysts turn bullish on Tesla after resilient guidance,positive,1.0,0.8946120207093408
2023-02-22,TSLA,Tesla rallies as it received an analyst upgrade,positive,1.0,0.9085723119817152
2023-02-22,TSLA,Tesla rallies as it beat analyst earnings estimates,positive,1.0,0.8996918606802218
2023-02-23,TSLA,Tesla to hold investor call on profit margins,neutral,1.0,-0.002803609954146819
2023-02-23,TSLA,Tesla will report quarterly results next week,neutral,0.0,-0.0009698295543304411
2023-02-24,TSLA,Tesla stock plunged on worse-than-expected quarterly earnings,negative,-1.0,-0.8346296105185658
2023-02-27,TSLA,Analysts turn bullish on Tesla after resilient cash flow,positive,1.0,0.8858466529261899
2023-02-28,TSLA,"Tesla raised its full-year guidance, shares climb",positive,1.0,0.8894153272730412
2023-03-01,TSLA,Tesla shares trade flat as it announced a change to its board of directors,neutral,0.0,-0.0014402382331549328
2023-03-01,TSLA,Tesla to hold investor call on revenue,neutral,0.0,-0.004201164402266321
2023-03-06,TSLA,Tesla shares advanced after received an analyst upgrade,positive,1.0,0.8473380852946287
2023-03-07,TSLA,Analysts turn bullish on Tesla after strong sales,positive,1.0,0.9194451092854292
2023-03-07,TSLA,Tesla to hold investor call on quarterly earnings,neutral,0.0,0.0007605199058235146
2023-03-08,TSLA,Tesla drops as it cut its full-year guidance,negative,-1.0,-0.9174804645611704
2023-03-15,TSLA,Analysts turn bullish on Tesla after robust guidance,positive,1.0,0.915091084640088
2023-03-15,TSLA,Tesla rallies as it announced a share buyback program,positive,1.0,0.9496730181861667
2023-03-16,TSLA,Tesla shares advanced after unveiled a new product line to strong demand,positive,1.0,0.9118221229167777
2023-03-20,TSLA,"Tesla cut its full-year guidance, shares slide",negative,-1.0,-0.8981362424630321
2023-03-21,TSLA,Tesla stock jumped on record cash flow,positive,1.0,0.7596005023575668
2023-03-22,TSLA,Tesla shares climbed after beat analyst earnings estimates,positive,1.0,0.8431695276020839
2023-03-28,TSLA,Analysts turn bullish on Tesla after resilient cash flow,positive,1.0,0.8858466529261899
2023-03-30,TSLA,Tesla drops as it faces a regulatory investigation,negative,-1.0,-0.9509191133472781
2023-03-31,TSLA,Tesla to hold investor call on quarterly earnings,neutral,0.0,0.0007605199058235146
2023-03-31,TSLA,Tesla drops as it announced layoffs amid cost cuts,negative,-1.0,-0.9504631841496636
2023-04-10,TSLA,Tesla shares slumped after announced layoffs amid cost cuts,negative,-1.0,-0.9212647702685354
2023-04-12,TSLA,Tesla drops as it received an analyst downgrade,negative,-1.0,-0.9448443320467991
2023-04-13,TSLA,Tesla shares trade flat as it will report quarterly results next week,neutral,0.0,-0.00055366975605739
2023-04-14,TSLA,Tesla rallies as it received an analyst upgrade,positive,1.0,0.9085723119817152
2023-04-14,TSLA,Tesla drops as it missed analyst earnings estimates,negative,-1.0,-0.9294384286071677
2023-04-19,TSLA,"Tesla reported record quarterly profit, shares climb",positive,1.0,0.959502581819238
2023-04-21,TSLA,Tesla to hold investor call on quarterly earnings,neutral,0.0,0.0007605199058235146
2023-04-24,TSLA,Tesla cash flow in line with expectations,neutral,0.0,-0.0008444006231275378
2023-04-25,TSLA,Analysts turn bullish on Tesla after strong cash flow,positive,1.0,0.8828489169494514
2023-04-26,TSLA,Tesla will report quarterly results next week,neutral,0.0,-0.0009698295543304411
2023-04-28,TSLA,Analysts turn bullish on Tesla after strong cash flow,positive,1.0,0.8828489169494514
2023-04-28,TSLA,"Tesla maintained its previous guidance, no major stock reaction",neutral,0.0,-0.0014008787005847512
2023-05-01,TSLA,Tesla stock fell on weak sales,negative,-1.0,-0.8725831063194796
2023-05-02,TSLA,Tesla stock tumbled on weak quarterly earnings,negative,-1.0,-0.7967234040722301
2023-05-05,TSLA,Analysts turn bullish on Tesla after robust revenue,positive,1.0,0.8889535270041818
2023-05-08,TSLA,Tesla rallies as it beat analyst earnings estimates,positive,1.0,0.8996918606802218
2023-05-09,TSLA,Tesla stock tumbled on troubling cash flow,negative,-1.0,-0.8539226044059903
2023-05-10,TSLA,Tesla shares rallied after reported record quarterly profit,positive,1.0,0.9428590223863158
2023-05-11,TSLA,Tesla shares fell after warned of a demand slowdown,negative,-1.0,-0.8918817527992897
2023-05-12,TSLA,Analysts turn bullish on Tesla after robust sales,positive,1.0,0.9102643127888852
2023-05-15,TSLA,Analysts turn cautious on Tesla after troubling guidance,negative,0.0,-0.9184572575136737
2023-05-15,TSLA,"Tesla received an analyst downgrade, shares slide",negative,-1.0,-0.9240015314457571
2023-05-16,TSLA,Tesla drops as it warned of a demand slowdown,negative,-1.0,-0.954141296089943
2023-05-16,TSLA,Tesla stock soared on resilient revenue,positive,1.0,0.770040671837102
2023-05-17,TSLA,Tesla drops as it announced layoffs amid cost cuts,negative,-1.0,-0.9504631841496636
2023-05-18,TSLA,Tesla shares trade flat as it held its annual shareholder meeting,neutral,0.0,-0.0021417258300495956
2023-05-19,TSLA,"Tesla unveiled a new product line to strong demand, shares climb",positive,1.0,0.9541530080281009
2023-05-23,TSLA,"Tesla missed analyst earnings estimates, shares slide",negative,-1.0,-0.9022466148811359
2023-05-24,TSLA,Tesla shares tumbled after warned of a demand slowdown,negative,-1.0,-0.8796446149553774
2023-05-25,TSLA,Tesla shares slumped after announced layoffs amid cost cuts,negative,-1.0,-0.9212647702685354
2023-05-26,TSLA,"Tesla received an analyst upgrade, shares climb",positive,1.0,0.9228862673478969
2023-06-01,TSLA,"Tesla maintained its previous guidance, no major stock reaction",neutral,0.0,-0.0014008787005847512
2023-06-05,TSLA,Tesla shares climbed after raised its full-year guidance,positive,1.0,0.8188454456180926
2023-06-06,TSLA,Tesla rallies as it reported record quarterly profit,positive,1.0,0.9594426220134175
2023-06-09,TSLA,Tesla shares plunged after cut its full-year guidance,negative,-1.0,-0.8203410117018011
2023-06-12,TSLA,"Tesla unveiled a new product line to strong demand, shares climb",positive,1.0,0.9541530080281009
2023-06-13,TSLA,Tesla cash flow in line with expectations,neutral,0.0,-0.0008444006231275378
2023-06-15,TSLA,Analysts turn bullish on Tesla after record sales,positive,1.0,0.8993276416870025
2023-06-16,TSLA,Tesla rallies as it reported record quarterly profit,positive,1.0,0.9594426220134175
2023-06-20,TSLA,Tesla shares dropped after warned of a demand slowdown,negative,-1.0,-0.9143906746491206
2023-06-22,TSLA,Tesla guidance in line with expectations,neutral,0.0,0.00022362786858230732
2023-06-26,TSLA,Analysts turn cautious on Tesla after worse-than-expected profit margins,negative,1.0,-0.9155149166837249
2023-06-29,TSLA,Analysts turn bullish on Tesla after better-than-expected quarterly earnings,positive,1.0,0.894840987355349
2023-07-05,TSLA,Tesla stock surged on resilient quarterly earnings,positive,1.0,0.7391733875811272
2023-07-06,TSLA,Tesla shares tumbled after faces a regulatory investigation,negative,-1.0,-0.8899243786212304
2023-07-10,TSLA,Tesla stock climbed on strong guidance,positive,1.0,0.82336981259424
2023-07-11,TSLA,"Tesla announced a share buyback program, shares climb",positive,1.0,0.9431851952476122
2023-07-13,TSLA,"Tesla unveiled a new product line to strong demand, shares climb",positive,1.0,0.9541530080281009
2023-07-17,TSLA,"Tesla received an analyst upgrade, shares climb",positive,1.0,0.9228862673478969
2023-07-19,TSLA,Tesla sales in line with expectations,neutral,0.0,-0.0006233021674547437
2023-07-20,TSLA,Tesla to hold investor call on guidance,neutral,0.0,-0.001087589049011222
2023-07-21,TSLA,Analysts turn cautious on Tesla after weak guidance,negative,-1.0,-0.9214441740233225
2023-07-24,TSLA,Analysts turn bullish on Tesla after better-than-expected quarterly earnings,positive,1.0,0.894840987355349
2023-07-26,TSLA,Tesla shares surged after received an analyst upgrade,positive,1.0,0.8061841469330032
2023-07-26,TSLA,Tesla presented at an industry conference,neutral,0.0,-0.0039492408241955795
2023-07-27,TSLA,Tesla rallies as it received an analyst upgrade,positive,1.0,0.9085723119817152
2023-07-28,TSLA,Tesla stock sank on soft guidance,negative,-1.0,-0.8339213651182559
2023-07-31,TSLA,Tesla stock plunged on worse-than-expected revenue,negative,-1.0,-0.857864151099154
2023-08-01,TSLA,Analysts turn cautious on Tesla after worse-than-expected revenue,negative,0.0,-0.9304053414905477
2023-08-02,TSLA,Tesla stock surged on robust guidance,positive,1.0,0.8142494465410458
2023-08-02,TSLA,"Tesla cut its full-year guidance, shares slide",negative,-1.0,-0.8981362424630321
2023-08-04,TSLA,Tesla drops as it cut its full-year guidance,negative,-1.0,-0.9174804645611704
2023-08-04,TSLA,Tesla stock plunged on troubling quarterly earnings,negative,-1.0,-0.7609540717367221
2023-08-07,TSLA,Tesla quarterly earnings in line with expectations,neutral,0.0,0.0023840892202925054
2023-08-09,TSLA,Tesla shares plunged after missed analyst earnings estimates,negative,-1.0,-0.8123086631164369
2023-08-15,TSLA,"Tesla unveiled a new product line to strong demand, shares climb",positive,1.0,0.9541530080281009
2023-08-18,TSLA,"Tesla warned of a demand slowdown, shares slide",negative,-1.0,-0.9431367794204918
2023-08-21,TSLA,Tesla rallies as it announced a share buyback program,positive,1.0,0.9496730181861667
2023-08-23,TSLA,Tesla stock soared on resilient guidance,positive,1.0,0.7381391248499113
2023-08-23,TSLA,Tesla stock climbed on strong cash flow,positive,1.0,0.7786515232440995
2023-08-25,TSLA,Analysts turn bullish on Tesla after resilient profit margins,positive,1.0,0.8785819188034896
2023-08-28,TSLA,Tesla drops as it faces a regulatory investigation,negative,-1.0,-0.9509191133472781
2023-08-28,TSLA,"Tesla maintained its previous guidance, no major stock reaction",neutral,0.0,-0.0014008787005847512
2023-08-31,TSLA,"Tesla will report quarterly results next week, no major stock reaction",neutral,0.0,-0.0006354921084305611
2023-09-07,TSLA,Tesla stock sank on soft profit margins,negative,0.0,-0.7771127711893727
2023-09-08,TSLA,Tesla stock soared on record profit margins,positive,1.0,0.6742030462315004
2023-09-08,TSLA,Tesla rallies as it reported record quarterly profit,positive,1.0,0.9594426220134175
2023-09-11,TSLA,Tesla rallies as it received an analyst upgrade,positive,1.0,0.9085723119817152
2023-09-12,TSLA,Analysts turn cautious on Tesla after disappointing cash flow,negative,0.0,-0.9115777284053119
2023-09-13,TSLA,"Tesla cut its full-year guidance, shares slide",negative,-1.0,-0.8981362424630321
2023-09-18,TSLA,Tesla rallies as it beat analyst earnings estimates,positive,1.0,0.8996918606802218
2023-09-18,TSLA,Tesla drops as it missed analyst earnings estimates,negative,-1.0,-0.9294384286071677
2023-09-21,TSLA,Tesla stock soared on resilient cash flow,positive,1.0,0.7283197007762965
2023-09-21,TSLA,Tesla shares trade flat as it presented at an industry conference,neutral,0.0,-0.001977838030925147
2023-09-25,TSLA,Tesla held its annual shareholder meeting,neutral,0.0,-0.004519695725281735
2023-09-27,TSLA,Analysts turn bullish on Tesla after resilient cash flow,positive,1.0,0.8858466529261899
2023-09-28,TSLA,Tesla to hold investor call on quarterly earnings,neutral,0.0,0.0007605199058235146
2023-09-29,TSLA,Tesla shares plunged after received an analyst downgrade,negative,-1.0,-0.8297498983942582
2023-10-03,TSLA,Tesla drops as it warned of a demand slowdown,negative,-1.0,-0.954141296089943
2023-10-09,TSLA,Tesla to hold investor call on sales,neutral,0.0,-0.002207908423523027
2023-10-13,TSLA,Tesla shares slumped after received an analyst downgrade,negative,-1.0,-0.8938964889635873
2023-10-17,TSLA,Tesla rallies as it announced a share buyback program,positive,1.0,0.9496730181861667
2023-10-19,TSLA,"Tesla received an analyst downgrade, shares slide",negative,-1.0,-0.9240015314457571
2023-10-20,TSLA,Analysts turn bullish on Tesla after strong quarterly earnings,positive,1.0,0.9123492553553822
2023-10-20,TSLA,Tesla cash flow in line with expectations,neutral,0.0,-0.0008444006231275378
2023-10-23,TSLA,Tesla rallies as it reported record quarterly profit,positive,1.0,0.9594426220134175
2023-10-23,TSLA,Tesla drops as it received an analyst downgrade,negative,-1.0,-0.9448443320467991
2023-10-24,TSLA,Tesla stock dropped on worse-than-expected cash flow,negative,-1.0,-0.8493046783688931
2023-10-24,TSLA,Analysts turn bullish on Tesla after better-than-expected profit margins,positive,1.0,0.8817810801381694
2023-10-25,TSLA,Tesla drops as it cut its full-year guidance,negative,-1.0,-0.9174804645611704
2023-10-26,TSLA,Tesla stock fell on weak sales,negative,-1.0,-0.8725831063194796
2023-10-26,TSLA,Tesla shares surged after received an analyst upgrade,positive,1.0,0.8061841469330032
2023-10-30,TSLA,Tesla drops as it faces a regulatory investigation,negative,-1.0,-0.9509191133472781
2023-10-31,TSLA,Tesla shares climbed after reported record quarterly profit,positive,1.0,0.9199478534962963
2023-11-02,TSLA,Tesla to hold investor call on quarterly earnings,neutral,0.0,0.0007605199058235146
2023-11-02,TSLA,Tesla shares surged after announced a share buyback program,positive,1.0,0.8962873215444668
2023-11-06,TSLA,Tesla shares fell after faces a regulatory investigation,negative,-1.0,-0.9003149732745851
2023-11-07,TSLA,"Tesla maintained its previous guidance, no major stock reaction",neutral,0.0,-0.0014008787005847512
2023-11-08,TSLA,Tesla rallies as it announced a share buyback program,positive,1.0,0.9496730181861667
2023-11-10,TSLA,Tesla cash flow in line with expectations,neutral,0.0,-0.0008444006231275378
2023-11-13,TSLA,Analysts turn bullish on Tesla after strong quarterly earnings,positive,1.0,0.9123492553553822
2023-11-13,TSLA,Tesla drops as it warned of a demand slowdown,negative,-1.0,-0.954141296089943
2023-11-14,TSLA,Tesla shares tumbled after cut its full-year guidance,negative,-1.0,-0.831167713946977
2023-11-15,TSLA,Tesla rallies as it announced a share buyback program,positive,1.0,0.9496730181861667
2023-11-15,TSLA,"Tesla announced a share buyback program, shares climb",positive,1.0,0.9431851952476122
2023-11-17,TSLA,Tesla shares plunged after faces a regulatory investigation,negative,-1.0,-0.8907906727901248
2023-11-21,TSLA,Tesla maintained its previous guidance,neutral,0.0,-0.0031164301868097655
2023-11-22,TSLA,Tesla shares slumped after faces a regulatory investigation,negative,-1.0,-0.9214490474718803
2023-11-24,TSLA,Tesla shares trade flat as it maintained its previous guidance,neutral,0.0,-0.0014717016192671052
2023-11-27,TSLA,Tesla shares advanced after reported record quarterly profit,positive,1.0,0.9217826761660146
2023-12-04,TSLA,Tesla drops as it received an analyst downgrade,negative,-1.0,-0.9448443320467991
2023-12-05,TSLA,Tesla announced a change to its board of directors,neutral,0.0,-0.003610072075022376
2023-12-06,TSLA,"Tesla beat analyst earnings estimates, shares climb",positive,1.0,0.8856703933415199
2023-12-06,TSLA,Tesla drops as it missed analyst earnings estimates,negative,-1.0,-0.9294384286071677
2023-12-07,TSLA,Tesla to hold investor call on guidance,neutral,0.0,-0.001087589049011222
2023-12-07,TSLA,Tesla rallies as it beat analyst earnings estimates,positive,1.0,0.8996918606802218
2023-12-11,TSLA,"Tesla announced layoffs amid cost cuts, shares slide",negative,-1.0,-0.9481685175811168
2023-12-11,TSLA,Tesla shares dropped after received an analyst downgrade,negative,-1.0,-0.8872683749250939
2023-12-12,TSLA,Tesla stock rallied on strong profit margins,positive,1.0,0.810831556548267
2023-12-12,TSLA,Tesla stock surged on record sales,positive,1.0,0.7909119952792617
2023-12-13,TSLA,"Tesla unveiled a new product line to strong demand, shares climb",positive,1.0,0.9541530080281009
2023-12-13,TSLA,Tesla shares tumbled after warned of a demand slowdown,negative,-1.0,-0.8796446149553774
2023-12-18,TSLA,Tesla to hold investor call on profit margins,neutral,1.0,-0.002803609954146819
2023-12-19,TSLA,Tesla stock tumbled on worse-than-expected guidance,negative,-1.0,-0.8598641920930655
2023-12-19,TSLA,"Tesla warned of a demand slowdown, shares slide",negative,-1.0,-0.9431367794204918
2023-12-21,TSLA,"Tesla reported record quarterly profit, shares climb",positive,1.0,0.959502581819238
2023-12-22,TSLA,"Tesla reported record quarterly profit, shares climb",positive,1.0,0.959502581819238
2023-12-22,TSLA,Analysts turn cautious on Tesla after troubling sales,negative,0.0,-0.9252650895535688
2023-12-26,TSLA,Tesla stock plunged on soft revenue,negative,-1.0,-0.7997267467954453
2023-12-27,TSLA,Tesla shares plunged after announced layoffs amid cost cuts,negative,-1.0,-0.9048464168593564
2023-12-29,TSLA,Tesla shares soared after unveiled a new product line to strong demand,positive,1.0,0.920475081028385
2024-01-04,TSLA,Tesla stock climbed on better-than-expected guidance,positive,1.0,0.8130289846596332
2024-01-05,TSLA,Tesla shares trade flat as it announced a change to its board of directors,neutral,0.0,-0.0014402382331549328
2024-01-09,TSLA,"Tesla missed analyst earnings estimates, shares slide",negative,-1.0,-0.9022466148811359
2024-01-12,TSLA,Tesla stock dropped on troubling guidance,negative,-1.0,-0.8042818593289762
2024-01-17,TSLA,Tesla shares fell after warned of a demand slowdown,negative,-1.0,-0.8918817527992897
2024-01-19,TSLA,Tesla drops as it received an analyst downgrade,negative,-1.0,-0.9448443320467991
2024-01-25,TSLA,Tesla to hold investor call on sales,neutral,0.0,-0.002207908423523027
2024-01-25,TSLA,"Tesla announced layoffs amid cost cuts, shares slide",negative,-1.0,-0.9481685175811168
2024-01-26,TSLA,Tesla drops as it received an analyst downgrade,negative,-1.0,-0.9448443320467991
2024-01-29,TSLA,Tesla rallies as it beat analyst earnings estimates,positive,1.0,0.8996918606802218
2024-01-31,TSLA,Tesla held its annual shareholder meeting,neutral,0.0,-0.004519695725281735
2024-02-01,TSLA,"Tesla received an analyst upgrade, shares climb",positive,1.0,0.9228862673478969
2024-02-02,TSLA,"Tesla received an analyst downgrade, shares slide",negative,-1.0,-0.9240015314457571
2024-02-06,TSLA,Tesla held its annual shareholder meeting,neutral,0.0,-0.004519695725281735
2024-02-08,TSLA,Tesla shares climbed after received an analyst upgrade,positive,1.0,0.8526343764486115
2024-02-09,TSLA,"Tesla faces a regulatory investigation, shares slide",negative,-1.0,-0.9553723905177202
2024-02-21,TSLA,Tesla stock soared on strong quarterly earnings,positive,1.0,0.8309268443900149
2024-02-22,TSLA,"Tesla received an analyst downgrade, shares slide",negative,-1.0,-0.9240015314457571
2024-02-26,TSLA,Tesla stock advanced on resilient sales,positive,1.0,0.7365274852732117
2024-03-05,TSLA,Tesla stock climbed on resilient sales,positive,1.0,0.7788343045732182
2024-03-06,TSLA,"Tesla received an analyst downgrade, shares slide",negative,-1.0,-0.9240015314457571
2024-03-08,TSLA,Analysts turn bullish on Tesla after record guidance,positive,1.0,0.9027355859713917
2024-03-11,TSLA,"Tesla missed analyst earnings estimates, shares slide",negative,-1.0,-0.9022466148811359
2024-03-14,TSLA,Tesla profit margins in line with expectations,neutral,1.0,-0.0004828855946626513
2024-03-18,TSLA,Tesla rallies as it unveiled a new product line to strong demand,positive,1.0,0.9382030689749176
2024-03-22,TSLA,Tesla drops as it received an analyst downgrade,negative,-1.0,-0.9448443320467991
2024-03-22,TSLA,"Tesla unveiled a new product line to strong demand, shares climb",positive,1.0,0.9541530080281009
2024-03-27,TSLA,Tesla stock dropped on weak guidance,negative,-1.0,-0.820651650230156
2024-03-28,TSLA,"Tesla cut its full-year guidance, shares slide",negative,-1.0,-0.8981362424630321
2024-04-01,TSLA,Tesla to hold investor call on guidance,neutral,0.0,-0.001087589049011222
2024-04-02,TSLA,Analysts turn cautious on Tesla after weak guidance,negative,-1.0,-0.9214441740233225
2024-04-02,TSLA,"Tesla reported record quarterly profit, shares climb",positive,1.0,0.959502581819238
2024-04-03,TSLA,Tesla shares slumped after announced layoffs amid cost cuts,negative,-1.0,-0.9212647702685354
2024-04-04,TSLA,Tesla shares climbed after reported record quarterly profit,positive,1.0,0.9199478534962963
2024-04-05,TSLA,Analysts turn cautious on Tesla after worse-than-expected guidance,negative,0.0,-0.9167527382232803
2024-04-08,TSLA,Tesla to hold investor call on quarterly earnings,neutral,0.0,0.0007605199058235146
2024-04-08,TSLA,"Tesla held its annual shareholder meeting, no major stock reaction",neutral,0.0,-0.001891575678847136
2024-04-09,TSLA,Analysts turn bullish on Tesla after better-than-expected guidance,positive,1.0,0.9165892673589766
2024-04-11,TSLA,Tesla to hold investor call on profit margins,neutral,1.0,-0.002803609954146819
2024-04-12,TSLA,"Tesla raised its full-year guidance, shares climb",positive,1.0,0.8894153272730412
2024-04-16,TSLA,Tesla filed its routine quarterly disclosure,neutral,0.0,-0.0009525289846085763
2024-04-17,TSLA,Analysts turn bullish on Tesla after better-than-expected profit margins,positive,1.0,0.8817810801381694
2024-04-18,TSLA,Tesla rallies as it unveiled a new product line to strong demand,positive,1.0,0.9382030689749176
2024-04-19,TSLA,Tesla stock plunged on weak sales,negative,-1.0,-0.7981414623953534
2024-04-19,TSLA,Tesla shares plunged after announced layoffs amid cost cuts,negative,-1.0,-0.9048464168593564
2024-04-22,TSLA,Tesla stock sank on weak guidance,negative,-1.0,-0.8346628621065335
2024-04-22,TSLA,Analysts turn bullish on Tesla after better-than-expected quarterly earnings,positive,1.0,0.894840987355349
2024-04-23,TSLA,Tesla rallies as it received an analyst upgrade,positive,1.0,0.9085723119817152
2024-04-26,TSLA,Tesla rallies as it unveiled a new product line to strong demand,positive,1.0,0.9382030689749176
2024-04-29,TSLA,Tesla stock surged on resilient quarterly earnings,positive,1.0,0.7391733875811272
2024-04-30,TSLA,"Tesla raised its full-year guidance, shares climb",positive,1.0,0.8894153272730412
2024-05-01,TSLA,Tesla stock dropped on soft sales,negative,-1.0,-0.776671768617917
2024-05-03,TSLA,Tesla shares sank after cut its full-year guidance,negative,-1.0,-0.83909930847803
2024-05-08,TSLA,Analysts turn bullish on Tesla after robust sales,positive,1.0,0.9102643127888852
2024-05-09,TSLA,Tesla shares plunged after received an analyst downgrade,negative,-1.0,-0.8297498983942582
2024-05-10,TSLA,Tesla drops as it announced layoffs amid cost cuts,negative,-1.0,-0.9504631841496636
2024-05-10,TSLA,Tesla drops as it faces a regulatory investigation,negative,-1.0,-0.9509191133472781
2024-05-13,TSLA,Tesla shares dropped after received an analyst downgrade,negative,-1.0,-0.8872683749250939
2024-05-16,TSLA,"Tesla received an analyst downgrade, shares slide",negative,-1.0,-0.9240015314457571
2024-05-17,TSLA,Tesla shares trade flat as it will report quarterly results next week,neutral,0.0,-0.00055366975605739
2024-05-20,TSLA,Tesla stock jumped on robust quarterly earnings,positive,1.0,0.7781625995480257
2024-05-22,TSLA,Analysts turn bullish on Tesla after robust cash flow,positive,1.0,0.8949944026498627
2024-05-23,TSLA,Tesla to hold investor call on profit margins,neutral,1.0,-0.002803609954146819
2024-05-24,TSLA,Tesla shares surged after unveiled a new product line to strong demand,positive,1.0,0.908856534769536
2024-05-29,TSLA,Tesla drops as it received an analyst downgrade,negative,-1.0,-0.9448443320467991
2024-05-30,TSLA,Tesla shares trade flat as it announced a change to its board of directors,neutral,0.0,-0.0014402382331549328
2024-05-31,TSLA,Analysts turn bullish on Tesla after robust sales,positive,1.0,0.9102643127888852
2024-06-05,TSLA,Tesla stock surged on record guidance,positive,1.0,0.7972256206201226
2024-06-10,TSLA,"Tesla unveiled a new product line to strong demand, shares climb",positive,1.0,0.9541530080281009
2024-06-13,TSLA,Tesla to hold investor call on guidance,neutral,0.0,-0.001087589049011222
2024-06-14,TSLA,Tesla shares dropped after warned of a demand slowdown,negative,-1.0,-0.9143906746491206
2024-06-17,TSLA,Analysts turn cautious on Tesla after worse-than-expected cash flow,negative,0.0,-0.9220167273624154
2024-06-17,TSLA,Tesla drops as it faces a regulatory investigation,negative,-1.0,-0.9509191133472781
2024-06-18,TSLA,Tesla held its annual shareholder meeting,neutral,0.0,-0.004519695725281735
2024-06-20,TSLA,Tesla cash flow in line with expectations,neutral,0.0,-0.0008444006231275378
2024-06-21,TSLA,"Tesla missed analyst earnings estimates, shares slide",negative,-1.0,-0.9022466148811359
2024-06-24,TSLA,"Tesla warned of a demand slowdown, shares slide",negative,-1.0,-0.9431367794204918
2024-06-25,TSLA,Tesla presented at an industry conference,neutral,0.0,-0.0039492408241955795
2024-06-26,TSLA,"Tesla held its annual shareholder meeting, no major stock reaction",neutral,0.0,-0.001891575678847136
2024-06-27,TSLA,Tesla filed its routine quarterly disclosure,neutral,0.0,-0.0009525289846085763
2024-06-27,TSLA,"Tesla raised its full-year guidance, shares climb",positive,1.0,0.8894153272730412
2024-06-28,TSLA,Tesla cash flow in line with expectations,neutral,0.0,-0.0008444006231275378
2024-07-01,TSLA,Analysts turn cautious on Tesla after weak cash flow,negative,-1.0,-0.8896109808511186
2024-07-03,TSLA,"Tesla cut its full-year guidance, shares slide",negative,-1.0,-0.8981362424630321
2024-07-08,TSLA,Tesla filed its routine quarterly disclosure,neutral,0.0,-0.0009525289846085763
2024-07-12,TSLA,Analysts turn cautious on Tesla after soft guidance,negative,0.0,-0.8960461295668591
2024-07-15,TSLA,Tesla shares plunged after missed analyst earnings estimates,negative,-1.0,-0.8123086631164369
2024-07-17,TSLA,Tesla shares tumbled after received an analyst downgrade,negative,-1.0,-0.8385916079459568
2024-07-17,TSLA,Tesla stock advanced on record quarterly earnings,positive,1.0,0.8523087755475895
2024-07-18,TSLA,Tesla rallies as it announced a share buyback program,positive,1.0,0.9496730181861667
2024-07-19,TSLA,"Tesla received an analyst upgrade, shares climb",positive,1.0,0.9228862673478969
2024-07-22,TSLA,Tesla rallies as it raised its full-year guidance,positive,1.0,0.9155495178067174
2024-07-23,TSLA,Tesla shares jumped after received an analyst upgrade,positive,1.0,0.8483267620756906
2024-07-25,TSLA,Tesla shares climbed after unveiled a new product line to strong demand,positive,1.0,0.9165190015347814
2024-07-29,TSLA,Tesla stock sank on disappointing guidance,negative,-1.0,-0.8326244413450928
2024-07-30,TSLA,"Tesla held its annual shareholder meeting, no major stock reaction",neutral,0.0,-0.001891575678847136
2024-07-31,TSLA,Tesla rallies as it raised its full-year guidance,positive,1.0,0.9155495178067174
2024-08-01,TSLA,Tesla stock tumbled on soft guidance,negative,-1.0,-0.8363497467737002
2024-08-05,TSLA,Tesla shares slumped after cut its full-year guidance,negative,-1.0,-0.8711286598113387
2024-08-06,TSLA,Tesla stock sank on worse-than-expected guidance,negative,-1.0,-0.8570375130693735
2024-08-07,TSLA,Analysts turn cautious on Tesla after weak quarterly earnings,negative,-1.0,-0.8916975909972414
2024-08-12,TSLA,Tesla stock advanced on better-than-expected profit margins,positive,1.0,0.765762106721676
2024-08-13,TSLA,Tesla shares slumped after cut its full-year guidance,negative,-1.0,-0.8711286598113387
2024-08-14,TSLA,"Tesla filed its routine quarterly disclosure, no major stock reaction",neutral,0.0,-0.0006792901431024283
2024-08-14,TSLA,Tesla rallies as it unveiled a new product line to strong demand,positive,1.0,0.9382030689749176
2024-08-15,TSLA,Tesla drops as it missed analyst earnings estimates,negative,-1.0,-0.9294384286071677
2024-08-19,TSLA,Tesla shares tumbled after received an analyst downgrade,negative,-1.0,-0.8385916079459568
2024-08-20,TSLA,Tesla shares sank after announced layoffs amid cost cuts,negative,-1.0,-0.921800329491087
2024-08-22,TSLA,Analysts turn cautious on Tesla after disappointing sales,negative,0.0,-0.9247347622095692
2024-08-22,TSLA,Analysts turn cautious on Tesla after troubling quarterly earnings,negative,0.0,-0.8943634440653435
2024-08-27,TSLA,Tesla rallies as it beat analyst earnings estimates,positive,1.0,0.8996918606802218
2024-08-28,TSLA,Tesla rallies as it beat analyst earnings estimates,positive,1.0,0.8996918606802218
2024-08-29,TSLA,Tesla shares fell after faces a regulatory investigation,negative,-1.0,-0.9003149732745851
2024-08-30,TSLA,Tesla drops as it warned of a demand slowdown,negative,-1.0,-0.954141296089943
2024-09-03,TSLA,"Tesla announced layoffs amid cost cuts, shares slide",negative,-1.0,-0.9481685175811168
2024-09-03,TSLA,Tesla to hold investor call on cash flow,neutral,0.0,-0.002716876140779919
2024-09-04,TSLA,Tesla shares tumbled after warned of a demand slowdown,negative,-1.0,-0.8796446149553774
2024-09-05,TSLA,Analysts turn bullish on Tesla after better-than-expected revenue,positive,1.0,0.90210138239838
2024-09-09,TSLA,Analysts turn cautious on Tesla after disappointing guidance,negative,0.0,-0.9210272746083644
2024-09-10,TSLA,Tesla stock advanced on better-than-expected sales,positive,1.0,0.7891744566027189
2024-09-12,TSLA,Tesla shares sank after warned of a demand slowdown,negative,-1.0,-0.898695976928449
2024-09-16,TSLA,Tesla will report quarterly results next week,neutral,0.0,-0.0009698295543304411
2024-09-16,TSLA,Tesla shares slumped after announced layoffs amid cost cuts,negative,-1.0,-0.9212647702685354
2024-09-19,TSLA,Analysts turn bullish on Tesla after record quarterly earnings,positive,1.0,0.9326856930985663
2024-09-23,TSLA,Tesla shares advanced after received an analyst upgrade,positive,1.0,0.8473380852946287
2024-09-26,TSLA,Tesla shares climbed after unveiled a new product line to strong demand,positive,1.0,0.9165190015347814
2024-09-30,TSLA,Analysts turn cautious on Tesla after weak revenue,negative,-1.0,-0.9393400806899915
2024-10-01,TSLA,"Tesla announced a share buyback program, shares climb",positive,1.0,0.9431851952476122
2024-10-04,TSLA,Analysts turn cautious on Tesla after weak profit margins,negative,0.0,-0.9158147152961001
2024-10-08,TSLA,Tesla drops as it cut its full-year guidance,negative,-1.0,-0.9174804645611704
2024-10-08,TSLA,Tesla cash flow in line with expectations,neutral,0.0,-0.0008444006231275378
2024-10-14,TSLA,Tesla to hold investor call on sales,neutral,0.0,-0.002207908423523027
2024-10-16,TSLA,Analysts turn bullish on Tesla after strong cash flow,positive,1.0,0.8828489169494514
2024-10-17,TSLA,Analysts turn cautious on Tesla after weak cash flow,negative,-1.0,-0.8896109808511186
2024-10-17,TSLA,Tesla stock climbed on resilient sales,positive,1.0,0.7788343045732182
2024-10-21,TSLA,"Tesla beat analyst earnings estimates, shares climb",positive,1.0,0.8856703933415199
2024-10-22,TSLA,Analysts turn bullish on Tesla after record quarterly earnings,positive,1.0,0.9326856930985663
2024-10-22,TSLA,"Tesla unveiled a new product line to strong demand, shares climb",positive,1.0,0.9541530080281009
2024-10-23,TSLA,Tesla shares tumbled after faces a regulatory investigation,negative,-1.0,-0.8899243786212304
2024-10-23,TSLA,Tesla stock jumped on resilient revenue,positive,1.0,0.7344959073763614
2024-10-24,TSLA,Tesla shares jumped after announced a share buyback program,positive,1.0,0.9129378093944648
2024-10-25,TSLA,Analysts turn bullish on Tesla after strong cash flow,positive,1.0,0.8828489169494514
2024-10-29,TSLA,Tesla shares sank after announced layoffs amid cost cuts,negative,-1.0,-0.921800329491087
2024-11-01,TSLA,Analysts turn bullish on Tesla after resilient sales,positive,1.0,0.9003423551490737
2024-11-04,TSLA,Tesla shares trade flat as it maintained its previous guidance,neutral,0.0,-0.0014717016192671052
2024-11-06,TSLA,Tesla stock dropped on disappointing quarterly earnings,negative,-1.0,-0.8149653406851025
2024-11-07,TSLA,Tesla drops as it missed analyst earnings estimates,negative,-1.0,-0.9294384286071677
2024-11-08,TSLA,Tesla guidance in line with expectations,neutral,0.0,0.00022362786858230732
2024-11-11,TSLA,Tesla to hold investor call on sales,neutral,0.0,-0.002207908423523027
2024-11-20,TSLA,Tesla rallies as it received an analyst upgrade,positive,1.0,0.9085723119817152
2024-11-22,TSLA,Tesla drops as it cut its full-year guidance,negative,-1.0,-0.9174804645611704
2024-11-26,TSLA,Analysts turn cautious on Tesla after soft cash flow,negative,0.0,-0.8751712026221038
2024-11-26,TSLA,Tesla rallies as it reported record quarterly profit,positive,1.0,0.9594426220134175
2024-11-27,TSLA,Tesla rallies as it announced a share buyback program,positive,1.0,0.9496730181861667
2024-12-02,TSLA,Tesla rallies as it announced a share buyback program,positive,1.0,0.9496730181861667
2024-12-03,TSLA,Tesla shares sank after warned of a demand slowdown,negative,-1.0,-0.898695976928449
2024-12-04,TSLA,Tesla to hold investor call on cash flow,neutral,0.0,-0.002716876140779919
2024-12-05,TSLA,Tesla shares dropped after faces a regulatory investigation,negative,-1.0,-0.9108693803381019
2024-12-06,TSLA,Analysts turn cautious on Tesla after soft quarterly earnings,negative,0.0,-0.8556869531572848
2024-12-09,TSLA,"Tesla warned of a demand slowdown, shares slide",negative,-1.0,-0.9431367794204918
2024-12-17,TSLA,Tesla stock sank on troubling quarterly earnings,negative,-1.0,-0.8214310254407404
2024-12-23,TSLA,Analysts turn bullish on Tesla after record quarterly earnings,positive,1.0,0.9326856930985663
2024-12-24,TSLA,Tesla rallies as it beat analyst earnings estimates,positive,1.0,0.8996918606802218
2024-12-24,TSLA,Tesla drops as it cut its full-year guidance,negative,-1.0,-0.9174804645611704
2024-12-27,TSLA,Analysts turn bullish on Tesla after resilient profit margins,positive,1.0,0.8785819188034896
2025-01-06,TSLA,Tesla rallies as it beat analyst earnings estimates,positive,1.0,0.8996918606802218
2025-01-10,TSLA,"Tesla raised its full-year guidance, shares climb",positive,1.0,0.8894153272730412
2025-01-10,TSLA,Tesla announced a change to its board of directors,neutral,0.0,-0.003610072075022376
2025-01-14,TSLA,Tesla revenue in line with expectations,neutral,0.0,-0.0037343360396221784
2025-01-15,TSLA,Tesla shares trade flat as it maintained its previous guidance,neutral,0.0,-0.0014717016192671052
2025-01-17,TSLA,Tesla cash flow in line with expectations,neutral,0.0,-0.0008444006231275378
2025-01-23,TSLA,Tesla stock dropped on weak profit margins,negative,-0.3333333333333333,-0.8177248139877824
2025-01-28,TSLA,Tesla rallies as it announced a share buyback program,positive,1.0,0.9496730181861667
2025-01-29,TSLA,"Tesla maintained its previous guidance, no major stock reaction",neutral,0.0,-0.0014008787005847512
2025-02-03,TSLA,Tesla shares jumped after beat analyst earnings estimates,positive,1.0,0.860378509028112
2025-02-04,TSLA,Tesla rallies as it raised its full-year guidance,positive,1.0,0.9155495178067174
2025-02-05,TSLA,Analysts turn bullish on Tesla after robust cash flow,positive,1.0,0.8949944026498627
2025-02-07,TSLA,Tesla quarterly earnings in line with expectations,neutral,0.0,0.0023840892202925054
2025-02-07,TSLA,Tesla stock sank on troubling guidance,negative,-1.0,-0.8567906763219568
2025-02-12,TSLA,"Tesla raised its full-year guidance, shares climb",positive,1.0,0.8894153272730412
2025-02-12,TSLA,"Tesla reported record quarterly profit, shares climb",positive,1.0,0.959502581819238
2025-02-19,TSLA,"Tesla warned of a demand slowdown, shares slide",negative,-1.0,-0.9431367794204918
2025-02-20,TSLA,"Tesla cut its full-year guidance, shares slide",negative,-1.0,-0.8981362424630321
2025-02-21,TSLA,"Tesla held its annual shareholder meeting, no major stock reaction",neutral,0.0,-0.001891575678847136
2025-02-24,TSLA,Tesla will report quarterly results next week,neutral,0.0,-0.0009698295543304411
2025-02-24,TSLA,Tesla presented at an industry conference,neutral,0.0,-0.0039492408241955795
2025-02-25,TSLA,Tesla drops as it cut its full-year guidance,negative,-1.0,-0.9174804645611704
2025-02-25,TSLA,Tesla stock tumbled on troubling revenue,negative,-1.0,-0.8753334787164979
2025-02-26,TSLA,Tesla stock fell on soft quarterly earnings,negative,-1.0,-0.7689780437821122
2025-03-04,TSLA,Tesla drops as it faces a regulatory investigation,negative,-1.0,-0.9509191133472781
2025-03-05,TSLA,Tesla shares slumped after missed analyst earnings estimates,negative,-1.0,-0.8727442878693615
2025-03-07,TSLA,Tesla rallies as it beat analyst earnings estimates,positive,1.0,0.8996918606802218
2025-03-13,TSLA,Tesla will report quarterly results next week,neutral,0.0,-0.0009698295543304411
2025-03-14,TSLA,Tesla shares tumbled after received an analyst downgrade,negative,-1.0,-0.8385916079459568
2025-03-18,TSLA,"Tesla announced layoffs amid cost cuts, shares slide",negative,-1.0,-0.9481685175811168
2025-03-18,TSLA,Tesla stock plunged on disappointing quarterly earnings,negative,-1.0,-0.8108735687698444
2025-03-19,TSLA,Tesla filed its routine quarterly disclosure,neutral,0.0,-0.0009525289846085763
2025-03-21,TSLA,Analysts turn bullish on Tesla after better-than-expected revenue,positive,1.0,0.90210138239838
2025-03-24,TSLA,Tesla shares fell after missed analyst earnings estimates,negative,-1.0,-0.8586647197493441
2025-03-25,TSLA,Analysts turn cautious on Tesla after troubling sales,negative,0.0,-0.9252650895535688
2025-03-26,TSLA,Tesla shares trade flat as it held its annual shareholder meeting,neutral,0.0,-0.0021417258300495956
2025-03-26,TSLA,Tesla stock advanced on resilient guidance,positive,1.0,0.7216189523110806
2025-03-28,TSLA,Tesla presented at an industry conference,neutral,0.0,-0.0039492408241955795
2025-03-31,TSLA,Tesla rallies as it reported record quarterly profit,positive,1.0,0.9594426220134175
2025-03-31,TSLA,Tesla will report quarterly results next week,neutral,0.0,-0.0009698295543304411
2025-04-01,TSLA,Tesla rallies as it reported record quarterly profit,positive,1.0,0.9594426220134175
2025-04-03,TSLA,Tesla to hold investor call on profit margins,neutral,1.0,-0.002803609954146819
2025-04-03,TSLA,Tesla drops as it announced layoffs amid cost cuts,negative,-1.0,-0.9504631841496636
2025-04-04,TSLA,Tesla shares jumped after reported record quarterly profit,positive,1.0,0.9287527074898969
2025-04-09,TSLA,"Tesla announced layoffs amid cost cuts, shares slide",negative,-1.0,-0.9481685175811168
2025-04-11,TSLA,Tesla stock fell on troubling profit margins,negative,0.0,-0.830648756857225
2025-04-14,TSLA,"Tesla announced a change to its board of directors, no major stock reaction",neutral,0.0,-0.0016182143834567436
2025-04-21,TSLA,Tesla shares trade flat as it announced a change to its board of directors,neutral,0.0,-0.0014402382331549328
2025-04-21,TSLA,Tesla shares tumbled after faces a regulatory investigation,negative,-1.0,-0.8899243786212304
2025-04-22,TSLA,Tesla shares dropped after cut its full-year guidance,negative,-1.0,-0.830714501128609
2025-04-24,TSLA,Tesla shares fell after missed analyst earnings estimates,negative,-1.0,-0.8586647197493441
2025-04-28,TSLA,Tesla shares climbed after raised its full-year guidance,positive,1.0,0.8188454456180926
2025-04-29,TSLA,Analysts turn bullish on Tesla after record guidance,positive,1.0,0.9027355859713917
2025-04-29,TSLA,Tesla shares trade flat as it will report quarterly results next week,neutral,0.0,-0.00055366975605739
2025-04-30,TSLA,Tesla rallies as it announced a share buyback program,positive,1.0,0.9496730181861667
2025-05-01,TSLA,Tesla drops as it cut its full-year guidance,negative,-1.0,-0.9174804645611704
2025-05-01,TSLA,Tesla shares trade flat as it filed its routine quarterly disclosure,neutral,0.0,-0.000525096919997867
2025-05-05,TSLA,Tesla shares slumped after faces a regulatory investigation,negative,-1.0,-0.9214490474718803
2025-05-06,TSLA,Tesla stock surged on resilient guidance,positive,1.0,0.7381393542646487
2025-05-06,TSLA,Tesla shares rallied after unveiled a new product line to strong demand,positive,1.0,0.9407183989766889
2025-05-08,TSLA,"Tesla warned of a demand slowdown, shares slide",negative,-1.0,-0.9431367794204918
2025-05-08,TSLA,Tesla rallies as it reported record quarterly profit,positive,1.0,0.9594426220134175
2025-05-09,TSLA,Tesla stock rallied on strong profit margins,positive,1.0,0.810831556548267
2025-05-12,TSLA,"Tesla beat analyst earnings estimates, shares climb",positive,1.0,0.8856703933415199
2025-05-12,TSLA,Tesla cash flow in line with expectations,neutral,0.0,-0.0008444006231275378
2025-05-13,TSLA,Tesla stock jumped on better-than-expected revenue,positive,1.0,0.7884905562636839
2025-05-14,TSLA,Tesla shares climbed after raised its full-year guidance,positive,1.0,0.8188454456180926
2025-05-15,TSLA,Tesla stock sank on troubling revenue,negative,-1.0,-0.879284192044992
2025-05-20,TSLA,Tesla shares tumbled after announced layoffs amid cost cuts,negative,-1.0,-0.9158771245692987
2025-05-23,TSLA,Tesla announced a change to its board of directors,neutral,0.0,-0.003610072075022376
2025-05-29,TSLA,Tesla stock dropped on disappointing profit margins,negative,0.0,-0.8167059013023197
2025-05-29,TSLA,Tesla stock jumped on record revenue,positive,1.0,0.7336232878151207
2025-05-30,TSLA,Tesla rallies as it announced a share buyback program,positive,1.0,0.9496730181861667
2025-06-02,TSLA,Tesla shares trade flat as it announced a change to its board of directors,neutral,0.0,-0.0014402382331549328
2025-06-04,TSLA,Tesla shares trade flat as it will report quarterly results next week,neutral,0.0,-0.00055366975605739
2025-06-04,TSLA,Tesla to hold investor call on profit margins,neutral,1.0,-0.002803609954146819
2025-06-05,TSLA,Tesla drops as it announced layoffs amid cost cuts,negative,-1.0,-0.9504631841496636
2025-06-06,TSLA,Tesla to hold investor call on profit margins,neutral,1.0,-0.002803609954146819
2025-06-11,TSLA,"Tesla beat analyst earnings estimates, shares climb",positive,1.0,0.8856703933415199
2025-06-16,TSLA,Tesla cash flow in line with expectations,neutral,0.0,-0.0008444006231275378
2025-06-20,TSLA,Tesla presented at an industry conference,neutral,0.0,-0.0039492408241955795
2025-06-24,TSLA,Tesla shares rallied after unveiled a new product line to strong demand,positive,1.0,0.9407183989766889
2025-06-25,TSLA,"Tesla cut its full-year guidance, shares slide",negative,-1.0,-0.8981362424630321
2025-07-01,TSLA,Analysts turn cautious on Tesla after troubling guidance,negative,0.0,-0.9184572575136737
2025-07-02,TSLA,Analysts turn cautious on Tesla after soft revenue,negative,0.0,-0.8876055557909778
2025-07-03,TSLA,Tesla shares trade flat as it filed its routine quarterly disclosure,neutral,0.0,-0.000525096919997867
2025-07-08,TSLA,Tesla shares jumped after announced a share buyback program,positive,1.0,0.9129378093944648
2025-07-09,TSLA,Tesla stock sank on troubling sales,negative,-1.0,-0.8691676925858082
2025-07-11,TSLA,Tesla rallies as it unveiled a new product line to strong demand,positive,1.0,0.9382030689749176
2025-07-14,TSLA,Tesla rallies as it beat analyst earnings estimates,positive,1.0,0.8996918606802218
2025-07-15,TSLA,Tesla to hold investor call on guidance,neutral,0.0,-0.001087589049011222
2025-07-16,TSLA,Tesla shares fell after received an analyst downgrade,negative,-1.0,-0.8728976584926861
2025-07-18,TSLA,Tesla stock advanced on resilient cash flow,positive,1.0,0.7176692751543494
2025-07-22,TSLA,Tesla shares slumped after missed analyst earnings estimates,negative,-1.0,-0.8727442878693615
2025-07-22,TSLA,Tesla shares climbed after raised its full-year guidance,positive,1.0,0.8188454456180926
2025-07-28,TSLA,Tesla shares dropped after faces a regulatory investigation,negative,-1.0,-0.9108693803381019
2025-07-30,TSLA,"Tesla filed its routine quarterly disclosure, no major stock reaction",neutral,0.0,-0.0006792901431024283
2025-07-31,TSLA,Analysts turn cautious on Tesla after troubling quarterly earnings,negative,0.0,-0.8943634440653435
2025-07-31,TSLA,Tesla shares climbed after raised its full-year guidance,positive,1.0,0.8188454456180926
2025-08-01,TSLA,Tesla shares soared after received an analyst upgrade,positive,1.0,0.8430006081314383
2025-08-04,TSLA,Tesla drops as it cut its full-year guidance,negative,-1.0,-0.9174804645611704
2025-08-05,TSLA,Analysts turn cautious on Tesla after disappointing cash flow,negative,0.0,-0.9115777284053119
2025-08-05,TSLA,"Tesla reported record quarterly profit, shares climb",positive,1.0,0.959502581819238
2025-08-06,TSLA,Analysts turn bullish on Tesla after robust cash flow,positive,1.0,0.8949944026498627
2025-08-11,TSLA,Tesla sales in line with expectations,neutral,0.0,-0.0006233021674547437
2025-08-12,TSLA,Tesla shares jumped after announced a share buyback program,positive,1.0,0.9129378093944648
2025-08-14,TSLA,Tesla rallies as it beat analyst earnings estimates,positive,1.0,0.8996918606802218
2025-08-15,TSLA,Tesla will report quarterly results next week,neutral,0.0,-0.0009698295543304411
2025-08-18,TSLA,Analysts turn bullish on Tesla after record revenue,positive,1.0,0.8771851398420305
2025-08-19,TSLA,Tesla stock sank on disappointing cash flow,negative,-1.0,-0.8232385232337683
2025-08-20,TSLA,Tesla stock surged on record sales,positive,1.0,0.7909119952792617
2025-08-27,TSLA,Tesla shares slumped after warned of a demand slowdown,negative,-1.0,-0.903389612477623
2025-09-02,TSLA,Tesla rallies as it raised its full-year guidance,positive,1.0,0.9155495178067174
2025-09-02,TSLA,"Tesla faces a regulatory investigation, shares slide",negative,-1.0,-0.9553723905177202
2025-09-08,TSLA,Tesla drops as it received an analyst downgrade,negative,-1.0,-0.9448443320467991
2025-09-12,TSLA,Tesla shares trade flat as it will report quarterly results next week,neutral,0.0,-0.00055366975605739
2025-09-15,TSLA,Tesla stock fell on soft quarterly earnings,negative,-1.0,-0.7689780437821122
2025-09-16,TSLA,Tesla shares trade flat as it presented at an industry conference,neutral,0.0,-0.001977838030925147
2025-09-17,TSLA,Tesla shares advanced after raised its full-year guidance,positive,1.0,0.8142967051867009
2025-09-17,TSLA,"Tesla missed analyst earnings estimates, shares slide",negative,-1.0,-0.9022466148811359
2025-09-18,TSLA,Tesla shares sank after faces a regulatory investigation,negative,-1.0,-0.9122560903927794
2025-09-19,TSLA,Tesla shares tumbled after missed analyst earnings estimates,negative,-1.0,-0.856926092226421
2025-09-22,TSLA,Tesla stock climbed on strong guidance,positive,1.0,0.82336981259424
2025-09-23,TSLA,Tesla to hold investor call on quarterly earnings,neutral,0.0,0.0007605199058235146
2025-09-23,TSLA,Tesla rallies as it unveiled a new product line to strong demand,positive,1.0,0.9382030689749176
2025-09-24,TSLA,Analysts turn cautious on Tesla after troubling sales,negative,0.0,-0.9252650895535688
2025-09-24,TSLA,"Tesla faces a regulatory investigation, shares slide",negative,-1.0,-0.9553723905177202
2025-09-25,TSLA,Tesla to hold investor call on guidance,neutral,0.0,-0.001087589049011222
2025-09-26,TSLA,Tesla shares plunged after missed analyst earnings estimates,negative,-1.0,-0.8123086631164369
2025-09-29,TSLA,Tesla stock jumped on robust quarterly earnings,positive,1.0,0.7781625995480257
2025-09-29,TSLA,Tesla stock slumped on weak revenue,negative,-1.0,-0.9010725235870284
2025-10-02,TSLA,Tesla stock slumped on worse-than-expected revenue,negative,-1.0,-0.8942863023492768
2025-10-07,TSLA,"Tesla will report quarterly results next week, no major stock reaction",neutral,0.0,-0.0006354921084305611
2025-10-08,TSLA,Tesla stock dropped on soft cash flow,negative,-1.0,-0.7676454440750197
2025-10-08,TSLA,Analysts turn cautious on Tesla after weak cash flow,negative,-1.0,-0.8896109808511186
2025-10-09,TSLA,"Tesla will report quarterly results next week, no major stock reaction",neutral,0.0,-0.0006354921084305611
2025-10-10,TSLA,Analysts turn cautious on Tesla after disappointing guidance,negative,0.0,-0.9210272746083644
2025-10-17,TSLA,Tesla shares rallied after unveiled a new product line to strong demand,positive,1.0,0.9407183989766889
2025-10-20,TSLA,"Tesla beat analyst earnings estimates, shares climb",positive,1.0,0.8856703933415199
2025-10-22,TSLA,Analysts turn cautious on Tesla after troubling quarterly earnings,negative,0.0,-0.8943634440653435
2025-10-24,TSLA,Tesla cash flow in line with expectations,neutral,0.0,-0.0008444006231275378
2025-10-27,TSLA,"Tesla warned of a demand slowdown, shares slide",negative,-1.0,-0.9431367794204918
2025-10-27,TSLA,Tesla shares trade flat as it maintained its previous guidance,neutral,0.0,-0.0014717016192671052
2025-10-29,TSLA,"Tesla announced layoffs amid cost cuts, shares slide",negative,-1.0,-0.9481685175811168
2025-10-30,TSLA,"Tesla missed analyst earnings estimates, shares slide",negative,-1.0,-0.9022466148811359
2025-11-03,TSLA,Analysts turn cautious on Tesla after troubling guidance,negative,0.0,-0.9184572575136737
2025-11-04,TSLA,Tesla shares trade flat as it will report quarterly results next week,neutral,0.0,-0.00055366975605739
2025-11-05,TSLA,Tesla shares trade flat as it presented at an industry conference,neutral,0.0,-0.001977838030925147
2025-11-07,TSLA,"Tesla received an analyst upgrade, shares climb",positive,1.0,0.9228862673478969
2025-11-10,TSLA,Tesla stock sank on weak quarterly earnings,negative,-1.0,-0.7871223715040628
2025-11-11,TSLA,"Tesla unveiled a new product line to strong demand, shares climb",positive,1.0,0.9541530080281009
2025-11-12,TSLA,Analysts turn cautious on Tesla after disappointing guidance,negative,0.0,-0.9210272746083644
2025-11-13,TSLA,Analysts turn bullish on Tesla after better-than-expected cash flow,positive,1.0,0.8857725415790667
2025-11-18,TSLA,"Tesla announced layoffs amid cost cuts, shares slide",negative,-1.0,-0.9481685175811168
2025-11-21,TSLA,Tesla rallies as it unveiled a new product line to strong demand,positive,1.0,0.9382030689749176
2025-11-28,TSLA,Tesla shares dropped after faces a regulatory investigation,negative,-1.0,-0.9108693803381019
2025-12-01,TSLA,Tesla rallies as it announced a share buyback program,positive,1.0,0.9496730181861667
2025-12-01,TSLA,Tesla stock soared on resilient cash flow,positive,1.0,0.7283197007762965
2025-12-02,TSLA,Tesla stock soared on robust quarterly earnings,positive,1.0,0.7671633873629177
2025-12-02,TSLA,Tesla shares rallied after received an analyst upgrade,positive,1.0,0.8481111885700049
2025-12-03,TSLA,Tesla drops as it cut its full-year guidance,negative,-1.0,-0.9174804645611704
2025-12-04,TSLA,Tesla cash flow in line with expectations,neutral,0.0,-0.0008444006231275378
2025-12-05,TSLA,Analysts turn bullish on Tesla after better-than-expected quarterly earnings,positive,1.0,0.894840987355349
2025-12-05,TSLA,Analysts turn cautious on Tesla after troubling revenue,negative,0.0,-0.9317213317388449
2025-12-08,TSLA,"Tesla announced layoffs amid cost cuts, shares slide",negative,-1.0,-0.9481685175811168
2025-12-12,TSLA,Tesla stock advanced on strong profit margins,positive,1.0,0.7721154709279252
2025-12-16,TSLA,Analysts turn bullish on Tesla after resilient cash flow,positive,1.0,0.8858466529261899
2025-12-18,TSLA,Tesla shares trade flat as it held its annual shareholder meeting,neutral,0.0,-0.0021417258300495956
2025-12-22,TSLA,Tesla shares trade flat as it filed its routine quarterly disclosure,neutral,0.0,-0.000525096919997867
2025-12-22,TSLA,Tesla shares advanced after beat analyst earnings estimates,positive,1.0,0.8317418780092575
2025-12-23,TSLA,Tesla shares soared after reported record quarterly profit,positive,1.0,0.9485678154634382
2025-12-30,TSLA,Tesla rallies as it beat analyst earnings estimates,positive,1.0,0.8996918606802218
2025-12-30,TSLA,Tesla shares advanced after raised its full-year guidance,positive,1.0,0.8142967051867009
2025-12-31,TSLA,Tesla stock jumped on record cash flow,positive,1.0,0.7596005023575668
2025-12-31,TSLA,Tesla held its annual shareholder meeting,neutral,0.0,-0.004519695725281735
2026-01-02,TSLA,"Tesla announced a share buyback program, shares climb",positive,1.0,0.9431851952476122
2026-01-05,TSLA,"Tesla received an analyst upgrade, shares climb",positive,1.0,0.9228862673478969
2026-01-06,TSLA,Analysts turn cautious on Tesla after worse-than-expected guidance,negative,0.0,-0.9167527382232803
2026-01-09,TSLA,Tesla drops as it missed analyst earnings estimates,negative,-1.0,-0.9294384286071677
2026-01-12,TSLA,Tesla drops as it received an analyst downgrade,negative,-1.0,-0.9448443320467991
2026-01-15,TSLA,Tesla stock rallied on resilient guidance,positive,1.0,0.7379397704328337
2026-01-20,TSLA,Tesla shares advanced after announced a share buyback program,positive,1.0,0.894227853124589
2026-01-21,TSLA,"Tesla reported record quarterly profit, shares climb",positive,1.0,0.959502581819238
2026-01-22,TSLA,Tesla to hold investor call on profit margins,neutral,1.0,-0.002803609954146819
2026-01-23,TSLA,Tesla rallies as it beat analyst earnings estimates,positive,1.0,0.8996918606802218
2026-01-26,TSLA,Analysts turn bullish on Tesla after resilient profit margins,positive,1.0,0.8785819188034896
2026-01-28,TSLA,Tesla drops as it missed analyst earnings estimates,negative,-1.0,-0.9294384286071677
2026-01-30,TSLA,"Tesla reported record quarterly profit, shares climb",positive,1.0,0.959502581819238
2026-01-30,TSLA,"Tesla faces a regulatory investigation, shares slide",negative,-1.0,-0.9553723905177202
2026-02-04,TSLA,Tesla drops as it announced layoffs amid cost cuts,negative,-1.0,-0.9504631841496636
2026-02-05,TSLA,"Tesla received an analyst upgrade, shares climb",positive,1.0,0.9228862673478969
2026-02-09,TSLA,Tesla shares slumped after cut its full-year guidance,negative,-1.0,-0.8711286598113387
2026-02-10,TSLA,"Tesla received an analyst downgrade, shares slide",negative,-1.0,-0.9240015314457571
2026-02-12,TSLA,Tesla filed its routine quarterly disclosure,neutral,0.0,-0.0009525289846085763
2026-02-13,TSLA,Tesla rallies as it reported record quarterly profit,positive,1.0,0.9594426220134175
2026-02-19,TSLA,Tesla to hold investor call on guidance,neutral,0.0,-0.001087589049011222
2026-02-26,TSLA,Tesla stock tumbled on weak quarterly earnings,negative,-1.0,-0.7967234040722301
2026-02-27,TSLA,"Tesla unveiled a new product line to strong demand, shares climb",positive,1.0,0.9541530080281009
2026-03-02,TSLA,Tesla stock jumped on robust quarterly earnings,positive,1.0,0.7781625995480257
2026-03-03,TSLA,Tesla rallies as it reported record quarterly profit,positive,1.0,0.9594426220134175
2026-03-04,TSLA,Tesla shares slumped after announced layoffs amid cost cuts,negative,-1.0,-0.9212647702685354
2026-03-05,TSLA,Tesla rallies as it beat analyst earnings estimates,positive,1.0,0.8996918606802218
2026-03-06,TSLA,Tesla stock fell on worse-than-expected quarterly earnings,negative,-1.0,-0.8739882271761628
2026-03-10,TSLA,Tesla stock soared on record guidance,positive,1.0,0.7267053874218267
2026-03-10,TSLA,Tesla stock tumbled on worse-than-expected revenue,negative,-1.0,-0.8822347218802247
2026-03-12,TSLA,Tesla shares plunged after warned of a demand slowdown,negative,-1.0,-0.8733895689778711
2026-03-13,TSLA,Tesla shares advanced after raised its full-year guidance,positive,1.0,0.8142967051867009
2026-03-13,TSLA,Analysts turn bullish on Tesla after robust cash flow,positive,1.0,0.8949944026498627
2026-03-17,TSLA,Tesla stock jumped on better-than-expected cash flow,positive,1.0,0.7582801695937211
2026-03-20,TSLA,Analysts turn cautious on Tesla after troubling revenue,negative,0.0,-0.9317213317388449
2026-03-23,TSLA,Tesla stock plunged on disappointing cash flow,negative,-1.0,-0.8141797941738925
2026-03-24,TSLA,Tesla rallies as it received an analyst upgrade,positive,1.0,0.9085723119817152
2026-03-25,TSLA,Analysts turn cautious on Tesla after worse-than-expected sales,negative,0.0,-0.9311073110734919
2026-03-26,TSLA,Tesla drops as it cut its full-year guidance,negative,-1.0,-0.9174804645611704
2026-03-31,TSLA,Tesla stock climbed on robust cash flow,positive,1.0,0.7893847147240876
2026-04-01,TSLA,"Tesla unveiled a new product line to strong demand, shares climb",positive,1.0,0.9541530080281009
2026-04-02,TSLA,Tesla stock soared on robust guidance,positive,1.0,0.8001673333350046
2026-04-02,TSLA,Analysts turn cautious on Tesla after soft quarterly earnings,negative,0.0,-0.8556869531572848
2026-04-07,TSLA,Analysts turn cautious on Tesla after worse-than-expected sales,negative,0.0,-0.9311073110734919
2026-04-08,TSLA,Tesla shares fell after announced layoffs amid cost cuts,negative,-1.0,-0.9341447988999668
2026-04-13,TSLA,Tesla stock rallied on better-than-expected sales,positive,1.0,0.7864766696480079
2026-04-14,TSLA,"Tesla raised its full-year guidance, shares climb",positive,1.0,0.8894153272730412
2026-04-15,TSLA,Tesla stock plunged on disappointing revenue,negative,-1.0,-0.8549434861585448
2026-04-15,TSLA,Tesla stock soared on resilient profit margins,positive,1.0,0.7119051295368652
2026-04-16,TSLA,Tesla stock soared on strong guidance,positive,1.0,0.82486999157633
2026-04-17,TSLA,Tesla stock plunged on troubling cash flow,negative,-1.0,-0.8071866346637743
2026-04-17,TSLA,Tesla rallies as it raised its full-year guidance,positive,1.0,0.9155495178067174
2026-04-20,TSLA,Tesla drops as it missed analyst earnings estimates,negative,-1.0,-0.9294384286071677
2026-04-21,TSLA,Tesla sales in line with expectations,neutral,0.0,-0.0006233021674547437
2026-04-23,TSLA,Tesla shares advanced after beat analyst earnings estimates,positive,1.0,0.8317418780092575
2026-04-24,TSLA,"Tesla announced layoffs amid cost cuts, shares slide",negative,-1.0,-0.9481685175811168
2026-04-28,TSLA,Analysts turn bullish on Tesla after record guidance,positive,1.0,0.9027355859713917
2026-05-01,TSLA,"Tesla reported record quarterly profit, shares climb",positive,1.0,0.959502581819238
2026-05-04,TSLA,Tesla rallies as it beat analyst earnings estimates,positive,1.0,0.8996918606802218
2026-05-15,TSLA,Tesla drops as it warned of a demand slowdown,negative,-1.0,-0.954141296089943
2026-05-20,TSLA,Analysts turn bullish on Tesla after strong guidance,positive,1.0,0.9110353358811318
2026-05-26,TSLA,Tesla held its annual shareholder meeting,neutral,0.0,-0.004519695725281735
2026-05-26,TSLA,Tesla stock climbed on robust sales,positive,1.0,0.8131734739961651
2026-05-27,TSLA,Tesla stock dropped on disappointing revenue,negative,-1.0,-0.8581270028435132
2026-05-28,TSLA,Tesla rallies as it received an analyst upgrade,positive,1.0,0.9085723119817152
2026-06-01,TSLA,Tesla stock dropped on soft guidance,negative,-1.0,-0.7945339723411682
2026-06-03,TSLA,Tesla drops as it announced layoffs amid cost cuts,negative,-1.0,-0.9504631841496636
2026-06-05,TSLA,Tesla shares trade flat as it presented at an industry conference,neutral,0.0,-0.001977838030925147
2026-06-08,TSLA,Tesla rallies as it received an analyst upgrade,positive,1.0,0.9085723119817152
2026-06-10,TSLA,Tesla rallies as it raised its full-year guidance,positive,1.0,0.9155495178067174
2026-06-11,TSLA,Tesla shares plunged after faces a regulatory investigation,negative,-1.0,-0.8907906727901248
2026-06-12,TSLA,Tesla drops as it received an analyst downgrade,negative,-1.0,-0.9448443320467991
2026-06-15,TSLA,Tesla rallies as it unveiled a new product line to strong demand,positive,1.0,0.9382030689749176
2026-06-15,TSLA,Tesla shares trade flat as it filed its routine quarterly disclosure,neutral,0.0,-0.000525096919997867
2026-06-17,TSLA,"Tesla beat analyst earnings estimates, shares climb",positive,1.0,0.8856703933415199
2026-06-17,TSLA,Tesla shares sank after warned of a demand slowdown,negative,-1.0,-0.898695976928449
2026-06-18,TSLA,"Tesla received an analyst upgrade, shares climb",positive,1.0,0.9228862673478969
2026-06-22,TSLA,Tesla revenue in line with expectations,neutral,0.0,-0.0037343360396221784
2026-06-22,TSLA,Analysts turn cautious on Tesla after soft quarterly earnings,negative,0.0,-0.8556869531572848
2026-06-23,TSLA,Analysts turn bullish on Tesla after record quarterly earnings,positive,1.0,0.9326856930985663
2026-06-26,TSLA,Tesla shares soared after raised its full-year guidance,positive,1.0,0.8300601208955337
2026-06-29,TSLA,"Tesla cut its full-year guidance, shares slide",negative,-1.0,-0.8981362424630321
2026-06-29,TSLA,Tesla stock sank on worse-than-expected profit margins,negative,0.0,-0.8588837585219562
2026-06-30,TSLA,Tesla stock sank on disappointing sales,negative,-1.0,-0.84101717583468
2026-07-01,TSLA,"Tesla cut its full-year guidance, shares slide",negative,-1.0,-0.8981362424630321
2021-07-02,JPM,Analysts turn cautious on JPMorgan after disappointing sales,negative,0.0,-0.9229534196844474
2021-07-06,JPM,JPMorgan stock climbed on record quarterly earnings,positive,1.0,0.8735272672350051
2021-07-08,JPM,Analysts turn cautious on JPMorgan after troubling profit margins,negative,1.0,-0.8967281289917657
2021-07-09,JPM,JPMorgan shares jumped after beat analyst earnings estimates,positive,1.0,0.8677132759719328
2021-07-15,JPM,JPMorgan drops as it faces a regulatory investigation,negative,-1.0,-0.9449840453570932
2021-07-16,JPM,JPMorgan stock fell on weak sales,negative,-1.0,-0.8512642531110909
2021-07-21,JPM,JPMorgan shares surged after raised its full-year guidance,positive,1.0,0.8261801197204192
2021-07-22,JPM,"JPMorgan raised its full-year guidance, shares climb",positive,1.0,0.8863740378031044
2021-07-23,JPM,JPMorgan stock advanced on record revenue,positive,1.0,0.7897043861645943
2021-07-23,JPM,JPMorgan shares sank after cut its full-year guidance,negative,-1.0,-0.8266776519550475
2021-07-26,JPM,"JPMorgan announced a share buyback program, shares climb",positive,1.0,0.9511257592909506
2021-07-28,JPM,"JPMorgan maintained its previous guidance, no major stock reaction",neutral,0.0,-0.0003843441105638584
2021-07-28,JPM,Analysts turn bullish on JPMorgan after record revenue,positive,1.0,0.8882918818419231
2021-07-29,JPM,JPMorgan rallies as it announced a share buyback program,positive,1.0,0.9531148494264431
2021-07-30,JPM,"JPMorgan cut its full-year guidance, shares slide",negative,-1.0,-0.9042131024455282
2021-08-02,JPM,JPMorgan rallies as it received an analyst upgrade,positive,1.0,0.915691277601567
2021-08-03,JPM,JPMorgan profit margins in line with expectations,neutral,1.0,0.0011499553727845474
2021-08-03,JPM,JPMorgan to hold investor call on quarterly earnings,neutral,0.0,0.0020714251288044827
2021-08-05,JPM,JPMorgan drops as it warned of a demand slowdown,negative,-1.0,-0.9482772452180016
2021-08-06,JPM,JPMorgan stock rallied on record sales,positive,1.0,0.8245264606254172
2021-08-06,JPM,Analysts turn bullish on JPMorgan after record guidance,positive,1.0,0.9122659595154983
2021-08-11,JPM,JPMorgan stock surged on better-than-expected guidance,positive,1.0,0.8369534408140694
2021-08-11,JPM,JPMorgan rallies as it beat analyst earnings estimates,positive,1.0,0.9066695929568387
2021-08-12,JPM,"JPMorgan held its annual shareholder meeting, no major stock reaction",neutral,0.0,-0.001165188328192502
2021-08-17,JPM,Analysts turn bullish on JPMorgan after resilient quarterly earnings,positive,1.0,0.8941420919354583
2021-08-20,JPM,Analysts turn cautious on JPMorgan after disappointing sales,negative,0.0,-0.9229534196844474
2021-08-24,JPM,Analysts turn bullish on JPMorgan after record guidance,positive,1.0,0.9122659595154983
2021-08-25,JPM,Analysts turn cautious on JPMorgan after disappointing guidance,negative,0.0,-0.9191709395613917
2021-08-27,JPM,JPMorgan shares plunged after received an analyst downgrade,negative,-1.0,-0.8169368641787335
2021-08-30,JPM,JPMorgan drops as it cut its full-year guidance,negative,-1.0,-0.9070829065693289
2021-08-30,JPM,JPMorgan drops as it cut its full-year guidance,negative,-1.0,-0.9070829065693289
2021-08-31,JPM,JPMorgan rallies as it received an analyst upgrade,positive,1.0,0.915691277601567
2021-09-07,JPM,JPMorgan shares dropped after faces a regulatory investigation,negative,-1.0,-0.9036005179008597
2021-09-08,JPM,JPMorgan drops as it received an analyst downgrade,negative,-1.0,-0.9370311742918106
2021-09-13,JPM,"JPMorgan received an analyst upgrade, shares climb",positive,1.0,0.9183096966455315
2021-09-14,JPM,"JPMorgan announced a change to its board of directors, no major stock reaction",neutral,0.0,0.0007637200967339081
2021-09-14,JPM,"JPMorgan announced layoffs amid cost cuts, shares slide",negative,-1.0,-0.9434211505660663
2021-09-16,JPM,JPMorgan stock soared on robust cash flow,positive,1.0,0.8045222824097682
2021-09-16,JPM,JPMorgan shares jumped after reported record quarterly profit,positive,1.0,0.931223033973083
2021-09-20,JPM,JPMorgan rallies as it reported record quarterly profit,positive,1.0,0.9624264853267872
2021-09-21,JPM,JPMorgan stock soared on resilient revenue,positive,1.0,0.81491574697957
2021-09-22,JPM,Analysts turn bullish on JPMorgan after better-than-expected cash flow,positive,1.0,0.8946084943953159
2021-09-24,JPM,Analysts turn cautious on JPMorgan after worse-than-expected profit margins,negative,1.0,-0.9133630752791646
2021-09-24,JPM,JPMorgan drops as it cut its full-year guidance,negative,-1.0,-0.9070829065693289
2021-09-28,JPM,JPMorgan shares climbed after beat analyst earnings estimates,positive,1.0,0.8512846568220287
2021-09-29,JPM,"JPMorgan received an analyst upgrade, shares climb",positive,1.0,0.9183096966455315
2021-10-07,JPM,JPMorgan shares plunged after warned of a demand slowdown,negative,-1.0,-0.8636712807504805
2021-10-07,JPM,"JPMorgan reported record quarterly profit, shares climb",positive,1.0,0.9595780804130293
2021-10-08,JPM,Analysts turn cautious on JPMorgan after weak guidance,negative,-1.0,-0.9076312028687055
2021-10-08,JPM,JPMorgan shares climbed after beat analyst earnings estimates,positive,1.0,0.8512846568220287
2021-10-12,JPM,JPMorgan drops as it cut its full-year guidance,negative,-1.0,-0.9070829065693289
2021-10-13,JPM,"JPMorgan missed analyst earnings estimates, shares slide",negative,-1.0,-0.8893052208705972
2021-10-14,JPM,JPMorgan drops as it received an analyst downgrade,negative,-1.0,-0.9370311742918106
2021-10-19,JPM,JPMorgan shares trade flat as it will report quarterly results next week,neutral,0.0,0.000661139762506726
2021-10-19,JPM,JPMorgan maintained its previous guidance,neutral,0.0,-0.00023858484574196606
2021-10-22,JPM,JPMorgan drops as it announced layoffs amid cost cuts,negative,-1.0,-0.9457147020112643
2021-10-25,JPM,JPMorgan stock dropped on disappointing cash flow,negative,-1.0,-0.7911984505520565
2021-10-25,JPM,JPMorgan stock sank on weak cash flow,negative,-1.0,-0.7569732273700385
2021-10-26,JPM,JPMorgan stock dropped on weak quarterly earnings,negative,-1.0,-0.7382316157122807
2021-10-28,JPM,JPMorgan quarterly earnings in line with expectations,neutral,0.0,0.004721602324584191
2021-11-02,JPM,JPMorgan will report quarterly results next week,neutral,0.0,0.002199622978446808
2021-11-02,JPM,"JPMorgan maintained its previous guidance, no major stock reaction",neutral,0.0,-0.0003843441105638584
2021-11-03,JPM,JPMorgan stock climbed on resilient sales,positive,1.0,0.8167612150911756
2021-11-04,JPM,JPMorgan stock fell on disappointing cash flow,negative,-1.0,-0.8409543833126433
2021-11-04,JPM,JPMorgan stock dropped on troubling revenue,negative,-1.0,-0.8065546970619032
2021-11-05,JPM,JPMorgan drops as it announced layoffs amid cost cuts,negative,-1.0,-0.9457147020112643
2021-11-09,JPM,JPMorgan announced a change to its board of directors,neutral,0.0,0.002902953782953299
2021-11-10,JPM,JPMorgan held its annual shareholder meeting,neutral,0.0,-0.0025201820187263566
2021-11-11,JPM,JPMorgan shares slumped after received an analyst downgrade,negative,-1.0,-0.8849808156165377
2021-11-12,JPM,JPMorgan drops as it missed analyst earnings estimates,negative,-1.0,-0.9206205928938387
2021-11-15,JPM,"JPMorgan held its annual shareholder meeting, no major stock reaction",neutral,0.0,-0.001165188328192502
2021-11-17,JPM,"JPMorgan unveiled a new product line to strong demand, shares climb",positive,1.0,0.9443970285125076
2021-11-19,JPM,"JPMorgan received an analyst upgrade, shares climb",positive,1.0,0.9183096966455315
2021-11-19,JPM,JPMorgan stock jumped on robust sales,positive,1.0,0.8366533137150833
2021-11-22,JPM,Analysts turn bullish on JPMorgan after robust guidance,positive,1.0,0.936325828607165
2021-11-23,JPM,JPMorgan rallies as it announced a share buyback program,positive,1.0,0.9531148494264431
2021-11-24,JPM,JPMorgan shares trade flat as it held its annual shareholder meeting,neutral,0.0,-0.0008547445459817331
2021-11-29,JPM,Analysts turn cautious on JPMorgan after disappointing guidance,negative,0.0,-0.9191709395613917
2021-12-01,JPM,JPMorgan drops as it faces a regulatory investigation,negative,-1.0,-0.9449840453570932
2021-12-02,JPM,JPMorgan stock slumped on disappointing guidance,negative,-1.0,-0.8684203767491178
2021-12-03,JPM,JPMorgan drops as it cut its full-year guidance,negative,-1.0,-0.9070829065693289
2021-12-07,JPM,JPMorgan shares tumbled after warned of a demand slowdown,negative,-1.0,-0.8703228682829665
2021-12-08,JPM,Analysts turn bullish on JPMorgan after better-than-expected revenue,positive,1.0,0.9103013046377396
2021-12-09,JPM,JPMorgan drops as it received an analyst downgrade,negative,-1.0,-0.9370311742918106
2021-12-20,JPM,"JPMorgan warned of a demand slowdown, shares slide",negative,-1.0,-0.9493459611657844
2021-12-21,JPM,JPMorgan cash flow in line with expectations,neutral,0.0,0.001139901085049612
2021-12-21,JPM,JPMorgan stock jumped on record cash flow,positive,1.0,0.7988593983406326
2021-12-23,JPM,JPMorgan to hold investor call on guidance,neutral,0.0,0.00016829742645626915
2021-12-27,JPM,JPMorgan rallies as it unveiled a new product line to strong demand,positive,1.0,0.9413037794732412
2021-12-27,JPM,JPMorgan shares dropped after missed analyst earnings estimates,negative,-1.0,-0.8680007539052403
2021-12-28,JPM,Analysts turn cautious on JPMorgan after weak cash flow,negative,-1.0,-0.8731385255345799
2021-12-28,JPM,Analysts turn bullish on JPMorgan after strong sales,positive,1.0,0.9412213779835704
2021-12-29,JPM,JPMorgan shares soared after reported record quarterly profit,positive,1.0,0.9505176525320793
2021-12-30,JPM,JPMorgan rallies as it beat analyst earnings estimates,positive,1.0,0.9066695929568387
2022-01-03,JPM,"JPMorgan beat analyst earnings estimates, shares climb",positive,1.0,0.9055705999426807
2022-01-04,JPM,JPMorgan shares trade flat as it presented at an industry conference,neutral,0.0,-0.0006243151985509988
2022-01-10,JPM,JPMorgan stock jumped on strong cash flow,positive,1.0,0.787753343358824
2022-01-10,JPM,Analysts turn cautious on JPMorgan after soft quarterly earnings,negative,0.0,-0.8830753052777139
2022-01-11,JPM,JPMorgan stock plunged on troubling cash flow,negative,-1.0,-0.7785638132930635
2022-01-19,JPM,"JPMorgan beat analyst earnings estimates, shares climb",positive,1.0,0.9055705999426807
2022-01-20,JPM,JPMorgan shares dropped after faces a regulatory investigation,negative,-1.0,-0.9036005179008597
2022-01-21,JPM,JPMorgan shares climbed after unveiled a new product line to strong demand,positive,1.0,0.9189300390053257
2022-01-25,JPM,JPMorgan stock slumped on troubling cash flow,negative,-1.0,-0.8540089172082551
2022-01-28,JPM,JPMorgan shares dropped after cut its full-year guidance,negative,-1.0,-0.8177692316478999
2022-02-01,JPM,JPMorgan shares dropped after cut its full-year guidance,negative,-1.0,-0.8177692316478999
2022-02-03,JPM,"JPMorgan reported record quarterly profit, shares climb",positive,1.0,0.9595780804130293
2022-02-08,JPM,JPMorgan to hold investor call on profit margins,neutral,1.0,-0.0009395924554204023
2022-02-08,JPM,JPMorgan shares plunged after warned of a demand slowdown,negative,-1.0,-0.8636712807504805
2022-02-09,JPM,"JPMorgan cut its full-year guidance, shares slide",negative,-1.0,-0.9042131024455282
2022-02-11,JPM,Analysts turn bullish on JPMorgan after strong revenue,positive,1.0,0.9230109845755788
2022-02-17,JPM,"JPMorgan unveiled a new product line to strong demand, shares climb",positive,1.0,0.9443970285125076
2022-02-17,JPM,JPMorgan shares advanced after received an analyst upgrade,positive,1.0,0.8566621649953052
2022-02-22,JPM,JPMorgan stock sank on disappointing quarterly earnings,negative,-1.0,-0.7931659378438901
2022-02-23,JPM,JPMorgan rallies as it reported record quarterly profit,positive,1.0,0.9624264853267872
2022-02-24,JPM,JPMorgan shares climbed after received an analyst upgrade,positive,1.0,0.8617244351256482
2022-02-24,JPM,JPMorgan stock jumped on resilient cash flow,positive,1.0,0.7457460048013659
2022-02-28,JPM,JPMorgan shares trade flat as it held its annual shareholder meeting,neutral,0.0,-0.0008547445459817331
2022-03-01,JPM,JPMorgan shares slumped after announced layoffs amid cost cuts,negative,-1.0,-0.9157084742137204
2022-03-01,JPM,JPMorgan shares trade flat as it maintained its previous guidance,neutral,0.0,-0.0001404821654083111
2022-03-03,JPM,JPMorgan revenue in line with expectations,neutral,0.0,-0.0008493634384839771
2022-03-03,JPM,"JPMorgan received an analyst upgrade, shares climb",positive,1.0,0.9183096966455315
2022-03-07,JPM,JPMorgan guidance in line with expectations,neutral,0.0,0.002075966351090381
2022-03-09,JPM,"JPMorgan warned of a demand slowdown, shares slide",negative,-1.0,-0.9493459611657844
2022-03-10,JPM,Analysts turn cautious on JPMorgan after weak guidance,negative,-1.0,-0.9076312028687055
2022-03-11,JPM,JPMorgan shares plunged after announced layoffs amid cost cuts,negative,-1.0,-0.8983001897309566
2022-03-14,JPM,JPMorgan shares trade flat as it presented at an industry conference,neutral,0.0,-0.0006243151985509988
2022-03-14,JPM,Analysts turn bullish on JPMorgan after strong sales,positive,1.0,0.9412213779835704
2022-03-15,JPM,Analysts turn bullish on JPMorgan after record guidance,positive,1.0,0.9122659595154983
2022-03-16,JPM,JPMorgan drops as it cut its full-year guidance,negative,-1.0,-0.9070829065693289
2022-03-17,JPM,JPMorgan stock jumped on robust sales,positive,1.0,0.8366533137150833
2022-03-22,JPM,JPMorgan to hold investor call on profit margins,neutral,1.0,-0.0009395924554204023
2022-03-23,JPM,JPMorgan rallies as it raised its full-year guidance,positive,1.0,0.9219635805263035
2022-03-28,JPM,Analysts turn bullish on JPMorgan after better-than-expected quarterly earnings,positive,1.0,0.9031298701554922
2022-03-29,JPM,JPMorgan stock dropped on troubling sales,negative,-1.0,-0.7917659683605085
2022-03-30,JPM,JPMorgan shares trade flat as it maintained its previous guidance,neutral,0.0,-0.0001404821654083111
2022-03-31,JPM,JPMorgan to hold investor call on revenue,neutral,0.0,-0.002484263170371287
2022-04-04,JPM,JPMorgan cash flow in line with expectations,neutral,0.0,0.001139901085049612
2022-04-07,JPM,Analysts turn bullish on JPMorgan after strong sales,positive,1.0,0.9412213779835704
2022-04-07,JPM,Analysts turn cautious on JPMorgan after weak quarterly earnings,negative,-1.0,-0.8749143059804654
2022-04-11,JPM,JPMorgan shares tumbled after missed analyst earnings estimates,negative,-1.0,-0.8452501740872466
2022-04-12,JPM,"JPMorgan announced layoffs amid cost cuts, shares slide",negative,-1.0,-0.9434211505660663
2022-04-14,JPM,Analysts turn bullish on JPMorgan after resilient cash flow,positive,1.0,0.8900838177220581
2022-04-19,JPM,JPMorgan quarterly earnings in line with expectations,neutral,0.0,0.004721602324584191
2022-04-20,JPM,JPMorgan shares sank after announced layoffs amid cost cuts,negative,-1.0,-0.916268473443194
2022-04-20,JPM,"JPMorgan raised its full-year guidance, shares climb",positive,1.0,0.8863740378031044
2022-04-25,JPM,Analysts turn cautious on JPMorgan after disappointing guidance,negative,0.0,-0.9191709395613917
2022-04-27,JPM,JPMorgan stock jumped on better-than-expected sales,positive,1.0,0.8192731406144234
2022-04-28,JPM,Analysts turn bullish on JPMorgan after better-than-expected revenue,positive,1.0,0.9103013046377396
2022-05-03,JPM,JPMorgan stock rallied on better-than-expected cash flow,positive,1.0,0.803798643784625
2022-05-03,JPM,JPMorgan to hold investor call on sales,neutral,0.0,-0.0003560167581327725
2022-05-05,JPM,JPMorgan shares trade flat as it held its annual shareholder meeting,neutral,0.0,-0.0008547445459817331
2022-05-06,JPM,JPMorgan profit margins in line with expectations,neutral,1.0,0.0011499553727845474
2022-05-09,JPM,Analysts turn cautious on JPMorgan after troubling revenue,negative,0.0,-0.9257831195671092
2022-05-10,JPM,JPMorgan shares trade flat as it maintained its previous guidance,neutral,0.0,-0.0001404821654083111
2022-05-11,JPM,Analysts turn bullish on JPMorgan after resilient profit margins,positive,1.0,0.8830262264722712
2022-05-16,JPM,JPMorgan shares trade flat as it announced a change to its board of directors,neutral,0.0,-0.00019510687842904176
2022-05-17,JPM,"JPMorgan received an analyst downgrade, shares slide",negative,-1.0,-0.936728976925184
2022-05-18,JPM,"JPMorgan cut its full-year guidance, shares slide",negative,-1.0,-0.9042131024455282
2022-05-18,JPM,JPMorgan shares fell after announced layoffs amid cost cuts,negative,-1.0,-0.9290210606280472
2022-05-19,JPM,JPMorgan shares trade flat as it will report quarterly results next week,neutral,0.0,0.000661139762506726
2022-05-24,JPM,"JPMorgan held its annual shareholder meeting, no major stock reaction",neutral,0.0,-0.001165188328192502
2022-05-25,JPM,"JPMorgan missed analyst earnings estimates, shares slide",negative,-1.0,-0.8893052208705972
2022-05-27,JPM,Analysts turn cautious on JPMorgan after disappointing sales,negative,0.0,-0.9229534196844474
2022-05-31,JPM,JPMorgan shares trade flat as it held its annual shareholder meeting,neutral,0.0,-0.0008547445459817331
2022-06-01,JPM,JPMorgan to hold investor call on cash flow,neutral,0.0,-0.0007504526107069281
2022-06-03,JPM,JPMorgan stock slumped on troubling cash flow,negative,-1.0,-0.8540089172082551
2022-06-06,JPM,JPMorgan stock tumbled on soft guidance,negative,-1.0,-0.810346895300637
2022-06-09,JPM,JPMorgan stock dropped on worse-than-expected sales,negative,-1.0,-0.8417053227831546
2022-06-10,JPM,"JPMorgan raised its full-year guidance, shares climb",positive,1.0,0.8863740378031044
2022-06-10,JPM,JPMorgan rallies as it reported record quarterly profit,positive,1.0,0.9624264853267872
2022-06-14,JPM,JPMorgan stock rallied on better-than-expected profit margins,positive,1.0,0.7984865972347905
2022-06-21,JPM,JPMorgan shares tumbled after announced layoffs amid cost cuts,negative,-1.0,-0.909952125561662
2022-06-23,JPM,JPMorgan drops as it missed analyst earnings estimates,negative,-1.0,-0.9206205928938387
2022-06-24,JPM,Analysts turn bullish on JPMorgan after better-than-expected revenue,positive,1.0,0.9103013046377396
2022-06-28,JPM,JPMorgan shares slumped after received an analyst downgrade,negative,-1.0,-0.8849808156165377
2022-06-30,JPM,JPMorgan drops as it cut its full-year guidance,negative,-1.0,-0.9070829065693289
2022-07-01,JPM,"JPMorgan announced a share buyback program, shares climb",positive,1.0,0.9511257592909506
2022-07-05,JPM,"JPMorgan missed analyst earnings estimates, shares slide",negative,-1.0,-0.8893052208705972
2022-07-11,JPM,"JPMorgan will report quarterly results next week, no major stock reaction",neutral,0.0,0.0004220553564752462
2022-07-14,JPM,"JPMorgan announced layoffs amid cost cuts, shares slide",negative,-1.0,-0.9434211505660663
2022-07-19,JPM,JPMorgan drops as it cut its full-year guidance,negative,-1.0,-0.9070829065693289
2022-07-22,JPM,JPMorgan drops as it missed analyst earnings estimates,negative,-1.0,-0.9206205928938387
2022-07-22,JPM,JPMorgan stock sank on weak quarterly earnings,negative,-1.0,-0.75573780625192
2022-07-25,JPM,JPMorgan drops as it faces a regulatory investigation,negative,-1.0,-0.9449840453570932
2022-07-28,JPM,"JPMorgan missed analyst earnings estimates, shares slide",negative,-1.0,-0.8893052208705972
2022-08-01,JPM,JPMorgan shares plunged after announced layoffs amid cost cuts,negative,-1.0,-0.8983001897309566
2022-08-03,JPM,Analysts turn cautious on JPMorgan after weak cash flow,negative,-1.0,-0.8731385255345799
2022-08-04,JPM,JPMorgan cash flow in line with expectations,neutral,0.0,0.001139901085049612
2022-08-05,JPM,JPMorgan revenue in line with expectations,neutral,0.0,-0.0008493634384839771
2022-08-09,JPM,JPMorgan cash flow in line with expectations,neutral,0.0,0.001139901085049612
2022-08-12,JPM,"JPMorgan unveiled a new product line to strong demand, shares climb",positive,1.0,0.9443970285125076
2022-08-17,JPM,JPMorgan stock dropped on troubling cash flow,negative,-1.0,-0.7814950796211728
2022-08-18,JPM,JPMorgan stock jumped on record quarterly earnings,positive,1.0,0.872349139103547
2022-08-19,JPM,JPMorgan shares dropped after received an analyst downgrade,negative,-1.0,-0.8779096844026162
2022-08-24,JPM,JPMorgan to hold investor call on cash flow,neutral,0.0,-0.0007504526107069281
2022-08-25,JPM,Analysts turn cautious on JPMorgan after troubling cash flow,negative,0.0,-0.9099442405058312
2022-08-26,JPM,JPMorgan rallies as it reported record quarterly profit,positive,1.0,0.9624264853267872
2022-08-30,JPM,JPMorgan shares soared after raised its full-year guidance,positive,1.0,0.8379092723138978
2022-08-30,JPM,JPMorgan rallies as it raised its full-year guidance,positive,1.0,0.9219635805263035
2022-09-01,JPM,"JPMorgan warned of a demand slowdown, shares slide",negative,-1.0,-0.9493459611657844
2022-09-06,JPM,JPMorgan revenue in line with expectations,neutral,0.0,-0.0008493634384839771
2022-09-08,JPM,Analysts turn bullish on JPMorgan after record quarterly earnings,positive,1.0,0.9396756381692689
2022-09-09,JPM,Analysts turn cautious on JPMorgan after soft guidance,negative,0.0,-0.9242943321088384
2022-09-12,JPM,JPMorgan stock fell on weak sales,negative,-1.0,-0.8512642531110909
2022-09-13,JPM,Analysts turn bullish on JPMorgan after record sales,positive,1.0,0.9090011745574811
2022-09-13,JPM,JPMorgan to hold investor call on guidance,neutral,0.0,0.00016829742645626915
2022-09-14,JPM,"JPMorgan unveiled a new product line to strong demand, shares climb",positive,1.0,0.9443970285125076
2022-09-15,JPM,JPMorgan quarterly earnings in line with expectations,neutral,0.0,0.004721602324584191
2022-09-16,JPM,JPMorgan stock sank on soft revenue,negative,-1.0,-0.7955734291635209
2022-09-19,JPM,Analysts turn cautious on JPMorgan after worse-than-expected revenue,negative,0.0,-0.9286462633230641
2022-09-23,JPM,"JPMorgan announced layoffs amid cost cuts, shares slide",negative,-1.0,-0.9434211505660663
2022-09-26,JPM,JPMorgan stock fell on soft revenue,negative,-1.0,-0.7859881789393248
2022-09-26,JPM,JPMorgan announced a change to its board of directors,neutral,0.0,0.002902953782953299
2022-09-28,JPM,"JPMorgan held its annual shareholder meeting, no major stock reaction",neutral,0.0,-0.001165188328192502
2022-09-29,JPM,JPMorgan shares advanced after reported record quarterly profit,positive,1.0,0.9245109196806139
2022-09-29,JPM,"JPMorgan raised its full-year guidance, shares climb",positive,1.0,0.8863740378031044
2022-09-30,JPM,Analysts turn bullish on JPMorgan after better-than-expected guidance,positive,1.0,0.9237165341342929
2022-10-03,JPM,JPMorgan stock climbed on better-than-expected guidance,positive,1.0,0.8435322433590424
2022-10-06,JPM,JPMorgan drops as it received an analyst downgrade,negative,-1.0,-0.9370311742918106
2022-10-10,JPM,"JPMorgan faces a regulatory investigation, shares slide",negative,-1.0,-0.9550159873721856
2022-10-11,JPM,"JPMorgan unveiled a new product line to strong demand, shares climb",positive,1.0,0.9443970285125076
2022-10-12,JPM,JPMorgan stock climbed on record cash flow,positive,1.0,0.8007450889669008
2022-10-12,JPM,JPMorgan shares tumbled after faces a regulatory investigation,negative,-1.0,-0.8813202461985071
2022-10-14,JPM,JPMorgan stock soared on record revenue,positive,1.0,0.7269543020480127
2022-10-20,JPM,JPMorgan shares dropped after received an analyst downgrade,negative,-1.0,-0.8779096844026162
2022-10-25,JPM,Analysts turn cautious on JPMorgan after soft quarterly earnings,negative,0.0,-0.8830753052777139
2022-10-28,JPM,JPMorgan shares trade flat as it will report quarterly results next week,neutral,0.0,0.000661139762506726
2022-11-01,JPM,JPMorgan stock advanced on better-than-expected sales,positive,1.0,0.8232896472769022
2022-11-04,JPM,Analysts turn cautious on JPMorgan after disappointing revenue,negative,0.0,-0.9349022349939814
2022-11-08,JPM,Analysts turn bullish on JPMorgan after better-than-expected revenue,positive,1.0,0.9103013046377396
2022-11-09,JPM,JPMorgan drops as it received an analyst downgrade,negative,-1.0,-0.9370311742918106
2022-11-15,JPM,JPMorgan rallies as it unveiled a new product line to strong demand,positive,1.0,0.9413037794732412
2022-11-16,JPM,JPMorgan stock plunged on disappointing quarterly earnings,negative,-1.0,-0.7822578267716915
2022-11-22,JPM,JPMorgan rallies as it unveiled a new product line to strong demand,positive,1.0,0.9413037794732412
2022-11-28,JPM,JPMorgan shares advanced after unveiled a new product line to strong demand,positive,1.0,0.9143434914964573
2022-11-29,JPM,JPMorgan shares plunged after warned of a demand slowdown,negative,-1.0,-0.8636712807504805
2022-11-30,JPM,JPMorgan to hold investor call on guidance,neutral,0.0,0.00016829742645626915
2022-12-06,JPM,JPMorgan shares fell after received an analyst downgrade,negative,-1.0,-0.8626280582015046
2022-12-06,JPM,"JPMorgan raised its full-year guidance, shares climb",positive,1.0,0.8863740378031044
2022-12-09,JPM,Analysts turn bullish on JPMorgan after better-than-expected revenue,positive,1.0,0.9103013046377396
2022-12-14,JPM,JPMorgan rallies as it unveiled a new product line to strong demand,positive,1.0,0.9413037794732412
2022-12-20,JPM,Analysts turn bullish on JPMorgan after better-than-expected revenue,positive,1.0,0.9103013046377396
2022-12-22,JPM,JPMorgan cash flow in line with expectations,neutral,0.0,0.001139901085049612
2022-12-23,JPM,JPMorgan shares surged after unveiled a new product line to strong demand,positive,1.0,0.9113904018431179
2022-12-28,JPM,JPMorgan drops as it received an analyst downgrade,negative,-1.0,-0.9370311742918106
2022-12-28,JPM,JPMorgan rallies as it received an analyst upgrade,positive,1.0,0.915691277601567
2022-12-30,JPM,JPMorgan stock climbed on better-than-expected guidance,positive,1.0,0.8435322433590424
2022-12-30,JPM,JPMorgan rallies as it beat analyst earnings estimates,positive,1.0,0.9066695929568387
2023-01-10,JPM,JPMorgan stock sank on weak cash flow,negative,-1.0,-0.7569732273700385
2023-01-12,JPM,JPMorgan stock dropped on disappointing cash flow,negative,-1.0,-0.7911984505520565
2023-01-13,JPM,JPMorgan quarterly earnings in line with expectations,neutral,0.0,0.004721602324584191
2023-01-17,JPM,Analysts turn cautious on JPMorgan after disappointing cash flow,negative,0.0,-0.9094944983624059
2023-01-18,JPM,JPMorgan stock soared on record sales,positive,1.0,0.7681827902712036
2023-01-20,JPM,JPMorgan quarterly earnings in line with expectations,neutral,0.0,0.004721602324584191
2023-01-23,JPM,Analysts turn bullish on JPMorgan after robust revenue,positive,1.0,0.9146739249986159
2023-01-24,JPM,JPMorgan stock dropped on disappointing revenue,negative,-1.0,-0.8351465457289651
2023-01-26,JPM,Analysts turn cautious on JPMorgan after disappointing revenue,negative,0.0,-0.9349022349939814
2023-01-27,JPM,Analysts turn cautious on JPMorgan after soft cash flow,negative,0.0,-0.9007516551308816
2023-01-27,JPM,JPMorgan to hold investor call on guidance,neutral,0.0,0.00016829742645626915
2023-01-30,JPM,Analysts turn cautious on JPMorgan after troubling guidance,negative,0.0,-0.9114460623588682
2023-02-01,JPM,"JPMorgan beat analyst earnings estimates, shares climb",positive,1.0,0.9055705999426807
2023-02-06,JPM,Analysts turn cautious on JPMorgan after worse-than-expected sales,negative,0.0,-0.9293676783429848
2023-02-06,JPM,JPMorgan shares dropped after warned of a demand slowdown,negative,-1.0,-0.9072353735953198
2023-02-07,JPM,JPMorgan stock climbed on record quarterly earnings,positive,1.0,0.8735272672350051
2023-02-08,JPM,"JPMorgan received an analyst downgrade, shares slide",negative,-1.0,-0.936728976925184
2023-02-09,JPM,JPMorgan shares surged after received an analyst upgrade,positive,1.0,0.8158268527078231
2023-02-09,JPM,JPMorgan shares advanced after unveiled a new product line to strong demand,positive,1.0,0.9143434914964573
2023-02-13,JPM,JPMorgan stock tumbled on weak guidance,negative,-1.0,-0.8175432657334682
2023-02-13,JPM,JPMorgan shares surged after unveiled a new product line to strong demand,positive,1.0,0.9113904018431179
2023-02-14,JPM,JPMorgan shares climbed after received an analyst upgrade,positive,1.0,0.8617244351256482
2023-02-15,JPM,Analysts turn cautious on JPMorgan after weak quarterly earnings,negative,-1.0,-0.8749143059804654
2023-02-15,JPM,JPMorgan stock dropped on weak sales,negative,-1.0,-0.8031324985741258
2023-02-16,JPM,"JPMorgan unveiled a new product line to strong demand, shares climb",positive,1.0,0.9443970285125076
2023-02-16,JPM,Analysts turn bullish on JPMorgan after strong quarterly earnings,positive,1.0,0.9344076218660937
2023-02-17,JPM,JPMorgan drops as it cut its full-year guidance,negative,-1.0,-0.9070829065693289
2023-02-22,JPM,JPMorgan stock fell on worse-than-expected cash flow,negative,-1.0,-0.8650838818938049
2023-02-27,JPM,JPMorgan will report quarterly results next week,neutral,0.0,0.002199622978446808
2023-02-27,JPM,JPMorgan rallies as it announced a share buyback program,positive,1.0,0.9531148494264431
2023-02-28,JPM,JPMorgan rallies as it announced a share buyback program,positive,1.0,0.9531148494264431
2023-03-06,JPM,JPMorgan drops as it cut its full-year guidance,negative,-1.0,-0.9070829065693289
2023-03-07,JPM,JPMorgan rallies as it raised its full-year guidance,positive,1.0,0.9219635805263035
2023-03-09,JPM,"JPMorgan reported record quarterly profit, shares climb",positive,1.0,0.9595780804130293
2023-03-10,JPM,"JPMorgan reported record quarterly profit, shares climb",positive,1.0,0.9595780804130293
2023-03-14,JPM,JPMorgan shares slumped after faces a regulatory investigation,negative,-1.0,-0.9148456423673224
2023-03-20,JPM,Analysts turn bullish on JPMorgan after record revenue,positive,1.0,0.8882918818419231
2023-03-21,JPM,Analysts turn cautious on JPMorgan after disappointing guidance,negative,0.0,-0.9191709395613917
2023-03-21,JPM,"JPMorgan received an analyst upgrade, shares climb",positive,1.0,0.9183096966455315
2023-03-22,JPM,JPMorgan stock surged on resilient revenue,positive,1.0,0.8054944977232779
2023-03-23,JPM,JPMorgan stock rallied on record profit margins,positive,1.0,0.7811324067815626
2023-03-27,JPM,JPMorgan rallies as it unveiled a new product line to strong demand,positive,1.0,0.9413037794732412
2023-03-30,JPM,"JPMorgan reported record quarterly profit, shares climb",positive,1.0,0.9595780804130293
2023-04-03,JPM,JPMorgan drops as it warned of a demand slowdown,negative,-1.0,-0.9482772452180016
2023-04-04,JPM,JPMorgan shares plunged after received an analyst downgrade,negative,-1.0,-0.8169368641787335
2023-04-04,JPM,JPMorgan shares trade flat as it maintained its previous guidance,neutral,0.0,-0.0001404821654083111
2023-04-12,JPM,JPMorgan rallies as it raised its full-year guidance,positive,1.0,0.9219635805263035
2023-04-13,JPM,"JPMorgan will report quarterly results next week, no major stock reaction",neutral,0.0,0.0004220553564752462
2023-04-14,JPM,"JPMorgan raised its full-year guidance, shares climb",positive,1.0,0.8863740378031044
2023-04-17,JPM,JPMorgan to hold investor call on guidance,neutral,0.0,0.00016829742645626915
2023-04-19,JPM,JPMorgan stock rallied on robust sales,positive,1.0,0.8566527901070209
2023-04-20,JPM,"JPMorgan announced a change to its board of directors, no major stock reaction",neutral,0.0,0.0007637200967339081
2023-04-21,JPM,JPMorgan shares sank after cut its full-year guidance,negative,-1.0,-0.8266776519550475
2023-04-24,JPM,JPMorgan stock surged on resilient cash flow,positive,1.0,0.7740315867335973
2023-04-25,JPM,JPMorgan will report quarterly results next week,neutral,0.0,0.002199622978446808
2023-04-25,JPM,Analysts turn cautious on JPMorgan after troubling quarterly earnings,negative,0.0,-0.8859049830143296
2023-04-27,JPM,JPMorgan stock plunged on disappointing cash flow,negative,-1.0,-0.786543435996146
2023-05-01,JPM,JPMorgan cash flow in line with expectations,neutral,0.0,0.001139901085049612
2023-05-01,JPM,JPMorgan stock climbed on record quarterly earnings,positive,1.0,0.8735272672350051
2023-05-04,JPM,JPMorgan shares trade flat as it held its annual shareholder meeting,neutral,0.0,-0.0008547445459817331
2023-05-05,JPM,Analysts turn bullish on JPMorgan after better-than-expected cash flow,positive,1.0,0.8946084943953159
2023-05-05,JPM,JPMorgan maintained its previous guidance,neutral,0.0,-0.00023858484574196606
2023-05-08,JPM,JPMorgan shares dropped after received an analyst downgrade,negative,-1.0,-0.8779096844026162
2023-05-08,JPM,JPMorgan shares dropped after cut its full-year guidance,negative,-1.0,-0.8177692316478999
2023-05-10,JPM,JPMorgan rallies as it received an analyst upgrade,positive,1.0,0.915691277601567
2023-05-12,JPM,JPMorgan shares plunged after faces a regulatory investigation,negative,-1.0,-0.8821741714543485
2023-05-17,JPM,JPMorgan shares plunged after received an analyst downgrade,negative,-1.0,-0.8169368641787335
2023-05-18,JPM,JPMorgan stock fell on worse-than-expected revenue,negative,-1.0,-0.8767758751780368
2023-05-18,JPM,JPMorgan shares advanced after reported record quarterly profit,positive,1.0,0.9245109196806139
2023-05-19,JPM,"JPMorgan announced layoffs amid cost cuts, shares slide",negative,-1.0,-0.9434211505660663
2023-05-22,JPM,JPMorgan filed its routine quarterly disclosure,neutral,0.0,0.0014662889788112296
2023-05-24,JPM,"JPMorgan received an analyst upgrade, shares climb",positive,1.0,0.9183096966455315
2023-05-26,JPM,"JPMorgan received an analyst downgrade, shares slide",negative,-1.0,-0.936728976925184
2023-06-02,JPM,JPMorgan quarterly earnings in line with expectations,neutral,0.0,0.004721602324584191
2023-06-02,JPM,JPMorgan drops as it faces a regulatory investigation,negative,-1.0,-0.9449840453570932
2023-06-12,JPM,JPMorgan shares tumbled after announced layoffs amid cost cuts,negative,-1.0,-0.909952125561662
2023-06-12,JPM,JPMorgan rallies as it raised its full-year guidance,positive,1.0,0.9219635805263035
2023-06-14,JPM,JPMorgan stock slumped on troubling profit margins,negative,0.0,-0.8345152437051816
2023-06-15,JPM,"JPMorgan announced layoffs amid cost cuts, shares slide",negative,-1.0,-0.9434211505660663
2023-06-20,JPM,JPMorgan stock climbed on robust sales,positive,1.0,0.8464844790579793
2023-06-26,JPM,JPMorgan stock tumbled on soft revenue,negative,-1.0,-0.7984749357948849
2023-06-27,JPM,Analysts turn cautious on JPMorgan after worse-than-expected guidance,negative,0.0,-0.9145694605099443
2023-06-28,JPM,JPMorgan shares soared after received an analyst upgrade,positive,1.0,0.8512896188702358
2023-06-30,JPM,JPMorgan drops as it received an analyst downgrade,negative,-1.0,-0.9370311742918106
2023-07-03,JPM,JPMorgan shares climbed after received an analyst upgrade,positive,1.0,0.8617244351256482
2023-07-07,JPM,Analysts turn bullish on JPMorgan after record cash flow,positive,1.0,0.8973475018043651
2023-07-10,JPM,"JPMorgan unveiled a new product line to strong demand, shares climb",positive,1.0,0.9443970285125076
2023-07-12,JPM,Analysts turn bullish on JPMorgan after better-than-expected sales,positive,1.0,0.9064437852689066
2023-07-14,JPM,JPMorgan stock tumbled on worse-than-expected sales,negative,-1.0,-0.8655225821663298
2023-07-20,JPM,JPMorgan stock jumped on record sales,positive,1.0,0.8144500880775007
2023-07-25,JPM,JPMorgan shares trade flat as it maintained its previous guidance,neutral,0.0,-0.0001404821654083111
2023-07-26,JPM,"JPMorgan received an analyst upgrade, shares climb",positive,1.0,0.9183096966455315
2023-07-27,JPM,"JPMorgan received an analyst downgrade, shares slide",negative,-1.0,-0.936728976925184
2023-07-28,JPM,JPMorgan rallies as it unveiled a new product line to strong demand,positive,1.0,0.9413037794732412
2023-07-31,JPM,JPMorgan stock dropped on soft profit margins,negative,0.0,-0.6973520470462167
2023-08-02,JPM,JPMorgan drops as it faces a regulatory investigation,negative,-1.0,-0.9449840453570932
2023-08-07,JPM,JPMorgan shares plunged after faces a regulatory investigation,negative,-1.0,-0.8821741714543485
2023-08-07,JPM,JPMorgan to hold investor call on guidance,neutral,0.0,0.00016829742645626915
2023-08-09,JPM,Analysts turn cautious on JPMorgan after disappointing cash flow,negative,0.0,-0.9094944983624059
2023-08-14,JPM,JPMorgan shares jumped after unveiled a new product line to strong demand,positive,1.0,0.929396482853002
2023-08-15,JPM,JPMorgan stock soared on strong revenue,positive,1.0,0.8368422107827221
2023-08-21,JPM,JPMorgan stock plunged on disappointing quarterly earnings,negative,-1.0,-0.7822578267716915
2023-08-21,JPM,Analysts turn cautious on JPMorgan after troubling quarterly earnings,negative,0.0,-0.8859049830143296
2023-08-22,JPM,JPMorgan stock sank on disappointing sales,negative,-1.0,-0.8153579536860409
2023-08-25,JPM,JPMorgan drops as it cut its full-year guidance,negative,-1.0,-0.9070829065693289
2023-08-25,JPM,"JPMorgan presented at an industry conference, no major stock reaction",neutral,0.0,-0.0009544160333742994
2023-08-30,JPM,"JPMorgan missed analyst earnings estimates, shares slide",negative,-1.0,-0.8893052208705972
2023-08-30,JPM,"JPMorgan held its annual shareholder meeting, no major stock reaction",neutral,0.0,-0.001165188328192502
2023-09-01,JPM,"JPMorgan filed its routine quarterly disclosure, no major stock reaction",neutral,0.0,0.00025544092148366976
2023-09-06,JPM,JPMorgan drops as it faces a regulatory investigation,negative,-1.0,-0.9449840453570932
2023-09-07,JPM,JPMorgan shares plunged after received an analyst downgrade,negative,-1.0,-0.8169368641787335
2023-09-07,JPM,Analysts turn bullish on JPMorgan after robust quarterly earnings,positive,1.0,0.9187334992718291
2023-09-08,JPM,"JPMorgan faces a regulatory investigation, shares slide",negative,-1.0,-0.9550159873721856
2023-09-08,JPM,Analysts turn bullish on JPMorgan after resilient revenue,positive,1.0,0.9118695943422391
2023-09-11,JPM,JPMorgan rallies as it reported record quarterly profit,positive,1.0,0.9624264853267872
2023-09-13,JPM,JPMorgan held its annual shareholder meeting,neutral,0.0,-0.0025201820187263566
2023-09-13,JPM,JPMorgan stock advanced on strong cash flow,positive,1.0,0.8131671119156614
2023-09-15,JPM,"JPMorgan reported record quarterly profit, shares climb",positive,1.0,0.9595780804130293
2023-09-18,JPM,JPMorgan shares sank after announced layoffs amid cost cuts,negative,-1.0,-0.916268473443194
2023-09-20,JPM,Analysts turn cautious on JPMorgan after troubling cash flow,negative,0.0,-0.9099442405058312
2023-09-21,JPM,JPMorgan shares trade flat as it presented at an industry conference,neutral,0.0,-0.0006243151985509988
2023-09-21,JPM,"JPMorgan raised its full-year guidance, shares climb",positive,1.0,0.8863740378031044
2023-09-22,JPM,JPMorgan to hold investor call on revenue,neutral,0.0,-0.002484263170371287
2023-09-25,JPM,Analysts turn bullish on JPMorgan after resilient cash flow,positive,1.0,0.8900838177220581
2023-09-25,JPM,Analysts turn bullish on JPMorgan after resilient profit margins,positive,1.0,0.8830262264722712
2023-09-26,JPM,JPMorgan shares rallied after beat analyst earnings estimates,positive,1.0,0.8792896878390954
2023-09-28,JPM,JPMorgan rallies as it beat analyst earnings estimates,positive,1.0,0.9066695929568387
2023-10-03,JPM,"JPMorgan received an analyst downgrade, shares slide",negative,-1.0,-0.936728976925184
2023-10-10,JPM,"JPMorgan reported record quarterly profit, shares climb",positive,1.0,0.9595780804130293
2023-10-10,JPM,JPMorgan drops as it announced layoffs amid cost cuts,negative,-1.0,-0.9457147020112643
2023-10-11,JPM,JPMorgan shares soared after raised its full-year guidance,positive,1.0,0.8379092723138978
2023-10-12,JPM,JPMorgan rallies as it reported record quarterly profit,positive,1.0,0.9624264853267872
2023-10-18,JPM,JPMorgan rallies as it beat analyst earnings estimates,positive,1.0,0.9066695929568387
2023-10-18,JPM,JPMorgan shares climbed after reported record quarterly profit,positive,1.0,0.922735147120071
2023-10-19,JPM,"JPMorgan warned of a demand slowdown, shares slide",negative,-1.0,-0.9493459611657844
2023-10-26,JPM,JPMorgan held its annual shareholder meeting,neutral,0.0,-0.0025201820187263566
2023-10-30,JPM,JPMorgan stock sank on troubling profit margins,negative,0.0,-0.815117222896623
2023-11-02,JPM,Analysts turn cautious on JPMorgan after soft sales,negative,0.0,-0.9113483505657144
2023-11-03,JPM,JPMorgan rallies as it announced a share buyback program,positive,1.0,0.9531148494264431
2023-11-07,JPM,JPMorgan rallies as it received an analyst upgrade,positive,1.0,0.915691277601567
2023-11-10,JPM,"JPMorgan warned of a demand slowdown, shares slide",negative,-1.0,-0.9493459611657844
2023-11-13,JPM,"JPMorgan reported record quarterly profit, shares climb",positive,1.0,0.9595780804130293
2023-11-14,JPM,JPMorgan stock soared on robust quarterly earnings,positive,1.0,0.8046442617622398
2023-11-16,JPM,JPMorgan shares slumped after faces a regulatory investigation,negative,-1.0,-0.9148456423673224
2023-11-17,JPM,JPMorgan shares jumped after raised its full-year guidance,positive,1.0,0.8442841802909676
2023-11-20,JPM,JPMorgan shares climbed after received an analyst upgrade,positive,1.0,0.8617244351256482
2023-11-22,JPM,JPMorgan stock fell on worse-than-expected quarterly earnings,negative,-1.0,-0.8549584255274694
2023-11-24,JPM,JPMorgan drops as it announced layoffs amid cost cuts,negative,-1.0,-0.9457147020112643
2023-11-27,JPM,JPMorgan shares advanced after beat analyst earnings estimates,positive,1.0,0.8402839475251016
2023-11-28,JPM,Analysts turn cautious on JPMorgan after soft sales,negative,0.0,-0.9113483505657144
2023-11-30,JPM,JPMorgan will report quarterly results next week,neutral,0.0,0.002199622978446808
2023-12-01,JPM,"JPMorgan faces a regulatory investigation, shares slide",negative,-1.0,-0.9550159873721856
2023-12-05,JPM,JPMorgan drops as it announced layoffs amid cost cuts,negative,-1.0,-0.9457147020112643
2023-12-06,JPM,JPMorgan drops as it received an analyst downgrade,negative,-1.0,-0.9370311742918106
2023-12-11,JPM,Analysts turn cautious on JPMorgan after disappointing guidance,negative,0.0,-0.9191709395613917
2023-12-12,JPM,"JPMorgan unveiled a new product line to strong demand, shares climb",positive,1.0,0.9443970285125076
2023-12-12,JPM,JPMorgan drops as it cut its full-year guidance,negative,-1.0,-0.9070829065693289
2023-12-13,JPM,JPMorgan shares dropped after warned of a demand slowdown,negative,-1.0,-0.9072353735953198
2023-12-13,JPM,JPMorgan shares rallied after raised its full-year guidance,positive,1.0,0.8725549147206496
2023-12-14,JPM,"JPMorgan reported record quarterly profit, shares climb",positive,1.0,0.9595780804130293
2023-12-15,JPM,JPMorgan shares sank after warned of a demand slowdown,negative,-1.0,-0.8906169853494053
2023-12-18,JPM,JPMorgan drops as it missed analyst earnings estimates,negative,-1.0,-0.9206205928938387
2023-12-19,JPM,"JPMorgan missed analyst earnings estimates, shares slide",negative,-1.0,-0.8893052208705972
2023-12-21,JPM,JPMorgan stock slumped on troubling revenue,negative,-1.0,-0.8764063003972291
2023-12-28,JPM,JPMorgan stock fell on weak sales,negative,-1.0,-0.8512642531110909
2023-12-29,JPM,JPMorgan drops as it received an analyst downgrade,negative,-1.0,-0.9370311742918106
2023-12-29,JPM,JPMorgan shares plunged after missed analyst earnings estimates,negative,-1.0,-0.799276569990351
2024-01-02,JPM,"JPMorgan received an analyst upgrade, shares climb",positive,1.0,0.9183096966455315
2024-01-03,JPM,Analysts turn bullish on JPMorgan after resilient quarterly earnings,positive,1.0,0.8941420919354583
2024-01-05,JPM,Analysts turn bullish on JPMorgan after better-than-expected quarterly earnings,positive,1.0,0.9031298701554922
2024-01-08,JPM,JPMorgan shares soared after unveiled a new product line to strong demand,positive,1.0,0.9227528480429626
2024-01-10,JPM,JPMorgan shares surged after raised its full-year guidance,positive,1.0,0.8261801197204192
2024-01-12,JPM,JPMorgan drops as it cut its full-year guidance,negative,-1.0,-0.9070829065693289
2024-01-17,JPM,Analysts turn bullish on JPMorgan after record cash flow,positive,1.0,0.8973475018043651
2024-01-18,JPM,JPMorgan shares trade flat as it presented at an industry conference,neutral,0.0,-0.0006243151985509988
2024-01-19,JPM,JPMorgan shares tumbled after received an analyst downgrade,negative,-1.0,-0.8263062543551992
2024-01-23,JPM,JPMorgan shares dropped after announced layoffs amid cost cuts,negative,-1.0,-0.9218970264172184
2024-01-23,JPM,JPMorgan stock slumped on worse-than-expected revenue,negative,-1.0,-0.8772723830144086
2024-01-30,JPM,"JPMorgan presented at an industry conference, no major stock reaction",neutral,0.0,-0.0009544160333742994
2024-02-06,JPM,JPMorgan shares dropped after faces a regulatory investigation,negative,-1.0,-0.9036005179008597
2024-02-08,JPM,"JPMorgan filed its routine quarterly disclosure, no major stock reaction",neutral,0.0,0.00025544092148366976
2024-02-08,JPM,JPMorgan drops as it announced layoffs amid cost cuts,negative,-1.0,-0.9457147020112643
2024-02-09,JPM,"JPMorgan filed its routine quarterly disclosure, no major stock reaction",neutral,0.0,0.00025544092148366976
2024-02-12,JPM,JPMorgan shares plunged after warned of a demand slowdown,negative,-1.0,-0.8636712807504805
2024-02-13,JPM,JPMorgan will report quarterly results next week,neutral,0.0,0.002199622978446808
2024-02-14,JPM,"JPMorgan raised its full-year guidance, shares climb",positive,1.0,0.8863740378031044
2024-02-20,JPM,JPMorgan stock jumped on robust profit margins,positive,1.0,0.7866191757572278
2024-02-27,JPM,JPMorgan sales in line with expectations,neutral,0.0,0.002232467158134681
2024-02-27,JPM,Analysts turn bullish on JPMorgan after record revenue,positive,1.0,0.8882918818419231
2024-02-29,JPM,JPMorgan shares sank after missed analyst earnings estimates,negative,-1.0,-0.8498929040652448
2024-02-29,JPM,Analysts turn cautious on JPMorgan after troubling cash flow,negative,0.0,-0.9099442405058312
2024-03-06,JPM,Analysts turn cautious on JPMorgan after troubling revenue,negative,0.0,-0.9257831195671092
2024-03-07,JPM,"JPMorgan presented at an industry conference, no major stock reaction",neutral,0.0,-0.0009544160333742994
2024-03-07,JPM,Analysts turn cautious on JPMorgan after soft quarterly earnings,negative,0.0,-0.8830753052777139
2024-03-12,JPM,"JPMorgan presented at an industry conference, no major stock reaction",neutral,0.0,-0.0009544160333742994
2024-03-14,JPM,JPMorgan stock plunged on weak sales,negative,-1.0,-0.766723644617371
2024-03-15,JPM,JPMorgan stock sank on worse-than-expected sales,negative,-1.0,-0.8628052979076849
2024-03-18,JPM,JPMorgan profit margins in line with expectations,neutral,1.0,0.0011499553727845474
2024-03-20,JPM,JPMorgan stock climbed on strong cash flow,positive,1.0,0.815483933632547
2024-03-21,JPM,Analysts turn bullish on JPMorgan after resilient cash flow,positive,1.0,0.8900838177220581
2024-03-21,JPM,"JPMorgan unveiled a new product line to strong demand, shares climb",positive,1.0,0.9443970285125076
2024-03-22,JPM,JPMorgan shares trade flat as it presented at an industry conference,neutral,0.0,-0.0006243151985509988
2024-03-22,JPM,"JPMorgan cut its full-year guidance, shares slide",negative,-1.0,-0.9042131024455282
2024-03-26,JPM,JPMorgan stock tumbled on soft guidance,negative,-1.0,-0.810346895300637
2024-03-26,JPM,"JPMorgan reported record quarterly profit, shares climb",positive,1.0,0.9595780804130293
2024-03-28,JPM,JPMorgan shares tumbled after missed analyst earnings estimates,negative,-1.0,-0.8452501740872466
2024-04-01,JPM,JPMorgan drops as it announced layoffs amid cost cuts,negative,-1.0,-0.9457147020112643
2024-04-01,JPM,"JPMorgan warned of a demand slowdown, shares slide",negative,-1.0,-0.9493459611657844
2024-04-04,JPM,JPMorgan rallies as it reported record quarterly profit,positive,1.0,0.9624264853267872
2024-04-05,JPM,JPMorgan rallies as it received an analyst upgrade,positive,1.0,0.915691277601567
2024-04-08,JPM,JPMorgan stock plunged on soft guidance,negative,-1.0,-0.7808153434637594
2024-04-09,JPM,JPMorgan shares plunged after faces a regulatory investigation,negative,-1.0,-0.8821741714543485
2024-04-10,JPM,JPMorgan shares trade flat as it will report quarterly results next week,neutral,0.0,0.000661139762506726
2024-04-12,JPM,"JPMorgan held its annual shareholder meeting, no major stock reaction",neutral,0.0,-0.001165188328192502
2024-04-12,JPM,JPMorgan maintained its previous guidance,neutral,0.0,-0.00023858484574196606
2024-04-15,JPM,JPMorgan rallies as it received an analyst upgrade,positive,1.0,0.915691277601567
2024-04-18,JPM,Analysts turn bullish on JPMorgan after record cash flow,positive,1.0,0.8973475018043651
2024-04-23,JPM,JPMorgan shares trade flat as it held its annual shareholder meeting,neutral,0.0,-0.0008547445459817331
2024-04-24,JPM,JPMorgan stock dropped on disappointing guidance,negative,-1.0,-0.8003114411167707
2024-04-24,JPM,JPMorgan to hold investor call on revenue,neutral,0.0,-0.002484263170371287
2024-04-25,JPM,JPMorgan shares tumbled after missed analyst earnings estimates,negative,-1.0,-0.8452501740872466
2024-04-26,JPM,JPMorgan rallies as it reported record quarterly profit,positive,1.0,0.9624264853267872
2024-04-29,JPM,"JPMorgan reported record quarterly profit, shares climb",positive,1.0,0.9595780804130293
2024-04-30,JPM,JPMorgan shares sank after received an analyst downgrade,negative,-1.0,-0.8516312709394454
2024-04-30,JPM,"JPMorgan cut its full-year guidance, shares slide",negative,-1.0,-0.9042131024455282
2024-05-01,JPM,"JPMorgan reported record quarterly profit, shares climb",positive,1.0,0.9595780804130293
2024-05-01,JPM,JPMorgan stock soared on better-than-expected revenue,positive,1.0,0.7808868247008653
2024-05-03,JPM,JPMorgan quarterly earnings in line with expectations,neutral,0.0,0.004721602324584191
2024-05-07,JPM,Analysts turn cautious on JPMorgan after worse-than-expected sales,negative,0.0,-0.9293676783429848
2024-05-09,JPM,JPMorgan shares advanced after received an analyst upgrade,positive,1.0,0.8566621649953052
2024-05-15,JPM,"JPMorgan warned of a demand slowdown, shares slide",negative,-1.0,-0.9493459611657844
2024-05-20,JPM,JPMorgan announced a change to its board of directors,neutral,0.0,0.002902953782953299
2024-05-22,JPM,JPMorgan shares tumbled after cut its full-year guidance,negative,-1.0,-0.8167177097036477
2024-05-24,JPM,JPMorgan stock sank on worse-than-expected cash flow,negative,-1.0,-0.8488687482259726
2024-05-30,JPM,Analysts turn bullish on JPMorgan after record quarterly earnings,positive,1.0,0.9396756381692689
2024-05-30,JPM,"JPMorgan unveiled a new product line to strong demand, shares climb",positive,1.0,0.9443970285125076
2024-05-31,JPM,JPMorgan rallies as it unveiled a new product line to strong demand,positive,1.0,0.9413037794732412
2024-06-05,JPM,JPMorgan stock tumbled on weak revenue,negative,-1.0,-0.8549573818466416
2024-06-06,JPM,JPMorgan stock surged on resilient revenue,positive,1.0,0.8054944977232779
2024-06-06,JPM,JPMorgan shares climbed after unveiled a new product line to strong demand,positive,1.0,0.9189300390053257
2024-06-07,JPM,JPMorgan rallies as it beat analyst earnings estimates,positive,1.0,0.9066695929568387
2024-06-07,JPM,Analysts turn cautious on JPMorgan after disappointing guidance,negative,0.0,-0.9191709395613917
2024-06-10,JPM,JPMorgan stock advanced on robust revenue,positive,1.0,0.7960856606511492
2024-06-12,JPM,JPMorgan to hold investor call on guidance,neutral,0.0,0.00016829742645626915
2024-06-12,JPM,"JPMorgan announced a share buyback program, shares climb",positive,1.0,0.9511257592909506
2024-06-13,JPM,JPMorgan rallies as it announced a share buyback program,positive,1.0,0.9531148494264431
2024-06-25,JPM,JPMorgan profit margins in line with expectations,neutral,1.0,0.0011499553727845474
2024-06-26,JPM,JPMorgan to hold investor call on profit margins,neutral,1.0,-0.0009395924554204023
2024-06-26,JPM,JPMorgan rallies as it beat analyst earnings estimates,positive,1.0,0.9066695929568387
2024-06-27,JPM,Analysts turn cautious on JPMorgan after disappointing quarterly earnings,negative,0.0,-0.9099929058355294
2024-06-28,JPM,"JPMorgan announced layoffs amid cost cuts, shares slide",negative,-1.0,-0.9434211505660663
2024-07-02,JPM,Analysts turn cautious on JPMorgan after weak revenue,negative,-1.0,-0.9281260276078898
2024-07-02,JPM,JPMorgan drops as it cut its full-year guidance,negative,-1.0,-0.9070829065693289
2024-07-08,JPM,JPMorgan to hold investor call on revenue,neutral,0.0,-0.002484263170371287
2024-07-08,JPM,Analysts turn bullish on JPMorgan after better-than-expected profit margins,positive,1.0,0.8906664846989534
2024-07-09,JPM,"JPMorgan faces a regulatory investigation, shares slide",negative,-1.0,-0.9550159873721856
2024-07-12,JPM,"JPMorgan missed analyst earnings estimates, shares slide",negative,-1.0,-0.8893052208705972
2024-07-15,JPM,JPMorgan stock jumped on better-than-expected sales,positive,1.0,0.8192731406144234
2024-07-15,JPM,JPMorgan announced a change to its board of directors,neutral,0.0,0.002902953782953299
2024-07-16,JPM,Analysts turn cautious on JPMorgan after troubling guidance,negative,0.0,-0.9114460623588682
2024-07-19,JPM,JPMorgan stock climbed on record guidance,positive,1.0,0.8202803741815085
2024-07-23,JPM,JPMorgan rallies as it beat analyst earnings estimates,positive,1.0,0.9066695929568387
2024-07-24,JPM,JPMorgan drops as it cut its full-year guidance,negative,-1.0,-0.9070829065693289
2024-07-25,JPM,Analysts turn cautious on JPMorgan after worse-than-expected guidance,negative,0.0,-0.9145694605099443
2024-07-25,JPM,JPMorgan rallies as it unveiled a new product line to strong demand,positive,1.0,0.9413037794732412
2024-07-26,JPM,JPMorgan shares tumbled after faces a regulatory investigation,negative,-1.0,-0.8813202461985071
2024-07-26,JPM,JPMorgan to hold investor call on guidance,neutral,0.0,0.00016829742645626915
2024-07-29,JPM,JPMorgan drops as it announced layoffs amid cost cuts,negative,-1.0,-0.9457147020112643
2024-08-02,JPM,JPMorgan shares trade flat as it maintained its previous guidance,neutral,0.0,-0.0001404821654083111
2024-08-05,JPM,JPMorgan shares trade flat as it will report quarterly results next week,neutral,0.0,0.000661139762506726
2024-08-07,JPM,JPMorgan stock advanced on better-than-expected quarterly earnings,positive,1.0,0.8195535577510713
2024-08-08,JPM,JPMorgan stock tumbled on weak profit margins,negative,-0.3333333333333333,-0.8144880277854031
2024-08-08,JPM,JPMorgan stock soared on better-than-expected cash flow,positive,1.0,0.7555922871742639
2024-08-12,JPM,"JPMorgan maintained its previous guidance, no major stock reaction",neutral,0.0,-0.0003843441105638584
2024-08-13,JPM,JPMorgan shares plunged after missed analyst earnings estimates,negative,-1.0,-0.799276569990351
2024-08-13,JPM,JPMorgan to hold investor call on revenue,neutral,0.0,-0.002484263170371287
2024-08-14,JPM,JPMorgan will report quarterly results next week,neutral,0.0,0.002199622978446808
2024-08-16,JPM,JPMorgan to hold investor call on revenue,neutral,0.0,-0.002484263170371287
2024-08-20,JPM,"JPMorgan beat analyst earnings estimates, shares climb",positive,1.0,0.9055705999426807
2024-08-20,JPM,JPMorgan shares rallied after unveiled a new product line to strong demand,positive,1.0,0.9425210674443653
2024-08-22,JPM,JPMorgan stock advanced on record guidance,positive,1.0,0.8286566001243002
2024-08-26,JPM,Analysts turn bullish on JPMorgan after record profit margins,positive,1.0,0.8796146713018634
2024-08-28,JPM,"JPMorgan faces a regulatory investigation, shares slide",negative,-1.0,-0.9550159873721856
2024-08-29,JPM,JPMorgan shares slumped after warned of a demand slowdown,negative,-1.0,-0.8955757559955979
2024-08-30,JPM,JPMorgan rallies as it reported record quarterly profit,positive,1.0,0.9624264853267872
2024-09-03,JPM,"JPMorgan received an analyst upgrade, shares climb",positive,1.0,0.9183096966455315
2024-09-04,JPM,JPMorgan stock soared on resilient quarterly earnings,positive,1.0,0.7822855032927855
2024-09-09,JPM,JPMorgan revenue in line with expectations,neutral,0.0,-0.0008493634384839771
2024-09-10,JPM,JPMorgan shares soared after reported record quarterly profit,positive,1.0,0.9505176525320793
2024-09-11,JPM,JPMorgan rallies as it received an analyst upgrade,positive,1.0,0.915691277601567
2024-09-13,JPM,JPMorgan drops as it cut its full-year guidance,negative,-1.0,-0.9070829065693289
2024-09-16,JPM,"JPMorgan unveiled a new product line to strong demand, shares climb",positive,1.0,0.9443970285125076
2024-09-16,JPM,"JPMorgan held its annual shareholder meeting, no major stock reaction",neutral,0.0,-0.001165188328192502
2024-09-18,JPM,JPMorgan shares advanced after announced a share buyback program,positive,1.0,0.8981534576122375
2024-09-23,JPM,JPMorgan to hold investor call on cash flow,neutral,0.0,-0.0007504526107069281
2024-09-25,JPM,Analysts turn cautious on JPMorgan after troubling cash flow,negative,0.0,-0.9099442405058312
2024-09-27,JPM,JPMorgan rallies as it received an analyst upgrade,positive,1.0,0.915691277601567
2024-10-01,JPM,Analysts turn cautious on JPMorgan after troubling quarterly earnings,negative,0.0,-0.8859049830143296
2024-10-02,JPM,Analysts turn cautious on JPMorgan after disappointing cash flow,negative,0.0,-0.9094944983624059
2024-10-04,JPM,JPMorgan shares tumbled after cut its full-year guidance,negative,-1.0,-0.8167177097036477
2024-10-04,JPM,Analysts turn bullish on JPMorgan after record sales,positive,1.0,0.9090011745574811
2024-10-08,JPM,JPMorgan stock sank on soft profit margins,negative,0.0,-0.7455009917995026
2024-10-08,JPM,JPMorgan shares trade flat as it will report quarterly results next week,neutral,0.0,0.000661139762506726
2024-10-10,JPM,JPMorgan shares sank after received an analyst downgrade,negative,-1.0,-0.8516312709394454
2024-10-15,JPM,JPMorgan drops as it faces a regulatory investigation,negative,-1.0,-0.9449840453570932
2024-10-16,JPM,JPMorgan drops as it faces a regulatory investigation,negative,-1.0,-0.9449840453570932
2024-10-17,JPM,Analysts turn bullish on JPMorgan after robust revenue,positive,1.0,0.9146739249986159
2024-10-18,JPM,JPMorgan shares advanced after unveiled a new product line to strong demand,positive,1.0,0.9143434914964573
2024-10-21,JPM,Analysts turn bullish on JPMorgan after strong quarterly earnings,positive,1.0,0.9344076218660937
2024-10-22,JPM,JPMorgan shares tumbled after received an analyst downgrade,negative,-1.0,-0.8263062543551992
2024-10-25,JPM,JPMorgan guidance in line with expectations,neutral,0.0,0.002075966351090381
2024-10-28,JPM,JPMorgan shares trade flat as it presented at an industry conference,neutral,0.0,-0.0006243151985509988
2024-10-30,JPM,JPMorgan to hold investor call on quarterly earnings,neutral,0.0,0.0020714251288044827
2024-10-30,JPM,"JPMorgan unveiled a new product line to strong demand, shares climb",positive,1.0,0.9443970285125076
2024-10-31,JPM,Analysts turn cautious on JPMorgan after soft quarterly earnings,negative,0.0,-0.8830753052777139
2024-11-01,JPM,JPMorgan shares jumped after announced a share buyback program,positive,1.0,0.9162331701832545
2024-11-04,JPM,JPMorgan stock slumped on weak sales,negative,-1.0,-0.8597045910540948
2024-11-05,JPM,JPMorgan shares rallied after announced a share buyback program,positive,1.0,0.9211758506860915
2024-11-11,JPM,"JPMorgan received an analyst upgrade, shares climb",positive,1.0,0.9183096966455315
2024-11-13,JPM,JPMorgan shares slumped after missed analyst earnings estimates,negative,-1.0,-0.8630614199014965
2024-11-14,JPM,JPMorgan cash flow in line with expectations,neutral,0.0,0.001139901085049612
2024-11-15,JPM,Analysts turn cautious on JPMorgan after weak guidance,negative,-1.0,-0.9076312028687055
2024-11-18,JPM,"JPMorgan maintained its previous guidance, no major stock reaction",neutral,0.0,-0.0003843441105638584
2024-11-19,JPM,JPMorgan stock plunged on weak profit margins,negative,-0.3333333333333333,-0.7550141593757644
2024-11-19,JPM,JPMorgan shares jumped after beat analyst earnings estimates,positive,1.0,0.8677132759719328
2024-11-20,JPM,"JPMorgan faces a regulatory investigation, shares slide",negative,-1.0,-0.9550159873721856
2024-11-21,JPM,"JPMorgan received an analyst downgrade, shares slide",negative,-1.0,-0.936728976925184
2024-11-22,JPM,JPMorgan shares trade flat as it will report quarterly results next week,neutral,0.0,0.000661139762506726
2024-11-22,JPM,JPMorgan stock plunged on worse-than-expected guidance,negative,-1.0,-0.8056932892899026
2024-11-26,JPM,"JPMorgan received an analyst upgrade, shares climb",positive,1.0,0.9183096966455315
2024-11-27,JPM,JPMorgan stock climbed on robust revenue,positive,1.0,0.8123747200496603
2024-12-03,JPM,"JPMorgan faces a regulatory investigation, shares slide",negative,-1.0,-0.9550159873721856
2024-12-11,JPM,JPMorgan shares advanced after received an analyst upgrade,positive,1.0,0.8566621649953052
2024-12-11,JPM,JPMorgan rallies as it unveiled a new product line to strong demand,positive,1.0,0.9413037794732412
2024-12-13,JPM,"JPMorgan raised its full-year guidance, shares climb",positive,1.0,0.8863740378031044
2024-12-16,JPM,JPMorgan stock plunged on troubling profit margins,negative,0.0,-0.7540880465917369
2024-12-18,JPM,Analysts turn cautious on JPMorgan after soft profit margins,negative,1.0,-0.8792579918968242
2024-12-19,JPM,JPMorgan shares rallied after announced a share buyback program,positive,1.0,0.9211758506860915
2024-12-19,JPM,Analysts turn cautious on JPMorgan after worse-than-expected sales,negative,0.0,-0.9293676783429848
2024-12-20,JPM,JPMorgan drops as it cut its full-year guidance,negative,-1.0,-0.9070829065693289
2024-12-27,JPM,JPMorgan shares dropped after warned of a demand slowdown,negative,-1.0,-0.9072353735953198
2024-12-27,JPM,Analysts turn cautious on JPMorgan after troubling revenue,negative,0.0,-0.9257831195671092
2024-12-31,JPM,"JPMorgan announced layoffs amid cost cuts, shares slide",negative,-1.0,-0.9434211505660663
2024-12-31,JPM,JPMorgan shares advanced after announced a share buyback program,positive,1.0,0.8981534576122375
2025-01-02,JPM,JPMorgan shares fell after faces a regulatory investigation,negative,-1.0,-0.8923732698224457
2025-01-08,JPM,JPMorgan rallies as it raised its full-year guidance,positive,1.0,0.9219635805263035
2025-01-08,JPM,JPMorgan drops as it announced layoffs amid cost cuts,negative,-1.0,-0.9457147020112643
2025-01-10,JPM,"JPMorgan reported record quarterly profit, shares climb",positive,1.0,0.9595780804130293
2025-01-14,JPM,Analysts turn bullish on JPMorgan after robust profit margins,positive,1.0,0.9027501429633421
2025-01-16,JPM,Analysts turn bullish on JPMorgan after robust cash flow,positive,1.0,0.9185274547748514
2025-01-17,JPM,JPMorgan drops as it faces a regulatory investigation,negative,-1.0,-0.9449840453570932
2025-01-27,JPM,JPMorgan sales in line with expectations,neutral,0.0,0.002232467158134681
2025-01-29,JPM,JPMorgan shares trade flat as it announced a change to its board of directors,neutral,0.0,-0.00019510687842904176
2025-01-29,JPM,JPMorgan will report quarterly results next week,neutral,0.0,0.002199622978446808
2025-01-31,JPM,JPMorgan shares climbed after beat analyst earnings estimates,positive,1.0,0.8512846568220287
2025-02-04,JPM,Analysts turn bullish on JPMorgan after resilient revenue,positive,1.0,0.9118695943422391
2025-02-05,JPM,JPMorgan stock plunged on soft quarterly earnings,negative,-1.0,-0.703428219744276
2025-02-07,JPM,JPMorgan shares advanced after reported record quarterly profit,positive,1.0,0.9245109196806139
2025-02-10,JPM,JPMorgan drops as it faces a regulatory investigation,negative,-1.0,-0.9449840453570932
2025-02-10,JPM,Analysts turn bullish on JPMorgan after resilient quarterly earnings,positive,1.0,0.8941420919354583
2025-02-12,JPM,Analysts turn cautious on JPMorgan after disappointing sales,negative,0.0,-0.9229534196844474
2025-02-12,JPM,Analysts turn bullish on JPMorgan after resilient cash flow,positive,1.0,0.8900838177220581
2025-02-13,JPM,JPMorgan drops as it missed analyst earnings estimates,negative,-1.0,-0.9206205928938387
2025-02-14,JPM,Analysts turn bullish on JPMorgan after better-than-expected profit margins,positive,1.0,0.8906664846989534
2025-02-18,JPM,JPMorgan drops as it announced layoffs amid cost cuts,negative,-1.0,-0.9457147020112643
2025-02-19,JPM,JPMorgan rallies as it raised its full-year guidance,positive,1.0,0.9219635805263035
2025-02-20,JPM,Analysts turn bullish on JPMorgan after resilient revenue,positive,1.0,0.9118695943422391
2025-02-21,JPM,JPMorgan shares rallied after unveiled a new product line to strong demand,positive,1.0,0.9425210674443653
2025-02-25,JPM,"JPMorgan faces a regulatory investigation, shares slide",negative,-1.0,-0.9550159873721856
2025-02-26,JPM,JPMorgan stock climbed on resilient quarterly earnings,positive,1.0,0.8025977570390727
2025-02-27,JPM,JPMorgan stock surged on record revenue,positive,1.0,0.7933100353996975
2025-03-03,JPM,JPMorgan shares rallied after raised its full-year guidance,positive,1.0,0.8725549147206496
2025-03-07,JPM,JPMorgan stock fell on troubling guidance,negative,-1.0,-0.8232416916798776
2025-03-10,JPM,"JPMorgan received an analyst downgrade, shares slide",negative,-1.0,-0.936728976925184
2025-03-11,JPM,"JPMorgan cut its full-year guidance, shares slide",negative,-1.0,-0.9042131024455282
2025-03-13,JPM,Analysts turn cautious on JPMorgan after worse-than-expected cash flow,negative,0.0,-0.9200340085717345
2025-03-19,JPM,"JPMorgan received an analyst upgrade, shares climb",positive,1.0,0.9183096966455315
2025-03-24,JPM,"JPMorgan cut its full-year guidance, shares slide",negative,-1.0,-0.9042131024455282
2025-03-25,JPM,"JPMorgan announced a change to its board of directors, no major stock reaction",neutral,0.0,0.0007637200967339081
2025-03-25,JPM,JPMorgan to hold investor call on sales,neutral,0.0,-0.0003560167581327725
2025-03-26,JPM,JPMorgan shares plunged after received an analyst downgrade,negative,-1.0,-0.8169368641787335
2025-03-28,JPM,JPMorgan shares trade flat as it announced a change to its board of directors,neutral,0.0,-0.00019510687842904176
2025-03-28,JPM,JPMorgan maintained its previous guidance,neutral,0.0,-0.00023858484574196606
2025-04-02,JPM,JPMorgan drops as it missed analyst earnings estimates,negative,-1.0,-0.9206205928938387
2025-04-02,JPM,"JPMorgan beat analyst earnings estimates, shares climb",positive,1.0,0.9055705999426807
2025-04-03,JPM,JPMorgan stock jumped on better-than-expected revenue,positive,1.0,0.826565903255163
2025-04-03,JPM,JPMorgan to hold investor call on cash flow,neutral,0.0,-0.0007504526107069281
2025-04-04,JPM,JPMorgan stock rallied on better-than-expected cash flow,positive,1.0,0.803798643784625
2025-04-07,JPM,JPMorgan rallies as it received an analyst upgrade,positive,1.0,0.915691277601567
2025-04-09,JPM,JPMorgan stock slumped on weak guidance,negative,-1.0,-0.8518949212089983
2025-04-09,JPM,"JPMorgan maintained its previous guidance, no major stock reaction",neutral,0.0,-0.0003843441105638584
2025-04-11,JPM,JPMorgan drops as it announced layoffs amid cost cuts,negative,-1.0,-0.9457147020112643
2025-04-11,JPM,JPMorgan rallies as it raised its full-year guidance,positive,1.0,0.9219635805263035
2025-04-15,JPM,"JPMorgan unveiled a new product line to strong demand, shares climb",positive,1.0,0.9443970285125076
2025-04-16,JPM,JPMorgan stock plunged on worse-than-expected quarterly earnings,negative,-1.0,-0.8104636622998839
2025-04-16,JPM,Analysts turn cautious on JPMorgan after worse-than-expected sales,negative,0.0,-0.9293676783429848
2025-04-17,JPM,Analysts turn bullish on JPMorgan after better-than-expected sales,positive,1.0,0.9064437852689066
2025-04-21,JPM,Analysts turn bullish on JPMorgan after better-than-expected quarterly earnings,positive,1.0,0.9031298701554922
2025-04-22,JPM,JPMorgan stock slumped on soft cash flow,negative,-1.0,-0.7817255363353349
2025-04-23,JPM,JPMorgan drops as it faces a regulatory investigation,negative,-1.0,-0.9449840453570932
2025-04-24,JPM,Analysts turn cautious on JPMorgan after soft profit margins,negative,1.0,-0.8792579918968242
2025-04-25,JPM,JPMorgan will report quarterly results next week,neutral,0.0,0.002199622978446808
2025-04-29,JPM,JPMorgan stock plunged on disappointing sales,negative,-1.0,-0.8053785982214038
2025-04-29,JPM,JPMorgan stock soared on strong profit margins,positive,1.0,0.812856850206397
2025-05-05,JPM,"JPMorgan announced a share buyback program, shares climb",positive,1.0,0.9511257592909506
2025-05-06,JPM,JPMorgan drops as it missed analyst earnings estimates,negative,-1.0,-0.9206205928938387
2025-05-06,JPM,JPMorgan stock soared on record cash flow,positive,1.0,0.7533033150558807
2025-05-07,JPM,JPMorgan to hold investor call on sales,neutral,0.0,-0.0003560167581327725
2025-05-13,JPM,"JPMorgan faces a regulatory investigation, shares slide",negative,-1.0,-0.9550159873721856
2025-05-14,JPM,JPMorgan to hold investor call on sales,neutral,0.0,-0.0003560167581327725
2025-05-14,JPM,Analysts turn cautious on JPMorgan after soft quarterly earnings,negative,0.0,-0.8830753052777139
2025-05-15,JPM,JPMorgan shares dropped after warned of a demand slowdown,negative,-1.0,-0.9072353735953198
2025-05-19,JPM,JPMorgan drops as it announced layoffs amid cost cuts,negative,-1.0,-0.9457147020112643
2025-05-19,JPM,JPMorgan to hold investor call on guidance,neutral,0.0,0.00016829742645626915
2025-05-22,JPM,Analysts turn cautious on JPMorgan after soft profit margins,negative,1.0,-0.8792579918968242
2025-05-23,JPM,JPMorgan drops as it missed analyst earnings estimates,negative,-1.0,-0.9206205928938387
2025-05-27,JPM,"JPMorgan will report quarterly results next week, no major stock reaction",neutral,0.0,0.0004220553564752462
2025-05-27,JPM,JPMorgan shares trade flat as it announced a change to its board of directors,neutral,0.0,-0.00019510687842904176
2025-05-28,JPM,JPMorgan drops as it received an analyst downgrade,negative,-1.0,-0.9370311742918106
2025-05-28,JPM,JPMorgan rallies as it received an analyst upgrade,positive,1.0,0.915691277601567
2025-05-29,JPM,JPMorgan shares soared after raised its full-year guidance,positive,1.0,0.8379092723138978
2025-05-30,JPM,JPMorgan shares trade flat as it presented at an industry conference,neutral,0.0,-0.0006243151985509988
2025-06-02,JPM,JPMorgan stock rallied on resilient cash flow,positive,1.0,0.7739356721951739
2025-06-03,JPM,JPMorgan shares trade flat as it held its annual shareholder meeting,neutral,0.0,-0.0008547445459817331
2025-06-04,JPM,JPMorgan filed its routine quarterly disclosure,neutral,0.0,0.0014662889788112296
2025-06-04,JPM,JPMorgan stock plunged on soft guidance,negative,-1.0,-0.7808153434637594
2025-06-06,JPM,"JPMorgan beat analyst earnings estimates, shares climb",positive,1.0,0.9055705999426807
2025-06-06,JPM,"JPMorgan presented at an industry conference, no major stock reaction",neutral,0.0,-0.0009544160333742994
2025-06-10,JPM,JPMorgan stock jumped on robust guidance,positive,1.0,0.843876226801177
2025-06-13,JPM,"JPMorgan unveiled a new product line to strong demand, shares climb",positive,1.0,0.9443970285125076
2025-06-16,JPM,Analysts turn cautious on JPMorgan after troubling quarterly earnings,negative,0.0,-0.8859049830143296
2025-06-20,JPM,JPMorgan to hold investor call on guidance,neutral,0.0,0.00016829742645626915
2025-06-24,JPM,JPMorgan cash flow in line with expectations,neutral,0.0,0.001139901085049612
2025-06-25,JPM,JPMorgan to hold investor call on profit margins,neutral,1.0,-0.0009395924554204023
2025-06-25,JPM,JPMorgan stock sank on soft revenue,negative,-1.0,-0.7955734291635209
2025-06-30,JPM,Analysts turn cautious on JPMorgan after worse-than-expected revenue,negative,0.0,-0.9286462633230641
2025-07-01,JPM,JPMorgan shares dropped after faces a regulatory investigation,negative,-1.0,-0.9036005179008597
2025-07-03,JPM,Analysts turn bullish on JPMorgan after robust sales,positive,1.0,0.9322723817997187
2025-07-07,JPM,JPMorgan rallies as it beat analyst earnings estimates,positive,1.0,0.9066695929568387
2025-07-08,JPM,"JPMorgan filed its routine quarterly disclosure, no major stock reaction",neutral,0.0,0.00025544092148366976
2025-07-11,JPM,"JPMorgan announced a share buyback program, shares climb",positive,1.0,0.9511257592909506
2025-07-11,JPM,"JPMorgan missed analyst earnings estimates, shares slide",negative,-1.0,-0.8893052208705972
2025-07-15,JPM,JPMorgan rallies as it reported record quarterly profit,positive,1.0,0.9624264853267872
2025-07-15,JPM,JPMorgan shares advanced after raised its full-year guidance,positive,1.0,0.8227920450665587
2025-07-16,JPM,JPMorgan cash flow in line with expectations,neutral,0.0,0.001139901085049612
2025-07-17,JPM,JPMorgan held its annual shareholder meeting,neutral,0.0,-0.0025201820187263566
2025-07-18,JPM,JPMorgan shares slumped after received an analyst downgrade,negative,-1.0,-0.8849808156165377
2025-07-21,JPM,JPMorgan stock soared on resilient profit margins,positive,1.0,0.760814034957665
2025-07-21,JPM,JPMorgan guidance in line with expectations,neutral,0.0,0.002075966351090381
2025-07-22,JPM,JPMorgan shares trade flat as it maintained its previous guidance,neutral,0.0,-0.0001404821654083111
2025-07-23,JPM,Analysts turn bullish on JPMorgan after strong profit margins,positive,1.0,0.9072436515751021
2025-07-24,JPM,"JPMorgan received an analyst upgrade, shares climb",positive,1.0,0.9183096966455315
2025-07-25,JPM,JPMorgan held its annual shareholder meeting,neutral,0.0,-0.0025201820187263566
2025-07-25,JPM,Analysts turn cautious on JPMorgan after troubling revenue,negative,0.0,-0.9257831195671092
2025-07-29,JPM,"JPMorgan maintained its previous guidance, no major stock reaction",neutral,0.0,-0.0003843441105638584
2025-08-01,JPM,JPMorgan stock slumped on troubling sales,negative,-1.0,-0.8655383824106643
2025-08-04,JPM,JPMorgan announced a change to its board of directors,neutral,0.0,0.002902953782953299
2025-08-05,JPM,JPMorgan stock rallied on record quarterly earnings,positive,1.0,0.8798909538230051
2025-08-05,JPM,"JPMorgan announced layoffs amid cost cuts, shares slide",negative,-1.0,-0.9434211505660663
2025-08-06,JPM,JPMorgan stock soared on robust revenue,positive,1.0,0.7906109731166044
2025-08-11,JPM,Analysts turn cautious on JPMorgan after weak cash flow,negative,-1.0,-0.8731385255345799
2025-08-11,JPM,"JPMorgan received an analyst upgrade, shares climb",positive,1.0,0.9183096966455315
2025-08-12,JPM,JPMorgan shares advanced after beat analyst earnings estimates,positive,1.0,0.8402839475251016
2025-08-15,JPM,JPMorgan drops as it warned of a demand slowdown,negative,-1.0,-0.9482772452180016
2025-08-18,JPM,JPMorgan shares plunged after cut its full-year guidance,negative,-1.0,-0.8051813955856633
2025-08-18,JPM,"JPMorgan missed analyst earnings estimates, shares slide",negative,-1.0,-0.8893052208705972
2025-08-19,JPM,JPMorgan rallies as it received an analyst upgrade,positive,1.0,0.915691277601567
2025-08-20,JPM,JPMorgan shares plunged after faces a regulatory investigation,negative,-1.0,-0.8821741714543485
2025-08-25,JPM,"JPMorgan cut its full-year guidance, shares slide",negative,-1.0,-0.9042131024455282
2025-08-26,JPM,JPMorgan rallies as it unveiled a new product line to strong demand,positive,1.0,0.9413037794732412
2025-08-27,JPM,JPMorgan drops as it warned of a demand slowdown,negative,-1.0,-0.9482772452180016
2025-08-29,JPM,JPMorgan stock jumped on resilient cash flow,positive,1.0,0.7457460048013659
2025-09-02,JPM,"JPMorgan missed analyst earnings estimates, shares slide",negative,-1.0,-0.8893052208705972
2025-09-03,JPM,Analysts turn cautious on JPMorgan after worse-than-expected sales,negative,0.0,-0.9293676783429848
2025-09-03,JPM,"JPMorgan faces a regulatory investigation, shares slide",negative,-1.0,-0.9550159873721856
2025-09-04,JPM,JPMorgan drops as it faces a regulatory investigation,negative,-1.0,-0.9449840453570932
2025-09-05,JPM,JPMorgan shares dropped after cut its full-year guidance,negative,-1.0,-0.8177692316478999
2025-09-08,JPM,JPMorgan rallies as it raised its full-year guidance,positive,1.0,0.9219635805263035
2025-09-09,JPM,JPMorgan rallies as it unveiled a new product line to strong demand,positive,1.0,0.9413037794732412
2025-09-12,JPM,JPMorgan shares surged after received an analyst upgrade,positive,1.0,0.8158268527078231
2025-09-18,JPM,JPMorgan drops as it cut its full-year guidance,negative,-1.0,-0.9070829065693289
2025-09-19,JPM,"JPMorgan received an analyst downgrade, shares slide",negative,-1.0,-0.936728976925184
2025-09-23,JPM,JPMorgan stock surged on record revenue,positive,1.0,0.7933100353996975
2025-09-24,JPM,JPMorgan stock dropped on disappointing revenue,negative,-1.0,-0.8351465457289651
2025-10-06,JPM,JPMorgan drops as it faces a regulatory investigation,negative,-1.0,-0.9449840453570932
2025-10-08,JPM,JPMorgan stock sank on disappointing quarterly earnings,negative,-1.0,-0.7931659378438901
2025-10-09,JPM,Analysts turn cautious on JPMorgan after disappointing cash flow,negative,0.0,-0.9094944983624059
2025-10-09,JPM,Analysts turn bullish on JPMorgan after strong cash flow,positive,1.0,0.9097763381427011
2025-10-13,JPM,JPMorgan shares climbed after raised its full-year guidance,positive,1.0,0.8271970256876082
2025-10-14,JPM,"JPMorgan warned of a demand slowdown, shares slide",negative,-1.0,-0.9493459611657844
2025-10-15,JPM,JPMorgan revenue in line with expectations,neutral,0.0,-0.0008493634384839771
2025-10-15,JPM,"JPMorgan beat analyst earnings estimates, shares climb",positive,1.0,0.9055705999426807
2025-10-17,JPM,JPMorgan stock tumbled on troubling cash flow,negative,-1.0,-0.831428942644992
2025-10-21,JPM,JPMorgan stock jumped on strong guidance,positive,1.0,0.8305893971141742
2025-10-27,JPM,JPMorgan stock fell on troubling guidance,negative,-1.0,-0.8232416916798776
2025-10-27,JPM,JPMorgan stock tumbled on disappointing revenue,negative,-1.0,-0.8641024579944504
2025-10-29,JPM,JPMorgan stock slumped on troubling revenue,negative,-1.0,-0.8764063003972291
2025-10-30,JPM,"JPMorgan received an analyst downgrade, shares slide",negative,-1.0,-0.936728976925184
2025-10-31,JPM,JPMorgan shares dropped after received an analyst downgrade,negative,-1.0,-0.8779096844026162
2025-11-05,JPM,JPMorgan filed its routine quarterly disclosure,neutral,0.0,0.0014662889788112296
2025-11-13,JPM,JPMorgan stock fell on soft sales,negative,-1.0,-0.7791521238202925
2025-11-13,JPM,Analysts turn cautious on JPMorgan after troubling quarterly earnings,negative,0.0,-0.8859049830143296
2025-11-14,JPM,"JPMorgan faces a regulatory investigation, shares slide",negative,-1.0,-0.9550159873721856
2025-11-25,JPM,"JPMorgan announced a change to its board of directors, no major stock reaction",neutral,0.0,0.0007637200967339081
2025-11-26,JPM,JPMorgan shares rallied after beat analyst earnings estimates,positive,1.0,0.8792896878390954
2025-11-28,JPM,JPMorgan rallies as it unveiled a new product line to strong demand,positive,1.0,0.9413037794732412
2025-12-01,JPM,JPMorgan stock rallied on robust sales,positive,1.0,0.8566527901070209
2025-12-03,JPM,JPMorgan stock slumped on disappointing guidance,negative,-1.0,-0.8684203767491178
2025-12-03,JPM,JPMorgan shares rallied after announced a share buyback program,positive,1.0,0.9211758506860915
2025-12-04,JPM,JPMorgan shares tumbled after cut its full-year guidance,negative,-1.0,-0.8167177097036477
2025-12-05,JPM,JPMorgan stock tumbled on disappointing revenue,negative,-1.0,-0.8641024579944504
2025-12-10,JPM,"JPMorgan beat analyst earnings estimates, shares climb",positive,1.0,0.9055705999426807
2025-12-11,JPM,Analysts turn bullish on JPMorgan after robust profit margins,positive,1.0,0.9027501429633421
2025-12-12,JPM,JPMorgan stock jumped on resilient sales,positive,1.0,0.7648406423086241
2025-12-16,JPM,JPMorgan rallies as it announced a share buyback program,positive,1.0,0.9531148494264431
2025-12-16,JPM,JPMorgan rallies as it received an analyst upgrade,positive,1.0,0.915691277601567
2025-12-18,JPM,Analysts turn cautious on JPMorgan after worse-than-expected sales,negative,0.0,-0.9293676783429848
2025-12-22,JPM,JPMorgan stock jumped on better-than-expected profit margins,positive,1.0,0.792568529815377
2025-12-23,JPM,JPMorgan shares sank after missed analyst earnings estimates,negative,-1.0,-0.8498929040652448
2025-12-24,JPM,JPMorgan presented at an industry conference,neutral,0.0,-0.0019605288410158503
2025-12-24,JPM,JPMorgan drops as it warned of a demand slowdown,negative,-1.0,-0.9482772452180016
2025-12-29,JPM,JPMorgan shares trade flat as it held its annual shareholder meeting,neutral,0.0,-0.0008547445459817331
2025-12-30,JPM,JPMorgan rallies as it announced a share buyback program,positive,1.0,0.9531148494264431
2025-12-31,JPM,JPMorgan cash flow in line with expectations,neutral,0.0,0.001139901085049612
2026-01-02,JPM,JPMorgan stock dropped on disappointing revenue,negative,-1.0,-0.8351465457289651
2026-01-02,JPM,Analysts turn bullish on JPMorgan after strong cash flow,positive,1.0,0.9097763381427011
2026-01-05,JPM,JPMorgan stock surged on resilient profit margins,positive,1.0,0.7614930586004637
2026-01-06,JPM,"JPMorgan announced a share buyback program, shares climb",positive,1.0,0.9511257592909506
2026-01-07,JPM,Analysts turn cautious on JPMorgan after worse-than-expected quarterly earnings,negative,0.0,-0.9144387363752317
2026-01-09,JPM,JPMorgan stock advanced on resilient guidance,positive,1.0,0.7661802648266051
2026-01-12,JPM,JPMorgan stock fell on worse-than-expected quarterly earnings,negative,-1.0,-0.8549584255274694
2026-01-16,JPM,JPMorgan shares trade flat as it filed its routine quarterly disclosure,neutral,0.0,0.000501015010643785
2026-01-20,JPM,JPMorgan stock advanced on strong guidance,positive,1.0,0.8536396997597488
2026-01-21,JPM,JPMorgan drops as it missed analyst earnings estimates,negative,-1.0,-0.9206205928938387
2026-01-21,JPM,JPMorgan to hold investor call on guidance,neutral,0.0,0.00016829742645626915
2026-01-26,JPM,JPMorgan shares climbed after unveiled a new product line to strong demand,positive,1.0,0.9189300390053257
2026-01-27,JPM,JPMorgan shares plunged after missed analyst earnings estimates,negative,-1.0,-0.799276569990351
2026-01-28,JPM,JPMorgan rallies as it beat analyst earnings estimates,positive,1.0,0.9066695929568387
2026-01-29,JPM,JPMorgan to hold investor call on quarterly earnings,neutral,0.0,0.0020714251288044827
2026-01-29,JPM,JPMorgan rallies as it reported record quarterly profit,positive,1.0,0.9624264853267872
2026-01-30,JPM,Analysts turn bullish on JPMorgan after robust guidance,positive,1.0,0.936325828607165
2026-02-02,JPM,JPMorgan shares dropped after cut its full-year guidance,negative,-1.0,-0.8177692316478999
2026-02-02,JPM,Analysts turn bullish on JPMorgan after strong quarterly earnings,positive,1.0,0.9344076218660937
2026-02-03,JPM,JPMorgan drops as it warned of a demand slowdown,negative,-1.0,-0.9482772452180016
2026-02-04,JPM,JPMorgan rallies as it unveiled a new product line to strong demand,positive,1.0,0.9413037794732412
2026-02-06,JPM,JPMorgan stock climbed on resilient cash flow,positive,1.0,0.7973741978038213
2026-02-06,JPM,"JPMorgan held its annual shareholder meeting, no major stock reaction",neutral,0.0,-0.001165188328192502
2026-02-11,JPM,JPMorgan rallies as it unveiled a new product line to strong demand,positive,1.0,0.9413037794732412
2026-02-17,JPM,Analysts turn bullish on JPMorgan after resilient quarterly earnings,positive,1.0,0.8941420919354583
2026-02-17,JPM,JPMorgan stock jumped on strong profit margins,positive,1.0,0.7837965890831557
2026-02-19,JPM,JPMorgan stock advanced on record cash flow,positive,1.0,0.8090640054565728
2026-02-20,JPM,JPMorgan shares slumped after received an analyst downgrade,negative,-1.0,-0.8849808156165377
2026-02-24,JPM,"JPMorgan announced a change to its board of directors, no major stock reaction",neutral,0.0,0.0007637200967339081
2026-02-27,JPM,Analysts turn bullish on JPMorgan after better-than-expected revenue,positive,1.0,0.9103013046377396
2026-02-27,JPM,JPMorgan drops as it announced layoffs amid cost cuts,negative,-1.0,-0.9457147020112643
2026-03-02,JPM,JPMorgan stock climbed on strong profit margins,positive,1.0,0.8116657935272592
2026-03-03,JPM,"JPMorgan warned of a demand slowdown, shares slide",negative,-1.0,-0.9493459611657844
2026-03-06,JPM,"JPMorgan will report quarterly results next week, no major stock reaction",neutral,0.0,0.0004220553564752462
2026-03-10,JPM,JPMorgan rallies as it unveiled a new product line to strong demand,positive,1.0,0.9413037794732412
2026-03-12,JPM,JPMorgan drops as it received an analyst downgrade,negative,-1.0,-0.9370311742918106
2026-03-12,JPM,Analysts turn cautious on JPMorgan after disappointing cash flow,negative,0.0,-0.9094944983624059
2026-03-13,JPM,Analysts turn bullish on JPMorgan after robust quarterly earnings,positive,1.0,0.9187334992718291
2026-03-19,JPM,JPMorgan drops as it warned of a demand slowdown,negative,-1.0,-0.9482772452180016
2026-03-19,JPM,Analysts turn bullish on JPMorgan after better-than-expected quarterly earnings,positive,1.0,0.9031298701554922
2026-03-20,JPM,"JPMorgan cut its full-year guidance, shares slide",negative,-1.0,-0.9042131024455282
2026-03-23,JPM,JPMorgan drops as it missed analyst earnings estimates,negative,-1.0,-0.9206205928938387
2026-03-24,JPM,JPMorgan to hold investor call on cash flow,neutral,0.0,-0.0007504526107069281
2026-03-25,JPM,"JPMorgan reported record quarterly profit, shares climb",positive,1.0,0.9595780804130293
2026-03-27,JPM,Analysts turn cautious on JPMorgan after weak revenue,negative,-1.0,-0.9281260276078898
2026-03-27,JPM,JPMorgan rallies as it unveiled a new product line to strong demand,positive,1.0,0.9413037794732412
2026-03-31,JPM,JPMorgan stock slumped on disappointing profit margins,negative,0.0,-0.8560063429556252
2026-03-31,JPM,JPMorgan drops as it missed analyst earnings estimates,negative,-1.0,-0.9206205928938387
2026-04-02,JPM,Analysts turn bullish on JPMorgan after resilient revenue,positive,1.0,0.9118695943422391
2026-04-06,JPM,JPMorgan drops as it warned of a demand slowdown,negative,-1.0,-0.9482772452180016
2026-04-08,JPM,Analysts turn bullish on JPMorgan after resilient quarterly earnings,positive,1.0,0.8941420919354583
2026-04-09,JPM,JPMorgan stock jumped on robust sales,positive,1.0,0.8366533137150833
2026-04-13,JPM,JPMorgan rallies as it beat analyst earnings estimates,positive,1.0,0.9066695929568387
2026-04-14,JPM,JPMorgan stock fell on soft revenue,negative,-1.0,-0.7859881789393248
2026-04-16,JPM,"JPMorgan cut its full-year guidance, shares slide",negative,-1.0,-0.9042131024455282
2026-04-16,JPM,JPMorgan to hold investor call on profit margins,neutral,1.0,-0.0009395924554204023
2026-04-17,JPM,JPMorgan revenue in line with expectations,neutral,0.0,-0.0008493634384839771
2026-04-20,JPM,JPMorgan shares sank after missed analyst earnings estimates,negative,-1.0,-0.8498929040652448
2026-04-27,JPM,JPMorgan drops as it received an analyst downgrade,negative,-1.0,-0.9370311742918106
2026-04-27,JPM,JPMorgan shares soared after received an analyst upgrade,positive,1.0,0.8512896188702358
2026-04-30,JPM,JPMorgan stock soared on better-than-expected quarterly earnings,positive,1.0,0.7714422178990986
2026-05-05,JPM,JPMorgan stock advanced on robust guidance,positive,1.0,0.8393391145417525
2026-05-07,JPM,JPMorgan stock sank on worse-than-expected cash flow,negative,-1.0,-0.8488687482259726
2026-05-11,JPM,"JPMorgan faces a regulatory investigation, shares slide",negative,-1.0,-0.9550159873721856
2026-05-11,JPM,JPMorgan will report quarterly results next week,neutral,0.0,0.002199622978446808
2026-05-13,JPM,JPMorgan shares fell after warned of a demand slowdown,negative,-1.0,-0.8833371158788659
2026-05-14,JPM,JPMorgan rallies as it reported record quarterly profit,positive,1.0,0.9624264853267872
2026-05-15,JPM,Analysts turn cautious on JPMorgan after disappointing cash flow,negative,0.0,-0.9094944983624059
2026-05-19,JPM,Analysts turn cautious on JPMorgan after troubling quarterly earnings,negative,0.0,-0.8859049830143296
2026-05-20,JPM,JPMorgan announced a change to its board of directors,neutral,0.0,0.002902953782953299
2026-05-26,JPM,"JPMorgan announced a share buyback program, shares climb",positive,1.0,0.9511257592909506
2026-05-27,JPM,Analysts turn bullish on JPMorgan after strong guidance,positive,1.0,0.9346218537467793
2026-05-28,JPM,Analysts turn cautious on JPMorgan after weak sales,negative,-1.0,-0.9120129495220217
2026-06-02,JPM,JPMorgan shares dropped after warned of a demand slowdown,negative,-1.0,-0.9072353735953198
2026-06-03,JPM,JPMorgan drops as it announced layoffs amid cost cuts,negative,-1.0,-0.9457147020112643
2026-06-04,JPM,JPMorgan shares surged after received an analyst upgrade,positive,1.0,0.8158268527078231
2026-06-05,JPM,JPMorgan stock plunged on worse-than-expected revenue,negative,-1.0,-0.8357745881756103
2026-06-09,JPM,JPMorgan stock soared on record profit margins,positive,1.0,0.7221900372978352
2026-06-09,JPM,JPMorgan rallies as it unveiled a new product line to strong demand,positive,1.0,0.9413037794732412
2026-06-16,JPM,JPMorgan drops as it warned of a demand slowdown,negative,-1.0,-0.9482772452180016
2026-06-17,JPM,JPMorgan stock advanced on strong quarterly earnings,positive,1.0,0.857423527256728
2026-06-17,JPM,JPMorgan stock slumped on worse-than-expected profit margins,negative,0.0,-0.8556182330848133
2026-06-18,JPM,JPMorgan shares trade flat as it filed its routine quarterly disclosure,neutral,0.0,0.000501015010643785
2026-06-23,JPM,JPMorgan stock dropped on soft revenue,negative,-1.0,-0.7506266727410659
2026-06-24,JPM,JPMorgan to hold investor call on profit margins,neutral,1.0,-0.0009395924554204023
2026-06-25,JPM,JPMorgan rallies as it received an analyst upgrade,positive,1.0,0.915691277601567
2026-06-26,JPM,"JPMorgan cut its full-year guidance, shares slide",negative,-1.0,-0.9042131024455282
2026-06-29,JPM,JPMorgan stock climbed on robust quarterly earnings,positive,1.0,0.8243871744079261
2026-06-29,JPM,JPMorgan announced a change to its board of directors,neutral,0.0,0.002902953782953299
2026-06-30,JPM,JPMorgan rallies as it beat analyst earnings estimates,positive,1.0,0.9066695929568387
2026-06-30,JPM,JPMorgan shares trade flat as it filed its routine quarterly disclosure,neutral,0.0,0.000501015010643785
2026-07-02,JPM,"JPMorgan beat analyst earnings estimates, shares climb",positive,1.0,0.9055705999426807
2021-07-06,XOM,Exxon Mobil shares fell after warned of a demand slowdown,negative,-1.0,-0.8696455875041059
2021-07-08,XOM,Exxon Mobil stock rallied on robust guidance,positive,1.0,0.8506669453015923
2021-07-09,XOM,"Exxon Mobil announced a share buyback program, shares climb",positive,1.0,0.9391785863517451
2021-07-12,XOM,Exxon Mobil shares trade flat as it announced a change to its board of directors,neutral,0.0,0.00023552049488586788
2021-07-15,XOM,Exxon Mobil shares slumped after announced layoffs amid cost cuts,negative,-1.0,-0.9071801109480662
2021-07-16,XOM,"Exxon Mobil presented at an industry conference, no major stock reaction",neutral,0.0,-0.00040824288874628106
2021-07-21,XOM,"Exxon Mobil warned of a demand slowdown, shares slide",negative,-1.0,-0.9434607704027538
2021-07-23,XOM,Exxon Mobil shares jumped after announced a share buyback program,positive,1.0,0.9094439917654921
2021-07-26,XOM,"Exxon Mobil announced a share buyback program, shares climb",positive,1.0,0.9391785863517451
2021-07-28,XOM,Exxon Mobil drops as it missed analyst earnings estimates,negative,-1.0,-0.8999247115878549
2021-07-30,XOM,Exxon Mobil drops as it announced layoffs amid cost cuts,negative,-1.0,-0.9342010993356469
2021-08-04,XOM,Exxon Mobil rallies as it received an analyst upgrade,positive,1.0,0.9071707408288407
2021-08-10,XOM,Exxon Mobil shares trade flat as it filed its routine quarterly disclosure,neutral,0.0,0.0009440039993582044
2021-08-11,XOM,Exxon Mobil maintained its previous guidance,neutral,0.0,0.0014766953148109621
2021-08-12,XOM,Exxon Mobil shares tumbled after faces a regulatory investigation,negative,-1.0,-0.8678944801528129
2021-08-18,XOM,Exxon Mobil shares advanced after received an analyst upgrade,positive,1.0,0.8429315954041591
2021-08-20,XOM,Exxon Mobil shares trade flat as it presented at an industry conference,neutral,0.0,-0.00021922370900268398
2021-08-26,XOM,Exxon Mobil shares surged after announced a share buyback program,positive,1.0,0.8931242327656226
2021-08-27,XOM,Exxon Mobil drops as it warned of a demand slowdown,negative,-1.0,-0.9322930919129792
2021-08-30,XOM,Analysts turn bullish on Exxon Mobil after robust cash flow,positive,1.0,0.9197765411444007
2021-09-01,XOM,Exxon Mobil rallies as it beat analyst earnings estimates,positive,1.0,0.8996417845890535
2021-09-02,XOM,"Exxon Mobil held its annual shareholder meeting, no major stock reaction",neutral,0.0,-0.000566643540395765
2021-09-07,XOM,Analysts turn bullish on Exxon Mobil after robust revenue,positive,1.0,0.9163977024216039
2021-09-08,XOM,"Exxon Mobil held its annual shareholder meeting, no major stock reaction",neutral,0.0,-0.000566643540395765
2021-09-09,XOM,Exxon Mobil stock fell on worse-than-expected guidance,negative,-1.0,-0.8225822858649912
2021-09-09,XOM,Exxon Mobil shares jumped after beat analyst earnings estimates,positive,1.0,0.858483355681237
2021-09-10,XOM,Exxon Mobil drops as it received an analyst downgrade,negative,-1.0,-0.9165117790888888
2021-09-15,XOM,Exxon Mobil to hold investor call on cash flow,neutral,0.0,0.00018397099217974666
2021-09-15,XOM,"Exxon Mobil announced layoffs amid cost cuts, shares slide",negative,-1.0,-0.937858098583879
2021-09-20,XOM,Exxon Mobil shares surged after announced a share buyback program,positive,1.0,0.8931242327656226
2021-09-21,XOM,Analysts turn cautious on Exxon Mobil after weak revenue,negative,-1.0,-0.9304783404357158
2021-09-22,XOM,Analysts turn cautious on Exxon Mobil after disappointing cash flow,negative,0.0,-0.9156029942012712
2021-09-28,XOM,Exxon Mobil shares soared after raised its full-year guidance,positive,1.0,0.8273776643123051
2021-09-28,XOM,Exxon Mobil stock tumbled on worse-than-expected cash flow,negative,-1.0,-0.823627094367469
2021-09-30,XOM,Analysts turn bullish on Exxon Mobil after strong profit margins,positive,1.0,0.9094162691576648
2021-10-01,XOM,Analysts turn cautious on Exxon Mobil after worse-than-expected guidance,negative,0.0,-0.9013405789378119
2021-10-01,XOM,Analysts turn bullish on Exxon Mobil after strong sales,positive,1.0,0.942072844355231
2021-10-04,XOM,Exxon Mobil shares trade flat as it filed its routine quarterly disclosure,neutral,0.0,0.0009440039993582044
2021-10-06,XOM,Exxon Mobil shares dropped after missed analyst earnings estimates,negative,-1.0,-0.8523727646635638
2021-10-06,XOM,Exxon Mobil rallies as it received an analyst upgrade,positive,1.0,0.9071707408288407
2021-10-07,XOM,"Exxon Mobil received an analyst upgrade, shares climb",positive,1.0,0.910202960486694
2021-10-08,XOM,Exxon Mobil shares soared after announced a share buyback program,positive,1.0,0.9130136178153052
2021-10-13,XOM,Exxon Mobil rallies as it unveiled a new product line to strong demand,positive,1.0,0.9375787139468228
2021-10-13,XOM,Exxon Mobil shares tumbled after faces a regulatory investigation,negative,-1.0,-0.8678944801528129
2021-10-18,XOM,"Exxon Mobil received an analyst upgrade, shares climb",positive,1.0,0.910202960486694
2021-10-22,XOM,Exxon Mobil shares advanced after received an analyst upgrade,positive,1.0,0.8429315954041591
2021-10-26,XOM,Exxon Mobil shares surged after beat analyst earnings estimates,positive,1.0,0.8417573108568388
2021-10-27,XOM,Exxon Mobil shares tumbled after faces a regulatory investigation,negative,-1.0,-0.8678944801528129
2021-10-28,XOM,Exxon Mobil stock advanced on robust revenue,positive,1.0,0.7849640764027741
2021-10-29,XOM,Exxon Mobil shares trade flat as it will report quarterly results next week,neutral,0.0,0.0011854908242069848
2021-11-01,XOM,Exxon Mobil shares surged after announced a share buyback program,positive,1.0,0.8931242327656226
2021-11-03,XOM,Exxon Mobil to hold investor call on profit margins,neutral,1.0,-5.655633243005845e-05
2021-11-04,XOM,Exxon Mobil shares trade flat as it presented at an industry conference,neutral,0.0,-0.00021922370900268398
2021-11-05,XOM,"Exxon Mobil received an analyst downgrade, shares slide",negative,-1.0,-0.9102145265981366
2021-11-08,XOM,Exxon Mobil stock plunged on soft quarterly earnings,negative,-1.0,-0.6522117053431039
2021-11-10,XOM,Exxon Mobil shares fell after faces a regulatory investigation,negative,-1.0,-0.8796299091399267
2021-11-11,XOM,"Exxon Mobil unveiled a new product line to strong demand, shares climb",positive,1.0,0.9354654161317566
2021-11-12,XOM,Exxon Mobil to hold investor call on cash flow,neutral,0.0,0.00018397099217974666
2021-11-16,XOM,"Exxon Mobil received an analyst upgrade, shares climb",positive,1.0,0.910202960486694
2021-11-17,XOM,"Exxon Mobil filed its routine quarterly disclosure, no major stock reaction",neutral,0.0,0.000745528194170144
2021-11-19,XOM,Exxon Mobil shares trade flat as it announced a change to its board of directors,neutral,0.0,0.00023552049488586788
2021-11-22,XOM,Exxon Mobil shares fell after faces a regulatory investigation,negative,-1.0,-0.8796299091399267
2021-11-22,XOM,Exxon Mobil drops as it announced layoffs amid cost cuts,negative,-1.0,-0.9342010993356469
2021-11-24,XOM,Analysts turn cautious on Exxon Mobil after troubling cash flow,negative,0.0,-0.9044197323674873
2021-11-30,XOM,Exxon Mobil to hold investor call on revenue,neutral,0.0,-0.0017494321607140553
2021-11-30,XOM,Exxon Mobil rallies as it reported record quarterly profit,positive,1.0,0.9572365259273464
2021-12-02,XOM,Exxon Mobil revenue in line with expectations,neutral,0.0,0.0002902767955635585
2021-12-02,XOM,Exxon Mobil revenue in line with expectations,neutral,0.0,0.0002902767955635585
2021-12-03,XOM,Analysts turn bullish on Exxon Mobil after strong profit margins,positive,1.0,0.9094162691576648
2021-12-03,XOM,Analysts turn bullish on Exxon Mobil after better-than-expected sales,positive,1.0,0.8919460295788448
2021-12-06,XOM,Exxon Mobil stock fell on weak revenue,negative,-1.0,-0.844678489612546
2021-12-07,XOM,Exxon Mobil drops as it announced layoffs amid cost cuts,negative,-1.0,-0.9342010993356469
2021-12-09,XOM,Exxon Mobil shares surged after raised its full-year guidance,positive,1.0,0.8158231431634146
2021-12-10,XOM,Exxon Mobil drops as it cut its full-year guidance,negative,-1.0,-0.8820296331219831
2021-12-14,XOM,Analysts turn cautious on Exxon Mobil after worse-than-expected quarterly earnings,negative,0.0,-0.9019150107365375
2021-12-17,XOM,Exxon Mobil stock slumped on disappointing quarterly earnings,negative,-1.0,-0.8220227953690253
2021-12-17,XOM,Exxon Mobil shares plunged after cut its full-year guidance,negative,-1.0,-0.7815690683553838
2021-12-20,XOM,Exxon Mobil shares fell after warned of a demand slowdown,negative,-1.0,-0.8696455875041059
2021-12-23,XOM,Exxon Mobil shares trade flat as it held its annual shareholder meeting,neutral,0.0,-0.0004853722560497209
2021-12-28,XOM,Exxon Mobil rallies as it raised its full-year guidance,positive,1.0,0.9136106699449016
2021-12-30,XOM,Exxon Mobil rallies as it unveiled a new product line to strong demand,positive,1.0,0.9375787139468228
2021-12-30,XOM,"Exxon Mobil filed its routine quarterly disclosure, no major stock reaction",neutral,0.0,0.000745528194170144
2021-12-31,XOM,Exxon Mobil stock climbed on better-than-expected cash flow,positive,1.0,0.7873895465245138
2022-01-04,XOM,Exxon Mobil shares fell after warned of a demand slowdown,negative,-1.0,-0.8696455875041059
2022-01-06,XOM,Analysts turn bullish on Exxon Mobil after robust sales,positive,1.0,0.9348189134601652
2022-01-12,XOM,Exxon Mobil shares tumbled after faces a regulatory investigation,negative,-1.0,-0.8678944801528129
2022-01-12,XOM,Analysts turn bullish on Exxon Mobil after strong quarterly earnings,positive,1.0,0.9353242621020413
2022-01-13,XOM,Exxon Mobil shares fell after received an analyst downgrade,negative,-1.0,-0.8454959461504763
2022-01-13,XOM,Exxon Mobil to hold investor call on revenue,neutral,0.0,-0.0017494321607140553
2022-01-14,XOM,Analysts turn cautious on Exxon Mobil after weak guidance,negative,-1.0,-0.910936332866733
2022-01-18,XOM,"Exxon Mobil announced layoffs amid cost cuts, shares slide",negative,-1.0,-0.937858098583879
2022-01-19,XOM,Exxon Mobil to hold investor call on sales,neutral,0.0,0.0005213678707562674
2022-01-20,XOM,"Exxon Mobil raised its full-year guidance, shares climb",positive,1.0,0.8928244799889913
2022-01-20,XOM,Exxon Mobil drops as it announced layoffs amid cost cuts,negative,-1.0,-0.9342010993356469
2022-01-24,XOM,Exxon Mobil drops as it faces a regulatory investigation,negative,-1.0,-0.9290464770071157
2022-01-26,XOM,Exxon Mobil stock soared on better-than-expected cash flow,positive,1.0,0.7493010940707876
2022-01-27,XOM,Exxon Mobil rallies as it reported record quarterly profit,positive,1.0,0.9572365259273464
2022-01-28,XOM,Exxon Mobil stock jumped on resilient quarterly earnings,positive,1.0,0.7404980806269444
2022-01-31,XOM,Analysts turn cautious on Exxon Mobil after worse-than-expected cash flow,negative,0.0,-0.9083404972776945
2022-02-02,XOM,Exxon Mobil stock advanced on better-than-expected guidance,positive,1.0,0.8438291221331782
2022-02-03,XOM,Analysts turn cautious on Exxon Mobil after soft quarterly earnings,negative,0.0,-0.8704190484653938
2022-02-07,XOM,Analysts turn cautious on Exxon Mobil after worse-than-expected quarterly earnings,negative,0.0,-0.9019150107365375
2022-02-08,XOM,Exxon Mobil rallies as it announced a share buyback program,positive,1.0,0.948003145110467
2022-02-08,XOM,Exxon Mobil drops as it announced layoffs amid cost cuts,negative,-1.0,-0.9342010993356469
2022-02-09,XOM,"Exxon Mobil beat analyst earnings estimates, shares climb",positive,1.0,0.8979319723392712
2022-02-11,XOM,Exxon Mobil announced a change to its board of directors,neutral,0.0,0.00020440607878866035
2022-02-14,XOM,"Exxon Mobil beat analyst earnings estimates, shares climb",positive,1.0,0.8979319723392712
2022-02-14,XOM,Analysts turn bullish on Exxon Mobil after robust profit margins,positive,1.0,0.9028166241780553
2022-02-16,XOM,Exxon Mobil shares jumped after announced a share buyback program,positive,1.0,0.9094439917654921
2022-02-17,XOM,"Exxon Mobil raised its full-year guidance, shares climb",positive,1.0,0.8928244799889913
2022-02-17,XOM,"Exxon Mobil reported record quarterly profit, shares climb",positive,1.0,0.9604719608739999
2022-02-18,XOM,"Exxon Mobil will report quarterly results next week, no major stock reaction",neutral,0.0,0.0009489040621030211
2022-02-22,XOM,Exxon Mobil stock surged on robust profit margins,positive,1.0,0.7804625167535758
2022-02-22,XOM,Exxon Mobil stock jumped on strong sales,positive,1.0,0.8344986271524895
2022-02-23,XOM,Exxon Mobil profit margins in line with expectations,neutral,1.0,0.002450804162660622
2022-02-24,XOM,Exxon Mobil shares trade flat as it filed its routine quarterly disclosure,neutral,0.0,0.0009440039993582044
2022-02-24,XOM,Exxon Mobil shares surged after received an analyst upgrade,positive,1.0,0.8051949409137745
2022-03-01,XOM,Exxon Mobil rallies as it unveiled a new product line to strong demand,positive,1.0,0.9375787139468228
2022-03-02,XOM,Exxon Mobil shares trade flat as it will report quarterly results next week,neutral,0.0,0.0011854908242069848
2022-03-03,XOM,"Exxon Mobil faces a regulatory investigation, shares slide",negative,-1.0,-0.9462448317567261
2022-03-04,XOM,Exxon Mobil shares plunged after announced layoffs amid cost cuts,negative,-1.0,-0.8887735160112354
2022-03-07,XOM,Exxon Mobil stock plunged on weak quarterly earnings,negative,-1.0,-0.6518394348751009
2022-03-08,XOM,Exxon Mobil rallies as it received an analyst upgrade,positive,1.0,0.9071707408288407
2022-03-09,XOM,"Exxon Mobil unveiled a new product line to strong demand, shares climb",positive,1.0,0.9354654161317566
2022-03-10,XOM,"Exxon Mobil received an analyst downgrade, shares slide",negative,-1.0,-0.9102145265981366
2022-03-14,XOM,Exxon Mobil stock advanced on robust profit margins,positive,1.0,0.77160795745588
2022-03-16,XOM,Exxon Mobil stock sank on disappointing revenue,negative,-1.0,-0.8045749981365794
2022-03-17,XOM,Exxon Mobil stock fell on soft cash flow,negative,-1.0,-0.7310628204349969
2022-03-22,XOM,Exxon Mobil held its annual shareholder meeting,neutral,0.0,-0.0009004484357383741
2022-03-22,XOM,Exxon Mobil rallies as it received an analyst upgrade,positive,1.0,0.9071707408288407
2022-03-28,XOM,"Exxon Mobil missed analyst earnings estimates, shares slide",negative,-1.0,-0.8888303458166825
2022-03-29,XOM,Exxon Mobil shares jumped after unveiled a new product line to strong demand,positive,1.0,0.9248958058033827
2022-04-01,XOM,"Exxon Mobil announced a change to its board of directors, no major stock reaction",neutral,0.0,-0.00024181994248166291
2022-04-05,XOM,"Exxon Mobil announced layoffs amid cost cuts, shares slide",negative,-1.0,-0.937858098583879
2022-04-07,XOM,Exxon Mobil shares surged after received an analyst upgrade,positive,1.0,0.8051949409137745
2022-04-08,XOM,"Exxon Mobil missed analyst earnings estimates, shares slide",negative,-1.0,-0.8888303458166825
2022-04-08,XOM,Exxon Mobil shares tumbled after missed analyst earnings estimates,negative,-1.0,-0.825591584005836
2022-04-11,XOM,Exxon Mobil stock jumped on robust sales,positive,1.0,0.8250151532058841
2022-04-12,XOM,Exxon Mobil rallies as it unveiled a new product line to strong demand,positive,1.0,0.9375787139468228
2022-04-13,XOM,"Exxon Mobil warned of a demand slowdown, shares slide",negative,-1.0,-0.9434607704027538
2022-04-13,XOM,Exxon Mobil stock jumped on better-than-expected revenue,positive,1.0,0.8159285200378766
2022-04-14,XOM,Exxon Mobil shares dropped after missed analyst earnings estimates,negative,-1.0,-0.8523727646635638
2022-04-18,XOM,Exxon Mobil rallies as it reported record quarterly profit,positive,1.0,0.9572365259273464
2022-04-20,XOM,Exxon Mobil shares plunged after warned of a demand slowdown,negative,-1.0,-0.8488995261958836
2022-04-21,XOM,Exxon Mobil shares dropped after announced layoffs amid cost cuts,negative,-1.0,-0.9135641174067457
2022-04-22,XOM,Exxon Mobil rallies as it beat analyst earnings estimates,positive,1.0,0.8996417845890535
2022-04-25,XOM,Exxon Mobil shares trade flat as it announced a change to its board of directors,neutral,0.0,0.00023552049488586788
2022-04-26,XOM,Exxon Mobil maintained its previous guidance,neutral,0.0,0.0014766953148109621
2022-04-27,XOM,Exxon Mobil held its annual shareholder meeting,neutral,0.0,-0.0009004484357383741
2022-04-29,XOM,Exxon Mobil rallies as it received an analyst upgrade,positive,1.0,0.9071707408288407
2022-05-02,XOM,Analysts turn bullish on Exxon Mobil after strong sales,positive,1.0,0.942072844355231
2022-05-02,XOM,"Exxon Mobil faces a regulatory investigation, shares slide",negative,-1.0,-0.9462448317567261
2022-05-04,XOM,Exxon Mobil stock sank on disappointing quarterly earnings,negative,-1.0,-0.7541193375114054
2022-05-06,XOM,Exxon Mobil to hold investor call on revenue,neutral,0.0,-0.0017494321607140553
2022-05-06,XOM,Exxon Mobil stock soared on better-than-expected revenue,positive,1.0,0.7734269669524476
2022-05-09,XOM,"Exxon Mobil received an analyst upgrade, shares climb",positive,1.0,0.910202960486694
2022-05-10,XOM,Exxon Mobil stock rallied on resilient sales,positive,1.0,0.7821181278887859
2022-05-16,XOM,"Exxon Mobil faces a regulatory investigation, shares slide",negative,-1.0,-0.9462448317567261
2022-05-16,XOM,Exxon Mobil drops as it announced layoffs amid cost cuts,negative,-1.0,-0.9342010993356469
2022-05-18,XOM,Exxon Mobil to hold investor call on cash flow,neutral,0.0,0.00018397099217974666
2022-05-18,XOM,Exxon Mobil stock plunged on disappointing quarterly earnings,negative,-1.0,-0.7416077479399384
2022-05-19,XOM,"Exxon Mobil raised its full-year guidance, shares climb",positive,1.0,0.8928244799889913
2022-05-19,XOM,"Exxon Mobil beat analyst earnings estimates, shares climb",positive,1.0,0.8979319723392712
2022-05-20,XOM,Exxon Mobil sales in line with expectations,neutral,0.0,0.0032882548877959245
2022-05-26,XOM,Analysts turn cautious on Exxon Mobil after weak sales,negative,-1.0,-0.9152336989584261
2022-05-26,XOM,Analysts turn cautious on Exxon Mobil after disappointing profit margins,negative,1.0,-0.9152811017382491
2022-06-01,XOM,Exxon Mobil shares slumped after warned of a demand slowdown,negative,-1.0,-0.8824761655568321
2022-06-02,XOM,Analysts turn bullish on Exxon Mobil after strong cash flow,positive,1.0,0.9118387128621466
2022-06-02,XOM,Exxon Mobil stock surged on robust sales,positive,1.0,0.8283669924470256
2022-06-06,XOM,Exxon Mobil stock climbed on strong quarterly earnings,positive,1.0,0.8473150627057955
2022-06-08,XOM,"Exxon Mobil announced a share buyback program, shares climb",positive,1.0,0.9391785863517451
2022-06-10,XOM,"Exxon Mobil beat analyst earnings estimates, shares climb",positive,1.0,0.8979319723392712
2022-06-15,XOM,Analysts turn cautious on Exxon Mobil after weak cash flow,negative,-1.0,-0.8781296723226828
2022-06-17,XOM,Analysts turn bullish on Exxon Mobil after better-than-expected quarterly earnings,positive,1.0,0.8887015991718544
2022-06-22,XOM,Exxon Mobil to hold investor call on quarterly earnings,neutral,0.0,0.002785321450591651
2022-06-22,XOM,Exxon Mobil stock climbed on better-than-expected sales,positive,1.0,0.804179050110301
2022-06-27,XOM,Exxon Mobil to hold investor call on cash flow,neutral,0.0,0.00018397099217974666
2022-06-30,XOM,"Exxon Mobil cut its full-year guidance, shares slide",negative,-1.0,-0.8665817807849029
2022-06-30,XOM,Exxon Mobil shares jumped after raised its full-year guidance,positive,1.0,0.8337355448864276
2022-07-01,XOM,Exxon Mobil drops as it announced layoffs amid cost cuts,negative,-1.0,-0.9342010993356469
2022-07-05,XOM,"Exxon Mobil cut its full-year guidance, shares slide",negative,-1.0,-0.8665817807849029
2022-07-08,XOM,"Exxon Mobil will report quarterly results next week, no major stock reaction",neutral,0.0,0.0009489040621030211
2022-07-11,XOM,Analysts turn cautious on Exxon Mobil after weak quarterly earnings,negative,-1.0,-0.8797798586307682
2022-07-13,XOM,Analysts turn cautious on Exxon Mobil after disappointing sales,negative,0.0,-0.9304004070842246
2022-07-14,XOM,Exxon Mobil maintained its previous guidance,neutral,0.0,0.0014766953148109621
2022-07-18,XOM,"Exxon Mobil beat analyst earnings estimates, shares climb",positive,1.0,0.8979319723392712
2022-07-20,XOM,Analysts turn cautious on Exxon Mobil after disappointing guidance,negative,0.0,-0.9268368424041395
2022-07-20,XOM,Exxon Mobil stock jumped on robust quarterly earnings,positive,1.0,0.802120328130844
2022-07-22,XOM,"Exxon Mobil cut its full-year guidance, shares slide",negative,-1.0,-0.8665817807849029
2022-07-27,XOM,"Exxon Mobil announced a share buyback program, shares climb",positive,1.0,0.9391785863517451
2022-07-29,XOM,Exxon Mobil stock sank on worse-than-expected quarterly earnings,negative,-1.0,-0.8071169843295114
2022-08-01,XOM,Exxon Mobil drops as it missed analyst earnings estimates,negative,-1.0,-0.8999247115878549
2022-08-02,XOM,"Exxon Mobil raised its full-year guidance, shares climb",positive,1.0,0.8928244799889913
2022-08-05,XOM,Exxon Mobil shares trade flat as it will report quarterly results next week,neutral,0.0,0.0011854908242069848
2022-08-08,XOM,Exxon Mobil shares advanced after received an analyst upgrade,positive,1.0,0.8429315954041591
2022-08-12,XOM,Exxon Mobil stock surged on record quarterly earnings,positive,1.0,0.8768501312358565
2022-08-15,XOM,"Exxon Mobil announced layoffs amid cost cuts, shares slide",negative,-1.0,-0.937858098583879
2022-08-16,XOM,Analysts turn cautious on Exxon Mobil after weak sales,negative,-1.0,-0.9152336989584261
2022-08-16,XOM,"Exxon Mobil maintained its previous guidance, no major stock reaction",neutral,0.0,0.00014818218691474427
2022-08-18,XOM,Analysts turn cautious on Exxon Mobil after disappointing sales,negative,0.0,-0.9304004070842246
2022-08-22,XOM,Analysts turn cautious on Exxon Mobil after troubling sales,negative,0.0,-0.9129931946932345
2022-08-23,XOM,Exxon Mobil stock rallied on robust revenue,positive,1.0,0.8122358184505069
2022-08-23,XOM,"Exxon Mobil announced a share buyback program, shares climb",positive,1.0,0.9391785863517451
2022-08-24,XOM,"Exxon Mobil received an analyst upgrade, shares climb",positive,1.0,0.910202960486694
2022-08-26,XOM,Analysts turn bullish on Exxon Mobil after strong sales,positive,1.0,0.942072844355231
2022-08-29,XOM,Exxon Mobil rallies as it announced a share buyback program,positive,1.0,0.948003145110467
2022-08-31,XOM,Analysts turn bullish on Exxon Mobil after record profit margins,positive,1.0,0.8787816905537505
2022-09-01,XOM,Exxon Mobil rallies as it received an analyst upgrade,positive,1.0,0.9071707408288407
2022-09-01,XOM,Exxon Mobil presented at an industry conference,neutral,0.0,-0.0003002357931982669
2022-09-02,XOM,Exxon Mobil stock dropped on disappointing cash flow,negative,-1.0,-0.7533313757149965
2022-09-07,XOM,Exxon Mobil maintained its previous guidance,neutral,0.0,0.0014766953148109621
2022-09-09,XOM,"Exxon Mobil warned of a demand slowdown, shares slide",negative,-1.0,-0.9434607704027538
2022-09-12,XOM,Exxon Mobil stock advanced on better-than-expected guidance,positive,1.0,0.8438291221331782
2022-09-16,XOM,Exxon Mobil shares tumbled after warned of a demand slowdown,negative,-1.0,-0.8558583774183712
2022-09-20,XOM,Exxon Mobil cash flow in line with expectations,neutral,0.0,0.0025473310212523366
2022-09-20,XOM,Exxon Mobil will report quarterly results next week,neutral,0.0,0.003548601535587531
2022-09-21,XOM,"Exxon Mobil cut its full-year guidance, shares slide",negative,-1.0,-0.8665817807849029
2022-09-22,XOM,Exxon Mobil rallies as it unveiled a new product line to strong demand,positive,1.0,0.9375787139468228
2022-09-26,XOM,Exxon Mobil stock soared on strong sales,positive,1.0,0.8592504470072085
2022-09-27,XOM,Analysts turn cautious on Exxon Mobil after soft sales,negative,0.0,-0.8965775730573857
2022-10-03,XOM,Exxon Mobil stock slumped on worse-than-expected sales,negative,-1.0,-0.8526673446096161
2022-10-04,XOM,Analysts turn cautious on Exxon Mobil after worse-than-expected quarterly earnings,negative,0.0,-0.9019150107365375
2022-10-05,XOM,"Exxon Mobil received an analyst upgrade, shares climb",positive,1.0,0.910202960486694
2022-10-06,XOM,Analysts turn bullish on Exxon Mobil after better-than-expected guidance,positive,1.0,0.9106227102096035
2022-10-11,XOM,"Exxon Mobil held its annual shareholder meeting, no major stock reaction",neutral,0.0,-0.000566643540395765
2022-10-11,XOM,Exxon Mobil stock dropped on worse-than-expected quarterly earnings,negative,-1.0,-0.7819991173847943
2022-10-13,XOM,Exxon Mobil rallies as it beat analyst earnings estimates,positive,1.0,0.8996417845890535
2022-10-18,XOM,Exxon Mobil drops as it faces a regulatory investigation,negative,-1.0,-0.9290464770071157
2022-10-18,XOM,"Exxon Mobil maintained its previous guidance, no major stock reaction",neutral,0.0,0.00014818218691474427
2022-10-20,XOM,"Exxon Mobil faces a regulatory investigation, shares slide",negative,-1.0,-0.9462448317567261
2022-10-24,XOM,"Exxon Mobil announced layoffs amid cost cuts, shares slide",negative,-1.0,-0.937858098583879
2022-10-28,XOM,Exxon Mobil shares climbed after raised its full-year guidance,positive,1.0,0.8166213993433783
2022-10-31,XOM,Exxon Mobil drops as it cut its full-year guidance,negative,-1.0,-0.8820296331219831
2022-10-31,XOM,Exxon Mobil stock fell on worse-than-expected cash flow,negative,-1.0,-0.8381926559889161
2022-11-01,XOM,Exxon Mobil shares advanced after reported record quarterly profit,positive,1.0,0.917500908889927
2022-11-02,XOM,"Exxon Mobil beat analyst earnings estimates, shares climb",positive,1.0,0.8979319723392712
2022-11-03,XOM,Analysts turn bullish on Exxon Mobil after robust revenue,positive,1.0,0.9163977024216039
2022-11-09,XOM,Exxon Mobil stock fell on weak sales,negative,-1.0,-0.8165499148019187
2022-11-10,XOM,"Exxon Mobil received an analyst upgrade, shares climb",positive,1.0,0.910202960486694
2022-11-11,XOM,Exxon Mobil presented at an industry conference,neutral,0.0,-0.0003002357931982669
2022-11-14,XOM,Analysts turn bullish on Exxon Mobil after strong quarterly earnings,positive,1.0,0.9353242621020413
2022-11-15,XOM,Exxon Mobil drops as it missed analyst earnings estimates,negative,-1.0,-0.8999247115878549
2022-11-15,XOM,Exxon Mobil shares jumped after reported record quarterly profit,positive,1.0,0.9244626452974115
2022-11-18,XOM,Exxon Mobil to hold investor call on profit margins,neutral,1.0,-5.655633243005845e-05
2022-11-21,XOM,Exxon Mobil shares trade flat as it held its annual shareholder meeting,neutral,0.0,-0.0004853722560497209
2022-11-22,XOM,"Exxon Mobil maintained its previous guidance, no major stock reaction",neutral,0.0,0.00014818218691474427
2022-11-30,XOM,Analysts turn cautious on Exxon Mobil after soft revenue,negative,0.0,-0.9001487405854286
2022-12-01,XOM,Exxon Mobil shares advanced after raised its full-year guidance,positive,1.0,0.8122479359914753
2022-12-01,XOM,Analysts turn cautious on Exxon Mobil after weak guidance,negative,-1.0,-0.910936332866733
2022-12-05,XOM,Exxon Mobil shares advanced after received an analyst upgrade,positive,1.0,0.8429315954041591
2022-12-06,XOM,Exxon Mobil shares climbed after beat analyst earnings estimates,positive,1.0,0.8419210394350849
2022-12-07,XOM,Exxon Mobil stock tumbled on disappointing sales,negative,-1.0,-0.8063810393108873
2022-12-08,XOM,"Exxon Mobil warned of a demand slowdown, shares slide",negative,-1.0,-0.9434607704027538
2022-12-15,XOM,Analysts turn bullish on Exxon Mobil after resilient cash flow,positive,1.0,0.864578246689068
2022-12-16,XOM,Exxon Mobil stock slumped on weak quarterly earnings,negative,-1.0,-0.765977425667715
2022-12-16,XOM,Exxon Mobil shares sank after warned of a demand slowdown,negative,-1.0,-0.87736079899495
2022-12-19,XOM,"Exxon Mobil announced layoffs amid cost cuts, shares slide",negative,-1.0,-0.937858098583879
2022-12-20,XOM,Exxon Mobil stock plunged on disappointing guidance,negative,-1.0,-0.7544464489392682
2022-12-21,XOM,Exxon Mobil presented at an industry conference,neutral,0.0,-0.0003002357931982669
2022-12-23,XOM,Exxon Mobil to hold investor call on profit margins,neutral,1.0,-5.655633243005845e-05
2022-12-27,XOM,"Exxon Mobil maintained its previous guidance, no major stock reaction",neutral,0.0,0.00014818218691474427
2022-12-28,XOM,Exxon Mobil shares tumbled after faces a regulatory investigation,negative,-1.0,-0.8678944801528129
2022-12-30,XOM,Exxon Mobil drops as it received an analyst downgrade,negative,-1.0,-0.9165117790888888
2023-01-04,XOM,"Exxon Mobil announced layoffs amid cost cuts, shares slide",negative,-1.0,-0.937858098583879
2023-01-05,XOM,Exxon Mobil stock climbed on resilient cash flow,positive,1.0,0.7866389340521549
2023-01-09,XOM,Exxon Mobil shares trade flat as it held its annual shareholder meeting,neutral,0.0,-0.0004853722560497209
2023-01-10,XOM,Exxon Mobil rallies as it beat analyst earnings estimates,positive,1.0,0.8996417845890535
2023-01-12,XOM,Exxon Mobil rallies as it announced a share buyback program,positive,1.0,0.948003145110467
2023-01-12,XOM,Exxon Mobil rallies as it reported record quarterly profit,positive,1.0,0.9572365259273464
2023-01-13,XOM,"Exxon Mobil announced a share buyback program, shares climb",positive,1.0,0.9391785863517451
2023-01-18,XOM,Analysts turn cautious on Exxon Mobil after worse-than-expected cash flow,negative,0.0,-0.9083404972776945
2023-01-20,XOM,Exxon Mobil stock climbed on robust guidance,positive,1.0,0.8410608003417821
2023-01-23,XOM,Exxon Mobil to hold investor call on guidance,neutral,0.0,0.0007942356304215491
2023-01-23,XOM,Exxon Mobil rallies as it announced a share buyback program,positive,1.0,0.948003145110467
2023-01-24,XOM,Exxon Mobil shares advanced after beat analyst earnings estimates,positive,1.0,0.8309734115658208
2023-01-25,XOM,Analysts turn bullish on Exxon Mobil after strong cash flow,positive,1.0,0.9118387128621466
2023-01-27,XOM,Analysts turn cautious on Exxon Mobil after weak quarterly earnings,negative,-1.0,-0.8797798586307682
2023-01-30,XOM,Analysts turn bullish on Exxon Mobil after better-than-expected quarterly earnings,positive,1.0,0.8887015991718544
2023-01-30,XOM,Exxon Mobil announced a change to its board of directors,neutral,0.0,0.00020440607878866035
2023-01-31,XOM,Exxon Mobil drops as it announced layoffs amid cost cuts,negative,-1.0,-0.9342010993356469
2023-02-06,XOM,"Exxon Mobil unveiled a new product line to strong demand, shares climb",positive,1.0,0.9354654161317566
2023-02-06,XOM,Analysts turn bullish on Exxon Mobil after better-than-expected quarterly earnings,positive,1.0,0.8887015991718544
2023-02-09,XOM,"Exxon Mobil missed analyst earnings estimates, shares slide",negative,-1.0,-0.8888303458166825
2023-02-14,XOM,Exxon Mobil shares advanced after beat analyst earnings estimates,positive,1.0,0.8309734115658208
2023-02-15,XOM,Exxon Mobil drops as it warned of a demand slowdown,negative,-1.0,-0.9322930919129792
2023-02-16,XOM,Exxon Mobil drops as it faces a regulatory investigation,negative,-1.0,-0.9290464770071157
2023-02-17,XOM,"Exxon Mobil cut its full-year guidance, shares slide",negative,-1.0,-0.8665817807849029
2023-02-21,XOM,Exxon Mobil drops as it cut its full-year guidance,negative,-1.0,-0.8820296331219831
2023-02-24,XOM,Exxon Mobil shares climbed after announced a share buyback program,positive,1.0,0.8942688618957717
2023-02-24,XOM,Analysts turn bullish on Exxon Mobil after resilient revenue,positive,1.0,0.8870512895336659
2023-02-27,XOM,Exxon Mobil drops as it received an analyst downgrade,negative,-1.0,-0.9165117790888888
2023-02-28,XOM,"Exxon Mobil unveiled a new product line to strong demand, shares climb",positive,1.0,0.9354654161317566
2023-03-03,XOM,Exxon Mobil shares slumped after warned of a demand slowdown,negative,-1.0,-0.8824761655568321
2023-03-06,XOM,Exxon Mobil stock fell on disappointing sales,negative,-1.0,-0.8254409567569425
2023-03-07,XOM,Exxon Mobil drops as it missed analyst earnings estimates,negative,-1.0,-0.8999247115878549
2023-03-07,XOM,Exxon Mobil shares fell after faces a regulatory investigation,negative,-1.0,-0.8796299091399267
2023-03-08,XOM,Exxon Mobil shares slumped after missed analyst earnings estimates,negative,-1.0,-0.8472857590010027
2023-03-10,XOM,Exxon Mobil to hold investor call on revenue,neutral,0.0,-0.0017494321607140553
2023-03-13,XOM,"Exxon Mobil filed its routine quarterly disclosure, no major stock reaction",neutral,0.0,0.000745528194170144
2023-03-15,XOM,Analysts turn bullish on Exxon Mobil after record profit margins,positive,1.0,0.8787816905537505
2023-03-22,XOM,Exxon Mobil stock advanced on record guidance,positive,1.0,0.8154971424898478
2023-03-24,XOM,Exxon Mobil rallies as it unveiled a new product line to strong demand,positive,1.0,0.9375787139468228
2023-03-27,XOM,"Exxon Mobil maintained its previous guidance, no major stock reaction",neutral,0.0,0.00014818218691474427
2023-03-31,XOM,Analysts turn cautious on Exxon Mobil after troubling sales,negative,0.0,-0.9129931946932345
2023-04-04,XOM,Exxon Mobil to hold investor call on revenue,neutral,0.0,-0.0017494321607140553
2023-04-05,XOM,Exxon Mobil shares trade flat as it filed its routine quarterly disclosure,neutral,0.0,0.0009440039993582044
2023-04-06,XOM,Exxon Mobil stock fell on worse-than-expected guidance,negative,-1.0,-0.8225822858649912
2023-04-11,XOM,Exxon Mobil rallies as it announced a share buyback program,positive,1.0,0.948003145110467
2023-04-12,XOM,Exxon Mobil revenue in line with expectations,neutral,0.0,0.0002902767955635585
2023-04-14,XOM,Exxon Mobil maintained its previous guidance,neutral,0.0,0.0014766953148109621
2023-04-14,XOM,Exxon Mobil maintained its previous guidance,neutral,0.0,0.0014766953148109621
2023-04-17,XOM,Exxon Mobil shares trade flat as it will report quarterly results next week,neutral,0.0,0.0011854908242069848
2023-04-18,XOM,Exxon Mobil drops as it missed analyst earnings estimates,negative,-1.0,-0.8999247115878549
2023-04-25,XOM,Analysts turn bullish on Exxon Mobil after better-than-expected profit margins,positive,1.0,0.8758580389347503
2023-04-26,XOM,"Exxon Mobil warned of a demand slowdown, shares slide",negative,-1.0,-0.9434607704027538
2023-04-28,XOM,Exxon Mobil shares soared after reported record quarterly profit,positive,1.0,0.9434497116248433
2023-05-02,XOM,Exxon Mobil drops as it received an analyst downgrade,negative,-1.0,-0.9165117790888888
2023-05-04,XOM,Exxon Mobil drops as it faces a regulatory investigation,negative,-1.0,-0.9290464770071157
2023-05-04,XOM,"Exxon Mobil received an analyst downgrade, shares slide",negative,-1.0,-0.9102145265981366
2023-05-05,XOM,"Exxon Mobil announced layoffs amid cost cuts, shares slide",negative,-1.0,-0.937858098583879
2023-05-05,XOM,Exxon Mobil cash flow in line with expectations,neutral,0.0,0.0025473310212523366
2023-05-08,XOM,Analysts turn bullish on Exxon Mobil after better-than-expected sales,positive,1.0,0.8919460295788448
2023-05-16,XOM,Exxon Mobil rallies as it beat analyst earnings estimates,positive,1.0,0.8996417845890535
2023-05-16,XOM,Exxon Mobil shares advanced after beat analyst earnings estimates,positive,1.0,0.8309734115658208
2023-05-19,XOM,"Exxon Mobil cut its full-year guidance, shares slide",negative,-1.0,-0.8665817807849029
2023-05-19,XOM,Exxon Mobil stock slumped on worse-than-expected guidance,negative,-1.0,-0.823212921979417
2023-05-23,XOM,Exxon Mobil drops as it missed analyst earnings estimates,negative,-1.0,-0.8999247115878549
2023-05-24,XOM,"Exxon Mobil received an analyst upgrade, shares climb",positive,1.0,0.910202960486694
2023-05-24,XOM,Exxon Mobil to hold investor call on profit margins,neutral,1.0,-5.655633243005845e-05
2023-05-25,XOM,"Exxon Mobil maintained its previous guidance, no major stock reaction",neutral,0.0,0.00014818218691474427
2023-05-26,XOM,"Exxon Mobil missed analyst earnings estimates, shares slide",negative,-1.0,-0.8888303458166825
2023-05-30,XOM,Exxon Mobil shares surged after raised its full-year guidance,positive,1.0,0.8158231431634146
2023-05-31,XOM,Exxon Mobil to hold investor call on cash flow,neutral,0.0,0.00018397099217974666
2023-05-31,XOM,Exxon Mobil stock jumped on robust revenue,positive,1.0,0.7898753243998624
2023-06-01,XOM,Exxon Mobil shares trade flat as it maintained its previous guidance,neutral,0.0,0.0003239864644844215
2023-06-02,XOM,Exxon Mobil rallies as it announced a share buyback program,positive,1.0,0.948003145110467
2023-06-09,XOM,Exxon Mobil shares rallied after reported record quarterly profit,positive,1.0,0.9385493057911923
2023-06-13,XOM,"Exxon Mobil announced a change to its board of directors, no major stock reaction",neutral,0.0,-0.00024181994248166291
2023-06-14,XOM,Exxon Mobil rallies as it beat analyst earnings estimates,positive,1.0,0.8996417845890535
2023-06-20,XOM,Exxon Mobil drops as it announced layoffs amid cost cuts,negative,-1.0,-0.9342010993356469
2023-06-21,XOM,Exxon Mobil stock slumped on disappointing profit margins,negative,0.0,-0.8235140503119821
2023-06-22,XOM,Exxon Mobil drops as it announced layoffs amid cost cuts,negative,-1.0,-0.9342010993356469
2023-06-26,XOM,Exxon Mobil shares tumbled after announced layoffs amid cost cuts,negative,-1.0,-0.9009279057389226
2023-06-30,XOM,Exxon Mobil guidance in line with expectations,neutral,0.0,0.003477050498688624
2023-06-30,XOM,Exxon Mobil maintained its previous guidance,neutral,0.0,0.0014766953148109621
2023-07-05,XOM,Exxon Mobil stock tumbled on troubling quarterly earnings,negative,-1.0,-0.7491661065434505
2023-07-06,XOM,Exxon Mobil shares soared after raised its full-year guidance,positive,1.0,0.8273776643123051
2023-07-06,XOM,Exxon Mobil rallies as it raised its full-year guidance,positive,1.0,0.9136106699449016
2023-07-07,XOM,Exxon Mobil sales in line with expectations,neutral,0.0,0.0032882548877959245
2023-07-11,XOM,Exxon Mobil to hold investor call on sales,neutral,0.0,0.0005213678707562674
2023-07-12,XOM,Exxon Mobil drops as it warned of a demand slowdown,negative,-1.0,-0.9322930919129792
2023-07-17,XOM,"Exxon Mobil missed analyst earnings estimates, shares slide",negative,-1.0,-0.8888303458166825
2023-07-24,XOM,Exxon Mobil stock rallied on record quarterly earnings,positive,1.0,0.8672744515823991
2023-07-25,XOM,"Exxon Mobil announced layoffs amid cost cuts, shares slide",negative,-1.0,-0.937858098583879
2023-07-26,XOM,Analysts turn bullish on Exxon Mobil after strong profit margins,positive,1.0,0.9094162691576648
2023-07-31,XOM,Analysts turn cautious on Exxon Mobil after weak sales,negative,-1.0,-0.9152336989584261
2023-08-01,XOM,Exxon Mobil shares slumped after cut its full-year guidance,negative,-1.0,-0.8382521069947987
2023-08-02,XOM,Analysts turn bullish on Exxon Mobil after resilient sales,positive,1.0,0.8789955448217813
2023-08-04,XOM,Exxon Mobil shares climbed after raised its full-year guidance,positive,1.0,0.8166213993433783
2023-08-14,XOM,Exxon Mobil rallies as it unveiled a new product line to strong demand,positive,1.0,0.9375787139468228
2023-08-15,XOM,Exxon Mobil shares trade flat as it announced a change to its board of directors,neutral,0.0,0.00023552049488586788
2023-08-16,XOM,"Exxon Mobil announced layoffs amid cost cuts, shares slide",negative,-1.0,-0.937858098583879
2023-08-17,XOM,Exxon Mobil shares surged after beat analyst earnings estimates,positive,1.0,0.8417573108568388
2023-08-17,XOM,Exxon Mobil shares sank after warned of a demand slowdown,negative,-1.0,-0.87736079899495
2023-08-18,XOM,"Exxon Mobil announced layoffs amid cost cuts, shares slide",negative,-1.0,-0.937858098583879
2023-08-18,XOM,Exxon Mobil shares tumbled after missed analyst earnings estimates,negative,-1.0,-0.825591584005836
2023-08-21,XOM,Analysts turn bullish on Exxon Mobil after resilient cash flow,positive,1.0,0.864578246689068
2023-08-22,XOM,Analysts turn bullish on Exxon Mobil after better-than-expected guidance,positive,1.0,0.9106227102096035
2023-08-23,XOM,Exxon Mobil stock jumped on resilient revenue,positive,1.0,0.7669154017472006
2023-08-24,XOM,"Exxon Mobil presented at an industry conference, no major stock reaction",neutral,0.0,-0.00040824288874628106
2023-08-25,XOM,Exxon Mobil guidance in line with expectations,neutral,0.0,0.003477050498688624
2023-08-30,XOM,Analysts turn bullish on Exxon Mobil after resilient cash flow,positive,1.0,0.864578246689068
2023-09-01,XOM,Exxon Mobil to hold investor call on quarterly earnings,neutral,0.0,0.002785321450591651
2023-09-05,XOM,"Exxon Mobil raised its full-year guidance, shares climb",positive,1.0,0.8928244799889913
2023-09-07,XOM,Exxon Mobil drops as it announced layoffs amid cost cuts,negative,-1.0,-0.9342010993356469
2023-09-07,XOM,Exxon Mobil stock advanced on better-than-expected quarterly earnings,positive,1.0,0.8108564358733213
2023-09-08,XOM,"Exxon Mobil missed analyst earnings estimates, shares slide",negative,-1.0,-0.8888303458166825
2023-09-08,XOM,Exxon Mobil drops as it received an analyst downgrade,negative,-1.0,-0.9165117790888888
2023-09-11,XOM,"Exxon Mobil faces a regulatory investigation, shares slide",negative,-1.0,-0.9462448317567261
2023-09-12,XOM,Exxon Mobil shares rallied after raised its full-year guidance,positive,1.0,0.862104404001598
2023-09-12,XOM,Exxon Mobil rallies as it announced a share buyback program,positive,1.0,0.948003145110467
2023-09-13,XOM,Exxon Mobil stock plunged on worse-than-expected sales,negative,-1.0,-0.807664066179604
2023-09-13,XOM,Exxon Mobil stock advanced on resilient quarterly earnings,positive,1.0,0.7544949060849928
2023-09-14,XOM,Exxon Mobil shares sank after faces a regulatory investigation,negative,-1.0,-0.8929561122764003
2023-09-15,XOM,Analysts turn cautious on Exxon Mobil after disappointing sales,negative,0.0,-0.9304004070842246
2023-09-15,XOM,"Exxon Mobil unveiled a new product line to strong demand, shares climb",positive,1.0,0.9354654161317566
2023-09-19,XOM,Exxon Mobil rallies as it received an analyst upgrade,positive,1.0,0.9071707408288407
2023-09-21,XOM,Exxon Mobil stock sank on worse-than-expected cash flow,negative,-1.0,-0.820398686394805
2023-09-27,XOM,Exxon Mobil rallies as it announced a share buyback program,positive,1.0,0.948003145110467
2023-10-03,XOM,"Exxon Mobil announced layoffs amid cost cuts, shares slide",negative,-1.0,-0.937858098583879
2023-10-04,XOM,Exxon Mobil stock slumped on soft cash flow,negative,-1.0,-0.7434841421852283
2023-10-06,XOM,Analysts turn cautious on Exxon Mobil after worse-than-expected quarterly earnings,negative,0.0,-0.9019150107365375
2023-10-11,XOM,Exxon Mobil rallies as it announced a share buyback program,positive,1.0,0.948003145110467
2023-10-12,XOM,Exxon Mobil shares surged after reported record quarterly profit,positive,1.0,0.9092566155210917
2023-10-13,XOM,Exxon Mobil shares trade flat as it presented at an industry conference,neutral,0.0,-0.00021922370900268398
2023-10-16,XOM,"Exxon Mobil unveiled a new product line to strong demand, shares climb",positive,1.0,0.9354654161317566
2023-10-16,XOM,Exxon Mobil shares sank after missed analyst earnings estimates,negative,-1.0,-0.8337879311815936
2023-10-17,XOM,Exxon Mobil drops as it cut its full-year guidance,negative,-1.0,-0.8820296331219831
2023-10-19,XOM,Analysts turn cautious on Exxon Mobil after weak revenue,negative,-1.0,-0.9304783404357158
2023-10-19,XOM,Analysts turn cautious on Exxon Mobil after weak guidance,negative,-1.0,-0.910936332866733
2023-10-23,XOM,Exxon Mobil shares trade flat as it presented at an industry conference,neutral,0.0,-0.00021922370900268398
2023-10-23,XOM,Exxon Mobil shares climbed after raised its full-year guidance,positive,1.0,0.8166213993433783
2023-10-24,XOM,Exxon Mobil drops as it received an analyst downgrade,negative,-1.0,-0.9165117790888888
2023-10-26,XOM,Exxon Mobil rallies as it received an analyst upgrade,positive,1.0,0.9071707408288407
2023-10-26,XOM,Exxon Mobil will report quarterly results next week,neutral,0.0,0.003548601535587531
2023-11-03,XOM,Exxon Mobil drops as it faces a regulatory investigation,negative,-1.0,-0.9290464770071157
2023-11-07,XOM,"Exxon Mobil announced layoffs amid cost cuts, shares slide",negative,-1.0,-0.937858098583879
2023-11-08,XOM,Exxon Mobil drops as it cut its full-year guidance,negative,-1.0,-0.8820296331219831
2023-11-09,XOM,Exxon Mobil shares fell after missed analyst earnings estimates,negative,-1.0,-0.8318254856257346
2023-11-09,XOM,Exxon Mobil rallies as it reported record quarterly profit,positive,1.0,0.9572365259273464
2023-11-10,XOM,"Exxon Mobil beat analyst earnings estimates, shares climb",positive,1.0,0.8979319723392712
2023-11-13,XOM,Exxon Mobil shares trade flat as it will report quarterly results next week,neutral,0.0,0.0011854908242069848
2023-11-15,XOM,Exxon Mobil stock slumped on worse-than-expected guidance,negative,-1.0,-0.823212921979417
2023-11-15,XOM,Analysts turn bullish on Exxon Mobil after better-than-expected revenue,positive,1.0,0.8959746512050949
2023-11-17,XOM,"Exxon Mobil announced a change to its board of directors, no major stock reaction",neutral,0.0,-0.00024181994248166291
2023-11-20,XOM,Analysts turn bullish on Exxon Mobil after strong cash flow,positive,1.0,0.9118387128621466
2023-11-21,XOM,Analysts turn bullish on Exxon Mobil after robust cash flow,positive,1.0,0.9197765411444007
2023-11-21,XOM,Exxon Mobil rallies as it announced a share buyback program,positive,1.0,0.948003145110467
2023-11-22,XOM,Exxon Mobil guidance in line with expectations,neutral,0.0,0.003477050498688624
2023-11-27,XOM,Exxon Mobil drops as it received an analyst downgrade,negative,-1.0,-0.9165117790888888
2023-11-27,XOM,Exxon Mobil shares fell after received an analyst downgrade,negative,-1.0,-0.8454959461504763
2023-11-28,XOM,Exxon Mobil rallies as it beat analyst earnings estimates,positive,1.0,0.8996417845890535
2023-11-29,XOM,Analysts turn cautious on Exxon Mobil after weak profit margins,negative,0.0,-0.9058117383198336
2023-12-01,XOM,"Exxon Mobil announced a change to its board of directors, no major stock reaction",neutral,0.0,-0.00024181994248166291
2023-12-04,XOM,Exxon Mobil drops as it missed analyst earnings estimates,negative,-1.0,-0.8999247115878549
2023-12-05,XOM,Exxon Mobil stock fell on worse-than-expected quarterly earnings,negative,-1.0,-0.8260861833612844
2023-12-06,XOM,Exxon Mobil rallies as it raised its full-year guidance,positive,1.0,0.9136106699449016
2023-12-08,XOM,Exxon Mobil stock slumped on weak revenue,negative,-1.0,-0.8531349213852304
2023-12-11,XOM,"Exxon Mobil received an analyst upgrade, shares climb",positive,1.0,0.910202960486694
2023-12-11,XOM,Analysts turn bullish on Exxon Mobil after strong profit margins,positive,1.0,0.9094162691576648
2023-12-12,XOM,"Exxon Mobil faces a regulatory investigation, shares slide",negative,-1.0,-0.9462448317567261
2023-12-13,XOM,Exxon Mobil to hold investor call on profit margins,neutral,1.0,-5.655633243005845e-05
2023-12-13,XOM,Exxon Mobil rallies as it beat analyst earnings estimates,positive,1.0,0.8996417845890535
2023-12-15,XOM,"Exxon Mobil received an analyst upgrade, shares climb",positive,1.0,0.910202960486694
2023-12-18,XOM,Exxon Mobil shares advanced after unveiled a new product line to strong demand,positive,1.0,0.9096188757536765
2023-12-20,XOM,Exxon Mobil shares climbed after announced a share buyback program,positive,1.0,0.8942688618957717
2023-12-22,XOM,Analysts turn cautious on Exxon Mobil after worse-than-expected guidance,negative,0.0,-0.9013405789378119
2023-12-26,XOM,Exxon Mobil shares rallied after announced a share buyback program,positive,1.0,0.9145311377040309
2023-12-29,XOM,Exxon Mobil shares sank after faces a regulatory investigation,negative,-1.0,-0.8929561122764003
2024-01-02,XOM,Exxon Mobil stock rallied on better-than-expected cash flow,positive,1.0,0.7961723024760806
2024-01-03,XOM,Exxon Mobil stock advanced on better-than-expected revenue,positive,1.0,0.8208634161063769
2024-01-04,XOM,"Exxon Mobil missed analyst earnings estimates, shares slide",negative,-1.0,-0.8888303458166825
2024-01-05,XOM,Analysts turn cautious on Exxon Mobil after worse-than-expected sales,negative,0.0,-0.9179050583199171
2024-01-05,XOM,Analysts turn cautious on Exxon Mobil after weak profit margins,negative,0.0,-0.9058117383198336
2024-01-08,XOM,Exxon Mobil drops as it received an analyst downgrade,negative,-1.0,-0.9165117790888888
2024-01-12,XOM,Analysts turn cautious on Exxon Mobil after worse-than-expected guidance,negative,0.0,-0.9013405789378119
2024-01-16,XOM,Exxon Mobil shares rallied after reported record quarterly profit,positive,1.0,0.9385493057911923
2024-01-17,XOM,"Exxon Mobil reported record quarterly profit, shares climb",positive,1.0,0.9604719608739999
2024-01-22,XOM,Exxon Mobil rallies as it unveiled a new product line to strong demand,positive,1.0,0.9375787139468228
2024-01-24,XOM,Exxon Mobil shares climbed after unveiled a new product line to strong demand,positive,1.0,0.9142495421291464
2024-01-25,XOM,Exxon Mobil to hold investor call on sales,neutral,0.0,0.0005213678707562674
2024-01-26,XOM,Exxon Mobil stock advanced on strong revenue,positive,1.0,0.8212768981452865
2024-01-30,XOM,Exxon Mobil shares fell after cut its full-year guidance,negative,-1.0,-0.8171005883055297
2024-01-31,XOM,Exxon Mobil shares sank after faces a regulatory investigation,negative,-1.0,-0.8929561122764003
2024-02-01,XOM,Exxon Mobil revenue in line with expectations,neutral,0.0,0.0002902767955635585
2024-02-01,XOM,"Exxon Mobil received an analyst downgrade, shares slide",negative,-1.0,-0.9102145265981366
2024-02-02,XOM,Analysts turn bullish on Exxon Mobil after robust profit margins,positive,1.0,0.9028166241780553
2024-02-07,XOM,Analysts turn bullish on Exxon Mobil after record quarterly earnings,positive,1.0,0.93775111334702
2024-02-08,XOM,Exxon Mobil stock climbed on resilient quarterly earnings,positive,1.0,0.7907194919225767
2024-02-09,XOM,Exxon Mobil stock jumped on strong profit margins,positive,1.0,0.7732822237191903
2024-02-12,XOM,Exxon Mobil shares plunged after warned of a demand slowdown,negative,-1.0,-0.8488995261958836
2024-02-15,XOM,Exxon Mobil stock slumped on weak cash flow,negative,-1.0,-0.7672279433086283
2024-02-20,XOM,Exxon Mobil drops as it faces a regulatory investigation,negative,-1.0,-0.9290464770071157
2024-02-21,XOM,Exxon Mobil shares jumped after beat analyst earnings estimates,positive,1.0,0.858483355681237
2024-02-22,XOM,Exxon Mobil to hold investor call on revenue,neutral,0.0,-0.0017494321607140553
2024-02-26,XOM,Exxon Mobil sales in line with expectations,neutral,0.0,0.0032882548877959245
2024-02-26,XOM,Analysts turn cautious on Exxon Mobil after troubling revenue,negative,0.0,-0.9200759117432882
2024-02-29,XOM,Exxon Mobil profit margins in line with expectations,neutral,1.0,0.002450804162660622
2024-02-29,XOM,Exxon Mobil rallies as it unveiled a new product line to strong demand,positive,1.0,0.9375787139468228
2024-03-01,XOM,Analysts turn cautious on Exxon Mobil after troubling cash flow,negative,0.0,-0.9044197323674873
2024-03-04,XOM,Exxon Mobil drops as it warned of a demand slowdown,negative,-1.0,-0.9322930919129792
2024-03-05,XOM,Analysts turn cautious on Exxon Mobil after worse-than-expected guidance,negative,0.0,-0.9013405789378119
2024-03-06,XOM,Analysts turn cautious on Exxon Mobil after soft guidance,negative,0.0,-0.9080431519446229
2024-03-08,XOM,Exxon Mobil stock rallied on robust cash flow,positive,1.0,0.8233861298940185
2024-03-08,XOM,Exxon Mobil quarterly earnings in line with expectations,neutral,0.0,0.006036957556121856
2024-03-11,XOM,"Exxon Mobil raised its full-year guidance, shares climb",positive,1.0,0.8928244799889913
2024-03-12,XOM,Exxon Mobil filed its routine quarterly disclosure,neutral,0.0,0.0025949567906713225
2024-03-13,XOM,"Exxon Mobil reported record quarterly profit, shares climb",positive,1.0,0.9604719608739999
2024-03-18,XOM,Exxon Mobil stock jumped on strong profit margins,positive,1.0,0.7732822237191903
2024-03-19,XOM,Exxon Mobil shares fell after faces a regulatory investigation,negative,-1.0,-0.8796299091399267
2024-03-20,XOM,Exxon Mobil shares rallied after received an analyst upgrade,positive,1.0,0.8453153044423085
2024-03-21,XOM,"Exxon Mobil held its annual shareholder meeting, no major stock reaction",neutral,0.0,-0.000566643540395765
2024-03-22,XOM,Exxon Mobil rallies as it raised its full-year guidance,positive,1.0,0.9136106699449016
2024-03-26,XOM,Exxon Mobil stock climbed on robust guidance,positive,1.0,0.8410608003417821
2024-03-27,XOM,Exxon Mobil rallies as it raised its full-year guidance,positive,1.0,0.9136106699449016
2024-03-27,XOM,Exxon Mobil shares fell after announced layoffs amid cost cuts,negative,-1.0,-0.9202001190980784
2024-03-28,XOM,Exxon Mobil cash flow in line with expectations,neutral,0.0,0.0025473310212523366
2024-04-03,XOM,"Exxon Mobil unveiled a new product line to strong demand, shares climb",positive,1.0,0.9354654161317566
2024-04-04,XOM,Exxon Mobil stock tumbled on soft sales,negative,-1.0,-0.75247988301796
2024-04-08,XOM,Analysts turn cautious on Exxon Mobil after weak cash flow,negative,-1.0,-0.8781296723226828
2024-04-10,XOM,Exxon Mobil revenue in line with expectations,neutral,0.0,0.0002902767955635585
2024-04-11,XOM,Exxon Mobil shares sank after announced layoffs amid cost cuts,negative,-1.0,-0.9077424713227403
2024-04-12,XOM,Analysts turn cautious on Exxon Mobil after weak sales,negative,-1.0,-0.9152336989584261
2024-04-12,XOM,Exxon Mobil rallies as it beat analyst earnings estimates,positive,1.0,0.8996417845890535
2024-04-16,XOM,Analysts turn cautious on Exxon Mobil after soft cash flow,negative,0.0,-0.8881473063857719
2024-04-22,XOM,Exxon Mobil stock advanced on robust cash flow,positive,1.0,0.7984199119914736
2024-04-24,XOM,Exxon Mobil stock soared on better-than-expected guidance,positive,1.0,0.8014996228572687
2024-04-25,XOM,Exxon Mobil revenue in line with expectations,neutral,0.0,0.0002902767955635585
2024-04-29,XOM,Exxon Mobil shares trade flat as it presented at an industry conference,neutral,0.0,-0.00021922370900268398
2024-04-29,XOM,Analysts turn cautious on Exxon Mobil after soft guidance,negative,0.0,-0.9080431519446229
2024-04-30,XOM,Exxon Mobil drops as it warned of a demand slowdown,negative,-1.0,-0.9322930919129792
2024-05-02,XOM,Exxon Mobil shares trade flat as it maintained its previous guidance,neutral,0.0,0.0003239864644844215
2024-05-06,XOM,Exxon Mobil sales in line with expectations,neutral,0.0,0.0032882548877959245
2024-05-14,XOM,"Exxon Mobil missed analyst earnings estimates, shares slide",negative,-1.0,-0.8888303458166825
2024-05-16,XOM,Exxon Mobil rallies as it received an analyst upgrade,positive,1.0,0.9071707408288407
2024-05-17,XOM,Exxon Mobil to hold investor call on guidance,neutral,0.0,0.0007942356304215491
2024-05-22,XOM,Exxon Mobil drops as it warned of a demand slowdown,negative,-1.0,-0.9322930919129792
2024-05-28,XOM,Exxon Mobil filed its routine quarterly disclosure,neutral,0.0,0.0025949567906713225
2024-05-30,XOM,Exxon Mobil shares surged after received an analyst upgrade,positive,1.0,0.8051949409137745
2024-06-03,XOM,Analysts turn cautious on Exxon Mobil after soft guidance,negative,0.0,-0.9080431519446229
2024-06-04,XOM,Exxon Mobil shares slumped after faces a regulatory investigation,negative,-1.0,-0.9031692156775558
2024-06-05,XOM,Exxon Mobil shares slumped after missed analyst earnings estimates,negative,-1.0,-0.8472857590010027
2024-06-06,XOM,Exxon Mobil drops as it faces a regulatory investigation,negative,-1.0,-0.9290464770071157
2024-06-07,XOM,Exxon Mobil shares jumped after received an analyst upgrade,positive,1.0,0.8454739245836626
2024-06-10,XOM,"Exxon Mobil faces a regulatory investigation, shares slide",negative,-1.0,-0.9462448317567261
2024-06-11,XOM,Exxon Mobil shares sank after missed analyst earnings estimates,negative,-1.0,-0.8337879311815936
2024-06-12,XOM,"Exxon Mobil announced a change to its board of directors, no major stock reaction",neutral,0.0,-0.00024181994248166291
2024-06-13,XOM,Analysts turn cautious on Exxon Mobil after soft quarterly earnings,negative,0.0,-0.8704190484653938
2024-06-13,XOM,"Exxon Mobil cut its full-year guidance, shares slide",negative,-1.0,-0.8665817807849029
2024-06-17,XOM,Exxon Mobil profit margins in line with expectations,neutral,1.0,0.002450804162660622
2024-06-21,XOM,Exxon Mobil drops as it announced layoffs amid cost cuts,negative,-1.0,-0.9342010993356469
2024-06-25,XOM,Exxon Mobil shares climbed after reported record quarterly profit,positive,1.0,0.9157005120689028
2024-06-26,XOM,Exxon Mobil shares tumbled after cut its full-year guidance,negative,-1.0,-0.7935353869122843
2024-06-27,XOM,Exxon Mobil shares soared after announced a share buyback program,positive,1.0,0.9130136178153052
2024-06-27,XOM,Exxon Mobil shares fell after faces a regulatory investigation,negative,-1.0,-0.8796299091399267
2024-06-28,XOM,Exxon Mobil drops as it warned of a demand slowdown,negative,-1.0,-0.9322930919129792
2024-07-02,XOM,"Exxon Mobil warned of a demand slowdown, shares slide",negative,-1.0,-0.9434607704027538
2024-07-09,XOM,"Exxon Mobil warned of a demand slowdown, shares slide",negative,-1.0,-0.9434607704027538
2024-07-11,XOM,Analysts turn cautious on Exxon Mobil after soft sales,negative,0.0,-0.8965775730573857
2024-07-12,XOM,Exxon Mobil filed its routine quarterly disclosure,neutral,0.0,0.0025949567906713225
2024-07-15,XOM,Exxon Mobil shares dropped after warned of a demand slowdown,negative,-1.0,-0.8945965279316709
2024-07-15,XOM,Exxon Mobil revenue in line with expectations,neutral,0.0,0.0002902767955635585
2024-07-18,XOM,Exxon Mobil shares advanced after raised its full-year guidance,positive,1.0,0.8122479359914753
2024-07-19,XOM,Exxon Mobil drops as it missed analyst earnings estimates,negative,-1.0,-0.8999247115878549
2024-07-24,XOM,"Exxon Mobil received an analyst downgrade, shares slide",negative,-1.0,-0.9102145265981366
2024-07-29,XOM,Exxon Mobil shares trade flat as it held its annual shareholder meeting,neutral,0.0,-0.0004853722560497209
2024-07-30,XOM,"Exxon Mobil warned of a demand slowdown, shares slide",negative,-1.0,-0.9434607704027538
2024-07-31,XOM,Exxon Mobil rallies as it received an analyst upgrade,positive,1.0,0.9071707408288407
2024-07-31,XOM,Exxon Mobil shares surged after beat analyst earnings estimates,positive,1.0,0.8417573108568388
2024-08-01,XOM,Exxon Mobil drops as it announced layoffs amid cost cuts,negative,-1.0,-0.9342010993356469
2024-08-02,XOM,Analysts turn bullish on Exxon Mobil after resilient revenue,positive,1.0,0.8870512895336659
2024-08-06,XOM,Exxon Mobil drops as it announced layoffs amid cost cuts,negative,-1.0,-0.9342010993356469
2024-08-07,XOM,Exxon Mobil revenue in line with expectations,neutral,0.0,0.0002902767955635585
2024-08-08,XOM,Exxon Mobil shares dropped after warned of a demand slowdown,negative,-1.0,-0.8945965279316709
2024-08-09,XOM,Exxon Mobil shares rallied after announced a share buyback program,positive,1.0,0.9145311377040309
2024-08-09,XOM,Exxon Mobil to hold investor call on guidance,neutral,0.0,0.0007942356304215491
2024-08-12,XOM,Exxon Mobil rallies as it raised its full-year guidance,positive,1.0,0.9136106699449016
2024-08-13,XOM,"Exxon Mobil announced a share buyback program, shares climb",positive,1.0,0.9391785863517451
2024-08-20,XOM,Exxon Mobil shares trade flat as it will report quarterly results next week,neutral,0.0,0.0011854908242069848
2024-08-22,XOM,Exxon Mobil cash flow in line with expectations,neutral,0.0,0.0025473310212523366
2024-08-28,XOM,Exxon Mobil rallies as it unveiled a new product line to strong demand,positive,1.0,0.9375787139468228
2024-08-28,XOM,Exxon Mobil rallies as it received an analyst upgrade,positive,1.0,0.9071707408288407
2024-08-29,XOM,"Exxon Mobil announced a change to its board of directors, no major stock reaction",neutral,0.0,-0.00024181994248166291
2024-08-30,XOM,"Exxon Mobil faces a regulatory investigation, shares slide",negative,-1.0,-0.9462448317567261
2024-09-04,XOM,Exxon Mobil rallies as it raised its full-year guidance,positive,1.0,0.9136106699449016
2024-09-10,XOM,"Exxon Mobil reported record quarterly profit, shares climb",positive,1.0,0.9604719608739999
2024-09-11,XOM,Analysts turn cautious on Exxon Mobil after disappointing revenue,negative,0.0,-0.9421694842850901
2024-09-13,XOM,Exxon Mobil rallies as it announced a share buyback program,positive,1.0,0.948003145110467
2024-09-16,XOM,Exxon Mobil shares soared after announced a share buyback program,positive,1.0,0.9130136178153052
2024-09-16,XOM,Analysts turn bullish on Exxon Mobil after record guidance,positive,1.0,0.9104384517489197
2024-09-18,XOM,Exxon Mobil shares surged after beat analyst earnings estimates,positive,1.0,0.8417573108568388
2024-09-19,XOM,Exxon Mobil to hold investor call on guidance,neutral,0.0,0.0007942356304215491
2024-09-19,XOM,Exxon Mobil shares soared after received an analyst upgrade,positive,1.0,0.8403587278248568
2024-09-20,XOM,Exxon Mobil rallies as it received an analyst upgrade,positive,1.0,0.9071707408288407
2024-09-24,XOM,Exxon Mobil shares surged after raised its full-year guidance,positive,1.0,0.8158231431634146
2024-09-27,XOM,"Exxon Mobil faces a regulatory investigation, shares slide",negative,-1.0,-0.9462448317567261
2024-09-30,XOM,Analysts turn cautious on Exxon Mobil after soft sales,negative,0.0,-0.8965775730573857
2024-09-30,XOM,Exxon Mobil rallies as it unveiled a new product line to strong demand,positive,1.0,0.9375787139468228
2024-10-07,XOM,Exxon Mobil profit margins in line with expectations,neutral,1.0,0.002450804162660622
2024-10-09,XOM,Exxon Mobil shares advanced after announced a share buyback program,positive,1.0,0.89107902862561
2024-10-16,XOM,Exxon Mobil rallies as it announced a share buyback program,positive,1.0,0.948003145110467
2024-10-22,XOM,Analysts turn bullish on Exxon Mobil after resilient sales,positive,1.0,0.8789955448217813
2024-10-24,XOM,Exxon Mobil stock rallied on record quarterly earnings,positive,1.0,0.8672744515823991
2024-10-25,XOM,Exxon Mobil shares rallied after beat analyst earnings estimates,positive,1.0,0.870148587244316
2024-10-29,XOM,Analysts turn bullish on Exxon Mobil after better-than-expected quarterly earnings,positive,1.0,0.8887015991718544
2024-10-31,XOM,"Exxon Mobil announced a share buyback program, shares climb",positive,1.0,0.9391785863517451
2024-10-31,XOM,Exxon Mobil rallies as it beat analyst earnings estimates,positive,1.0,0.8996417845890535
2024-11-04,XOM,Exxon Mobil drops as it cut its full-year guidance,negative,-1.0,-0.8820296331219831
2024-11-05,XOM,"Exxon Mobil beat analyst earnings estimates, shares climb",positive,1.0,0.8979319723392712
2024-11-06,XOM,"Exxon Mobil faces a regulatory investigation, shares slide",negative,-1.0,-0.9462448317567261
2024-11-06,XOM,"Exxon Mobil received an analyst upgrade, shares climb",positive,1.0,0.910202960486694
2024-11-07,XOM,Exxon Mobil shares advanced after beat analyst earnings estimates,positive,1.0,0.8309734115658208
2024-11-08,XOM,Exxon Mobil rallies as it raised its full-year guidance,positive,1.0,0.9136106699449016
2024-11-08,XOM,Exxon Mobil presented at an industry conference,neutral,0.0,-0.0003002357931982669
2024-11-11,XOM,Exxon Mobil to hold investor call on sales,neutral,0.0,0.0005213678707562674
2024-11-12,XOM,"Exxon Mobil unveiled a new product line to strong demand, shares climb",positive,1.0,0.9354654161317566
2024-11-13,XOM,Exxon Mobil announced a change to its board of directors,neutral,0.0,0.00020440607878866035
2024-11-13,XOM,Exxon Mobil stock dropped on soft sales,negative,-1.0,-0.7002168102314923
2024-11-15,XOM,Exxon Mobil rallies as it received an analyst upgrade,positive,1.0,0.9071707408288407
2024-11-18,XOM,Analysts turn bullish on Exxon Mobil after better-than-expected sales,positive,1.0,0.8919460295788448
2024-11-20,XOM,"Exxon Mobil cut its full-year guidance, shares slide",negative,-1.0,-0.8665817807849029
2024-11-22,XOM,Exxon Mobil shares trade flat as it presented at an industry conference,neutral,0.0,-0.00021922370900268398
2024-11-25,XOM,Exxon Mobil rallies as it beat analyst earnings estimates,positive,1.0,0.8996417845890535
2024-11-26,XOM,Exxon Mobil guidance in line with expectations,neutral,0.0,0.003477050498688624
2024-11-27,XOM,Exxon Mobil shares surged after received an analyst upgrade,positive,1.0,0.8051949409137745
2024-11-29,XOM,Exxon Mobil stock surged on robust revenue,positive,1.0,0.7939620016187088
2024-11-29,XOM,"Exxon Mobil warned of a demand slowdown, shares slide",negative,-1.0,-0.9434607704027538
2024-12-02,XOM,Analysts turn cautious on Exxon Mobil after weak revenue,negative,-1.0,-0.9304783404357158
2024-12-03,XOM,"Exxon Mobil received an analyst upgrade, shares climb",positive,1.0,0.910202960486694
2024-12-05,XOM,"Exxon Mobil reported record quarterly profit, shares climb",positive,1.0,0.9604719608739999
2024-12-05,XOM,"Exxon Mobil received an analyst downgrade, shares slide",negative,-1.0,-0.9102145265981366
2024-12-06,XOM,Analysts turn bullish on Exxon Mobil after robust guidance,positive,1.0,0.9390917077602428
2024-12-09,XOM,Exxon Mobil shares climbed after reported record quarterly profit,positive,1.0,0.9157005120689028
2024-12-09,XOM,Exxon Mobil rallies as it announced a share buyback program,positive,1.0,0.948003145110467
2024-12-12,XOM,Exxon Mobil filed its routine quarterly disclosure,neutral,0.0,0.0025949567906713225
2024-12-12,XOM,Exxon Mobil shares fell after cut its full-year guidance,negative,-1.0,-0.8171005883055297
2024-12-13,XOM,"Exxon Mobil announced a change to its board of directors, no major stock reaction",neutral,0.0,-0.00024181994248166291
2024-12-16,XOM,Exxon Mobil stock advanced on better-than-expected sales,positive,1.0,0.815136534964295
2024-12-17,XOM,Exxon Mobil stock tumbled on weak profit margins,negative,-0.3333333333333333,-0.7784343101801278
2024-12-17,XOM,Exxon Mobil held its annual shareholder meeting,neutral,0.0,-0.0009004484357383741
2024-12-18,XOM,"Exxon Mobil received an analyst upgrade, shares climb",positive,1.0,0.910202960486694
2024-12-20,XOM,Exxon Mobil shares dropped after announced layoffs amid cost cuts,negative,-1.0,-0.9135641174067457
2024-12-23,XOM,Exxon Mobil to hold investor call on profit margins,neutral,1.0,-5.655633243005845e-05
2024-12-26,XOM,Exxon Mobil drops as it cut its full-year guidance,negative,-1.0,-0.8820296331219831
2025-01-03,XOM,Exxon Mobil shares advanced after raised its full-year guidance,positive,1.0,0.8122479359914753
2025-01-06,XOM,Exxon Mobil stock jumped on better-than-expected cash flow,positive,1.0,0.7894990878927697
2025-01-07,XOM,Exxon Mobil shares dropped after warned of a demand slowdown,negative,-1.0,-0.8945965279316709
2025-01-07,XOM,Analysts turn bullish on Exxon Mobil after better-than-expected profit margins,positive,1.0,0.8758580389347503
2025-01-08,XOM,Exxon Mobil shares jumped after announced a share buyback program,positive,1.0,0.9094439917654921
2025-01-14,XOM,Analysts turn cautious on Exxon Mobil after weak quarterly earnings,negative,-1.0,-0.8797798586307682
2025-01-15,XOM,Exxon Mobil held its annual shareholder meeting,neutral,0.0,-0.0009004484357383741
2025-01-15,XOM,Exxon Mobil sales in line with expectations,neutral,0.0,0.0032882548877959245
2025-01-16,XOM,Exxon Mobil stock slumped on troubling cash flow,negative,-1.0,-0.821311532700066
2025-01-16,XOM,Exxon Mobil stock slumped on disappointing profit margins,negative,0.0,-0.8235140503119821
2025-01-17,XOM,Exxon Mobil stock sank on worse-than-expected sales,negative,-1.0,-0.8347715158535297
2025-01-21,XOM,Analysts turn bullish on Exxon Mobil after resilient sales,positive,1.0,0.8789955448217813
2025-01-21,XOM,Analysts turn bullish on Exxon Mobil after resilient guidance,positive,1.0,0.8719714686184997
2025-01-24,XOM,Exxon Mobil drops as it missed analyst earnings estimates,negative,-1.0,-0.8999247115878549
2025-01-29,XOM,"Exxon Mobil cut its full-year guidance, shares slide",negative,-1.0,-0.8665817807849029
2025-02-04,XOM,Exxon Mobil rallies as it announced a share buyback program,positive,1.0,0.948003145110467
2025-02-05,XOM,Analysts turn cautious on Exxon Mobil after troubling quarterly earnings,negative,0.0,-0.8797555468835806
2025-02-07,XOM,"Exxon Mobil beat analyst earnings estimates, shares climb",positive,1.0,0.8979319723392712
2025-02-07,XOM,Analysts turn cautious on Exxon Mobil after disappointing quarterly earnings,negative,0.0,-0.9168111937197034
2025-02-11,XOM,Exxon Mobil shares trade flat as it will report quarterly results next week,neutral,0.0,0.0011854908242069848
2025-02-13,XOM,Exxon Mobil drops as it announced layoffs amid cost cuts,negative,-1.0,-0.9342010993356469
2025-02-19,XOM,Exxon Mobil shares soared after unveiled a new product line to strong demand,positive,1.0,0.9181502507421971
2025-02-20,XOM,Analysts turn bullish on Exxon Mobil after robust cash flow,positive,1.0,0.9197765411444007
2025-02-25,XOM,Exxon Mobil stock surged on strong guidance,positive,1.0,0.8376371430832296
2025-02-26,XOM,Exxon Mobil shares jumped after received an analyst upgrade,positive,1.0,0.8454739245836626
2025-02-28,XOM,"Exxon Mobil reported record quarterly profit, shares climb",positive,1.0,0.9604719608739999
2025-03-03,XOM,Exxon Mobil shares slumped after faces a regulatory investigation,negative,-1.0,-0.9031692156775558
2025-03-04,XOM,"Exxon Mobil cut its full-year guidance, shares slide",negative,-1.0,-0.8665817807849029
2025-03-05,XOM,Exxon Mobil shares trade flat as it held its annual shareholder meeting,neutral,0.0,-0.0004853722560497209
2025-03-05,XOM,Exxon Mobil shares fell after warned of a demand slowdown,negative,-1.0,-0.8696455875041059
2025-03-06,XOM,"Exxon Mobil missed analyst earnings estimates, shares slide",negative,-1.0,-0.8888303458166825
2025-03-07,XOM,Exxon Mobil to hold investor call on guidance,neutral,0.0,0.0007942356304215491
2025-03-11,XOM,Exxon Mobil sales in line with expectations,neutral,0.0,0.0032882548877959245
2025-03-12,XOM,Exxon Mobil rallies as it raised its full-year guidance,positive,1.0,0.9136106699449016
2025-03-14,XOM,Exxon Mobil to hold investor call on cash flow,neutral,0.0,0.00018397099217974666
2025-03-18,XOM,Exxon Mobil rallies as it raised its full-year guidance,positive,1.0,0.9136106699449016
2025-03-19,XOM,"Exxon Mobil beat analyst earnings estimates, shares climb",positive,1.0,0.8979319723392712
2025-03-21,XOM,"Exxon Mobil warned of a demand slowdown, shares slide",negative,-1.0,-0.9434607704027538
2025-03-25,XOM,Analysts turn bullish on Exxon Mobil after record cash flow,positive,1.0,0.8961214755328507
2025-03-25,XOM,"Exxon Mobil faces a regulatory investigation, shares slide",negative,-1.0,-0.9462448317567261
2025-03-26,XOM,Exxon Mobil stock jumped on strong sales,positive,1.0,0.8344986271524895
2025-03-28,XOM,Exxon Mobil rallies as it received an analyst upgrade,positive,1.0,0.9071707408288407
2025-04-01,XOM,Analysts turn bullish on Exxon Mobil after robust cash flow,positive,1.0,0.9197765411444007
2025-04-03,XOM,Analysts turn bullish on Exxon Mobil after record cash flow,positive,1.0,0.8961214755328507
2025-04-08,XOM,"Exxon Mobil received an analyst downgrade, shares slide",negative,-1.0,-0.9102145265981366
2025-04-08,XOM,Exxon Mobil shares trade flat as it presented at an industry conference,neutral,0.0,-0.00021922370900268398
2025-04-09,XOM,Exxon Mobil stock fell on weak guidance,negative,-1.0,-0.8061717224247459
2025-04-10,XOM,Exxon Mobil shares advanced after raised its full-year guidance,positive,1.0,0.8122479359914753
2025-04-14,XOM,"Exxon Mobil received an analyst upgrade, shares climb",positive,1.0,0.910202960486694
2025-04-16,XOM,Analysts turn bullish on Exxon Mobil after record revenue,positive,1.0,0.887137412953681
2025-04-21,XOM,Analysts turn cautious on Exxon Mobil after worse-than-expected revenue,negative,0.0,-0.916942965477466
2025-04-24,XOM,Exxon Mobil shares trade flat as it held its annual shareholder meeting,neutral,0.0,-0.0004853722560497209
2025-04-25,XOM,Analysts turn cautious on Exxon Mobil after soft sales,negative,0.0,-0.8965775730573857
2025-04-28,XOM,"Exxon Mobil unveiled a new product line to strong demand, shares climb",positive,1.0,0.9354654161317566
2025-04-28,XOM,Exxon Mobil rallies as it reported record quarterly profit,positive,1.0,0.9572365259273464
2025-04-29,XOM,Exxon Mobil shares sank after received an analyst downgrade,negative,-1.0,-0.8343189964885223
2025-04-30,XOM,"Exxon Mobil received an analyst downgrade, shares slide",negative,-1.0,-0.9102145265981366
2025-05-01,XOM,Exxon Mobil shares trade flat as it announced a change to its board of directors,neutral,0.0,0.00023552049488586788
2025-05-02,XOM,"Exxon Mobil announced a share buyback program, shares climb",positive,1.0,0.9391785863517451
2025-05-06,XOM,"Exxon Mobil received an analyst upgrade, shares climb",positive,1.0,0.910202960486694
2025-05-08,XOM,Exxon Mobil shares soared after beat analyst earnings estimates,positive,1.0,0.8438543668887757
2025-05-12,XOM,Exxon Mobil rallies as it raised its full-year guidance,positive,1.0,0.9136106699449016
2025-05-12,XOM,Exxon Mobil maintained its previous guidance,neutral,0.0,0.0014766953148109621
2025-05-14,XOM,Exxon Mobil shares rallied after unveiled a new product line to strong demand,positive,1.0,0.9378744353688727
2025-05-14,XOM,Exxon Mobil drops as it announced layoffs amid cost cuts,negative,-1.0,-0.9342010993356469
2025-05-16,XOM,Exxon Mobil shares slumped after missed analyst earnings estimates,negative,-1.0,-0.8472857590010027
2025-05-20,XOM,Analysts turn cautious on Exxon Mobil after worse-than-expected quarterly earnings,negative,0.0,-0.9019150107365375
2025-05-20,XOM,Exxon Mobil stock soared on robust sales,positive,1.0,0.8160472522909605
2025-05-21,XOM,Exxon Mobil cash flow in line with expectations,neutral,0.0,0.0025473310212523366
2025-05-27,XOM,Exxon Mobil stock tumbled on worse-than-expected cash flow,negative,-1.0,-0.823627094367469
2025-05-28,XOM,"Exxon Mobil faces a regulatory investigation, shares slide",negative,-1.0,-0.9462448317567261
2025-05-28,XOM,"Exxon Mobil announced a change to its board of directors, no major stock reaction",neutral,0.0,-0.00024181994248166291
2025-06-09,XOM,"Exxon Mobil reported record quarterly profit, shares climb",positive,1.0,0.9604719608739999
2025-06-10,XOM,Exxon Mobil drops as it faces a regulatory investigation,negative,-1.0,-0.9290464770071157
2025-06-10,XOM,Exxon Mobil to hold investor call on profit margins,neutral,1.0,-5.655633243005845e-05
2025-06-11,XOM,Exxon Mobil shares trade flat as it held its annual shareholder meeting,neutral,0.0,-0.0004853722560497209
2025-06-11,XOM,Analysts turn bullish on Exxon Mobil after record revenue,positive,1.0,0.887137412953681
2025-06-17,XOM,"Exxon Mobil announced a share buyback program, shares climb",positive,1.0,0.9391785863517451
2025-06-17,XOM,"Exxon Mobil missed analyst earnings estimates, shares slide",negative,-1.0,-0.8888303458166825
2025-06-20,XOM,Exxon Mobil cash flow in line with expectations,neutral,0.0,0.0025473310212523366
2025-06-26,XOM,Analysts turn bullish on Exxon Mobil after record guidance,positive,1.0,0.9104384517489197
2025-06-27,XOM,Exxon Mobil stock tumbled on soft guidance,negative,-1.0,-0.7710403470297206
2025-07-02,XOM,"Exxon Mobil raised its full-year guidance, shares climb",positive,1.0,0.8928244799889913
2025-07-03,XOM,"Exxon Mobil maintained its previous guidance, no major stock reaction",neutral,0.0,0.00014818218691474427
2025-07-07,XOM,Analysts turn cautious on Exxon Mobil after troubling guidance,negative,0.0,-0.9052189389669186
2025-07-07,XOM,Exxon Mobil drops as it cut its full-year guidance,negative,-1.0,-0.8820296331219831
2025-07-09,XOM,"Exxon Mobil received an analyst upgrade, shares climb",positive,1.0,0.910202960486694
2025-07-09,XOM,"Exxon Mobil will report quarterly results next week, no major stock reaction",neutral,0.0,0.0009489040621030211
2025-07-15,XOM,Exxon Mobil stock slumped on disappointing sales,negative,-1.0,-0.8429873569443305
2025-07-18,XOM,Exxon Mobil shares plunged after missed analyst earnings estimates,negative,-1.0,-0.781334179470531
2025-07-18,XOM,Analysts turn bullish on Exxon Mobil after robust sales,positive,1.0,0.9348189134601652
2025-07-30,XOM,Exxon Mobil to hold investor call on revenue,neutral,0.0,-0.0017494321607140553
2025-07-31,XOM,Analysts turn bullish on Exxon Mobil after better-than-expected quarterly earnings,positive,1.0,0.8887015991718544
2025-08-05,XOM,Exxon Mobil rallies as it received an analyst upgrade,positive,1.0,0.9071707408288407
2025-08-07,XOM,Exxon Mobil shares slumped after cut its full-year guidance,negative,-1.0,-0.8382521069947987
2025-08-08,XOM,Exxon Mobil shares fell after faces a regulatory investigation,negative,-1.0,-0.8796299091399267
2025-08-08,XOM,Exxon Mobil shares jumped after beat analyst earnings estimates,positive,1.0,0.858483355681237
2025-08-14,XOM,Exxon Mobil drops as it missed analyst earnings estimates,negative,-1.0,-0.8999247115878549
2025-08-14,XOM,Exxon Mobil stock tumbled on troubling revenue,negative,-1.0,-0.8205661315557998
2025-08-18,XOM,Exxon Mobil shares surged after received an analyst upgrade,positive,1.0,0.8051949409137745
2025-08-18,XOM,Exxon Mobil to hold investor call on cash flow,neutral,0.0,0.00018397099217974666
2025-08-19,XOM,Exxon Mobil shares trade flat as it maintained its previous guidance,neutral,0.0,0.0003239864644844215
2025-08-20,XOM,Exxon Mobil drops as it missed analyst earnings estimates,negative,-1.0,-0.8999247115878549
2025-08-21,XOM,Exxon Mobil stock slumped on troubling profit margins,negative,0.0,-0.8001859695692523
2025-08-22,XOM,Exxon Mobil drops as it faces a regulatory investigation,negative,-1.0,-0.9290464770071157
2025-08-25,XOM,Analysts turn cautious on Exxon Mobil after worse-than-expected sales,negative,0.0,-0.9179050583199171
2025-08-25,XOM,Analysts turn bullish on Exxon Mobil after resilient revenue,positive,1.0,0.8870512895336659
2025-08-26,XOM,Exxon Mobil will report quarterly results next week,neutral,0.0,0.003548601535587531
2025-08-26,XOM,Exxon Mobil stock advanced on robust guidance,positive,1.0,0.8269038861058758
2025-08-28,XOM,"Exxon Mobil reported record quarterly profit, shares climb",positive,1.0,0.9604719608739999
2025-08-29,XOM,Exxon Mobil shares trade flat as it will report quarterly results next week,neutral,0.0,0.0011854908242069848
2025-08-29,XOM,"Exxon Mobil unveiled a new product line to strong demand, shares climb",positive,1.0,0.9354654161317566
2025-09-08,XOM,Exxon Mobil shares surged after announced a share buyback program,positive,1.0,0.8931242327656226
2025-09-08,XOM,"Exxon Mobil unveiled a new product line to strong demand, shares climb",positive,1.0,0.9354654161317566
2025-09-09,XOM,Exxon Mobil rallies as it unveiled a new product line to strong demand,positive,1.0,0.9375787139468228
2025-09-11,XOM,Exxon Mobil shares jumped after announced a share buyback program,positive,1.0,0.9094439917654921
2025-09-12,XOM,Exxon Mobil shares climbed after announced a share buyback program,positive,1.0,0.8942688618957717
2025-09-12,XOM,Analysts turn cautious on Exxon Mobil after disappointing profit margins,negative,1.0,-0.9152811017382491
2025-09-16,XOM,"Exxon Mobil missed analyst earnings estimates, shares slide",negative,-1.0,-0.8888303458166825
2025-09-17,XOM,Exxon Mobil drops as it faces a regulatory investigation,negative,-1.0,-0.9290464770071157
2025-09-18,XOM,"Exxon Mobil beat analyst earnings estimates, shares climb",positive,1.0,0.8979319723392712
2025-09-23,XOM,"Exxon Mobil announced layoffs amid cost cuts, shares slide",negative,-1.0,-0.937858098583879
2025-09-24,XOM,Exxon Mobil stock tumbled on troubling profit margins,negative,0.0,-0.774300084310802
2025-09-26,XOM,Analysts turn cautious on Exxon Mobil after worse-than-expected cash flow,negative,0.0,-0.9083404972776945
2025-09-29,XOM,Exxon Mobil stock soared on record quarterly earnings,positive,1.0,0.8244145703819685
2025-09-30,XOM,Analysts turn bullish on Exxon Mobil after record profit margins,positive,1.0,0.8787816905537505
2025-10-01,XOM,Exxon Mobil rallies as it received an analyst upgrade,positive,1.0,0.9071707408288407
2025-10-02,XOM,Exxon Mobil shares tumbled after warned of a demand slowdown,negative,-1.0,-0.8558583774183712
2025-10-03,XOM,Exxon Mobil stock soared on robust profit margins,positive,1.0,0.7660134737817108
2025-10-06,XOM,Analysts turn cautious on Exxon Mobil after soft quarterly earnings,negative,0.0,-0.8704190484653938
2025-10-06,XOM,Exxon Mobil shares sank after received an analyst downgrade,negative,-1.0,-0.8343189964885223
2025-10-07,XOM,Analysts turn bullish on Exxon Mobil after record profit margins,positive,1.0,0.8787816905537505
2025-10-09,XOM,"Exxon Mobil held its annual shareholder meeting, no major stock reaction",neutral,0.0,-0.000566643540395765
2025-10-14,XOM,Exxon Mobil rallies as it received an analyst upgrade,positive,1.0,0.9071707408288407
2025-10-15,XOM,Exxon Mobil guidance in line with expectations,neutral,0.0,0.003477050498688624
2025-10-21,XOM,Exxon Mobil drops as it faces a regulatory investigation,negative,-1.0,-0.9290464770071157
2025-10-22,XOM,Exxon Mobil shares advanced after reported record quarterly profit,positive,1.0,0.917500908889927
2025-10-23,XOM,"Exxon Mobil raised its full-year guidance, shares climb",positive,1.0,0.8928244799889913
2025-10-24,XOM,Exxon Mobil stock slumped on disappointing sales,negative,-1.0,-0.8429873569443305
2025-10-28,XOM,"Exxon Mobil presented at an industry conference, no major stock reaction",neutral,0.0,-0.00040824288874628106
2025-10-28,XOM,Analysts turn cautious on Exxon Mobil after soft profit margins,negative,1.0,-0.8679663534854428
2025-11-06,XOM,Exxon Mobil shares rallied after announced a share buyback program,positive,1.0,0.9145311377040309
2025-11-06,XOM,Exxon Mobil rallies as it reported record quarterly profit,positive,1.0,0.9572365259273464
2025-11-07,XOM,Exxon Mobil stock dropped on weak guidance,negative,-1.0,-0.7512085939197929
2025-11-10,XOM,Exxon Mobil held its annual shareholder meeting,neutral,0.0,-0.0009004484357383741
2025-11-12,XOM,Exxon Mobil drops as it announced layoffs amid cost cuts,negative,-1.0,-0.9342010993356469
2025-11-14,XOM,Exxon Mobil drops as it faces a regulatory investigation,negative,-1.0,-0.9290464770071157
2025-11-20,XOM,Exxon Mobil stock rallied on robust sales,positive,1.0,0.844805510229802
2025-11-26,XOM,Analysts turn bullish on Exxon Mobil after resilient profit margins,positive,1.0,0.8566341666830164
2025-12-01,XOM,Exxon Mobil shares sank after warned of a demand slowdown,negative,-1.0,-0.87736079899495
2025-12-03,XOM,Analysts turn cautious on Exxon Mobil after disappointing guidance,negative,0.0,-0.9268368424041395
2025-12-05,XOM,Exxon Mobil shares trade flat as it will report quarterly results next week,neutral,0.0,0.0011854908242069848
2025-12-08,XOM,Exxon Mobil stock soared on better-than-expected revenue,positive,1.0,0.7734269669524476
2025-12-09,XOM,Analysts turn cautious on Exxon Mobil after worse-than-expected profit margins,negative,1.0,-0.9013379201168181
2025-12-11,XOM,Exxon Mobil stock rallied on better-than-expected guidance,positive,1.0,0.8419646473401681
2025-12-12,XOM,Exxon Mobil drops as it warned of a demand slowdown,negative,-1.0,-0.9322930919129792
2025-12-15,XOM,Exxon Mobil quarterly earnings in line with expectations,neutral,0.0,0.006036957556121856
2025-12-19,XOM,Analysts turn cautious on Exxon Mobil after weak profit margins,negative,0.0,-0.9058117383198336
2025-12-19,XOM,"Exxon Mobil missed analyst earnings estimates, shares slide",negative,-1.0,-0.8888303458166825
2025-12-22,XOM,"Exxon Mobil received an analyst downgrade, shares slide",negative,-1.0,-0.9102145265981366
2025-12-23,XOM,"Exxon Mobil will report quarterly results next week, no major stock reaction",neutral,0.0,0.0009489040621030211
2025-12-24,XOM,Exxon Mobil rallies as it raised its full-year guidance,positive,1.0,0.9136106699449016
2025-12-24,XOM,Exxon Mobil stock soared on resilient guidance,positive,1.0,0.7708980346020053
2026-01-02,XOM,Exxon Mobil stock soared on strong sales,positive,1.0,0.8592504470072085
2026-01-06,XOM,Exxon Mobil shares rallied after beat analyst earnings estimates,positive,1.0,0.870148587244316
2026-01-08,XOM,Exxon Mobil shares tumbled after cut its full-year guidance,negative,-1.0,-0.7935353869122843
2026-01-09,XOM,Exxon Mobil drops as it faces a regulatory investigation,negative,-1.0,-0.9290464770071157
2026-01-14,XOM,"Exxon Mobil warned of a demand slowdown, shares slide",negative,-1.0,-0.9434607704027538
2026-01-15,XOM,Exxon Mobil stock soared on resilient cash flow,positive,1.0,0.761805949918624
2026-01-16,XOM,Analysts turn bullish on Exxon Mobil after resilient sales,positive,1.0,0.8789955448217813
2026-01-21,XOM,"Exxon Mobil beat analyst earnings estimates, shares climb",positive,1.0,0.8979319723392712
2026-01-28,XOM,"Exxon Mobil received an analyst downgrade, shares slide",negative,-1.0,-0.9102145265981366
2026-01-29,XOM,"Exxon Mobil missed analyst earnings estimates, shares slide",negative,-1.0,-0.8888303458166825
2026-02-02,XOM,"Exxon Mobil held its annual shareholder meeting, no major stock reaction",neutral,0.0,-0.000566643540395765
2026-02-02,XOM,Exxon Mobil shares plunged after missed analyst earnings estimates,negative,-1.0,-0.781334179470531
2026-02-04,XOM,Exxon Mobil to hold investor call on revenue,neutral,0.0,-0.0017494321607140553
2026-02-04,XOM,Exxon Mobil stock slumped on weak revenue,negative,-1.0,-0.8531349213852304
2026-02-05,XOM,Exxon Mobil shares soared after reported record quarterly profit,positive,1.0,0.9434497116248433
2026-02-06,XOM,Exxon Mobil rallies as it received an analyst upgrade,positive,1.0,0.9071707408288407
2026-02-13,XOM,Exxon Mobil shares trade flat as it maintained its previous guidance,neutral,0.0,0.0003239864644844215
2026-02-13,XOM,Exxon Mobil shares sank after faces a regulatory investigation,negative,-1.0,-0.8929561122764003
2026-02-17,XOM,Exxon Mobil to hold investor call on cash flow,neutral,0.0,0.00018397099217974666
2026-02-18,XOM,Exxon Mobil drops as it faces a regulatory investigation,negative,-1.0,-0.9290464770071157
2026-02-19,XOM,Exxon Mobil stock sank on troubling guidance,negative,-1.0,-0.7955580704862861
2026-02-23,XOM,Exxon Mobil stock climbed on strong cash flow,positive,1.0,0.8043195318621233
2026-02-25,XOM,"Exxon Mobil announced a share buyback program, shares climb",positive,1.0,0.9391785863517451
2026-02-26,XOM,Analysts turn bullish on Exxon Mobil after record revenue,positive,1.0,0.887137412953681
2026-02-27,XOM,"Exxon Mobil missed analyst earnings estimates, shares slide",negative,-1.0,-0.8888303458166825
2026-03-04,XOM,"Exxon Mobil filed its routine quarterly disclosure, no major stock reaction",neutral,0.0,0.000745528194170144
2026-03-05,XOM,"Exxon Mobil announced a share buyback program, shares climb",positive,1.0,0.9391785863517451
2026-03-06,XOM,Exxon Mobil stock rallied on resilient revenue,positive,1.0,0.7939851065115581
2026-03-10,XOM,Exxon Mobil stock slumped on weak quarterly earnings,negative,-1.0,-0.765977425667715
2026-03-12,XOM,Exxon Mobil presented at an industry conference,neutral,0.0,-0.0003002357931982669
2026-03-13,XOM,Exxon Mobil stock sank on disappointing cash flow,negative,-1.0,-0.760053910524486
2026-03-13,XOM,Analysts turn bullish on Exxon Mobil after better-than-expected revenue,positive,1.0,0.8959746512050949
2026-03-24,XOM,Exxon Mobil drops as it warned of a demand slowdown,negative,-1.0,-0.9322930919129792
2026-03-25,XOM,"Exxon Mobil will report quarterly results next week, no major stock reaction",neutral,0.0,0.0009489040621030211
2026-03-26,XOM,Exxon Mobil shares advanced after unveiled a new product line to strong demand,positive,1.0,0.9096188757536765
2026-03-27,XOM,Analysts turn bullish on Exxon Mobil after record revenue,positive,1.0,0.887137412953681
2026-04-01,XOM,Exxon Mobil rallies as it beat analyst earnings estimates,positive,1.0,0.8996417845890535
2026-04-07,XOM,Exxon Mobil sales in line with expectations,neutral,0.0,0.0032882548877959245
2026-04-08,XOM,Exxon Mobil shares fell after announced layoffs amid cost cuts,negative,-1.0,-0.9202001190980784
2026-04-08,XOM,Exxon Mobil stock fell on troubling profit margins,negative,0.0,-0.7687925959346069
2026-04-10,XOM,Exxon Mobil drops as it cut its full-year guidance,negative,-1.0,-0.8820296331219831
2026-04-13,XOM,Analysts turn cautious on Exxon Mobil after worse-than-expected cash flow,negative,0.0,-0.9083404972776945
2026-04-15,XOM,Exxon Mobil stock soared on strong profit margins,positive,1.0,0.8016967549484104
2026-04-21,XOM,Exxon Mobil rallies as it received an analyst upgrade,positive,1.0,0.9071707408288407
2026-04-22,XOM,Exxon Mobil drops as it received an analyst downgrade,negative,-1.0,-0.9165117790888888
2026-04-23,XOM,Exxon Mobil to hold investor call on cash flow,neutral,0.0,0.00018397099217974666
2026-04-24,XOM,Exxon Mobil shares slumped after announced layoffs amid cost cuts,negative,-1.0,-0.9071801109480662
2026-04-28,XOM,Exxon Mobil rallies as it beat analyst earnings estimates,positive,1.0,0.8996417845890535
2026-04-29,XOM,Exxon Mobil will report quarterly results next week,neutral,0.0,0.003548601535587531
2026-04-30,XOM,Analysts turn cautious on Exxon Mobil after troubling profit margins,negative,1.0,-0.8911524970432383
2026-05-04,XOM,Exxon Mobil shares soared after reported record quarterly profit,positive,1.0,0.9434497116248433
2026-05-05,XOM,"Exxon Mobil announced a change to its board of directors, no major stock reaction",neutral,0.0,-0.00024181994248166291
2026-05-05,XOM,Exxon Mobil stock advanced on better-than-expected sales,positive,1.0,0.815136534964295
2026-05-07,XOM,Analysts turn bullish on Exxon Mobil after better-than-expected guidance,positive,1.0,0.9106227102096035
2026-05-12,XOM,Exxon Mobil shares surged after received an analyst upgrade,positive,1.0,0.8051949409137745
2026-05-12,XOM,Analysts turn cautious on Exxon Mobil after worse-than-expected profit margins,negative,1.0,-0.9013379201168181
2026-05-15,XOM,Exxon Mobil stock plunged on disappointing quarterly earnings,negative,-1.0,-0.7416077479399384
2026-05-18,XOM,Analysts turn bullish on Exxon Mobil after record guidance,positive,1.0,0.9104384517489197
2026-05-19,XOM,Exxon Mobil guidance in line with expectations,neutral,0.0,0.003477050498688624
2026-05-20,XOM,Analysts turn cautious on Exxon Mobil after worse-than-expected cash flow,negative,0.0,-0.9083404972776945
2026-05-22,XOM,Exxon Mobil rallies as it reported record quarterly profit,positive,1.0,0.9572365259273464
2026-05-26,XOM,Exxon Mobil stock tumbled on soft guidance,negative,-1.0,-0.7710403470297206
2026-05-26,XOM,Exxon Mobil rallies as it reported record quarterly profit,positive,1.0,0.9572365259273464
2026-05-27,XOM,Exxon Mobil presented at an industry conference,neutral,0.0,-0.0003002357931982669
2026-05-28,XOM,"Exxon Mobil beat analyst earnings estimates, shares climb",positive,1.0,0.8979319723392712
2026-05-28,XOM,Analysts turn bullish on Exxon Mobil after resilient revenue,positive,1.0,0.8870512895336659
2026-05-29,XOM,Exxon Mobil stock advanced on strong guidance,positive,1.0,0.8406302411718285
2026-06-01,XOM,Analysts turn cautious on Exxon Mobil after soft quarterly earnings,negative,0.0,-0.8704190484653938
2026-06-03,XOM,Analysts turn cautious on Exxon Mobil after weak revenue,negative,-1.0,-0.9304783404357158
2026-06-05,XOM,Analysts turn bullish on Exxon Mobil after resilient quarterly earnings,positive,1.0,0.868528290747299
2026-06-08,XOM,"Exxon Mobil maintained its previous guidance, no major stock reaction",neutral,0.0,0.00014818218691474427
2026-06-09,XOM,Analysts turn bullish on Exxon Mobil after strong cash flow,positive,1.0,0.9118387128621466
2026-06-12,XOM,"Exxon Mobil raised its full-year guidance, shares climb",positive,1.0,0.8928244799889913
2026-06-15,XOM,Analysts turn cautious on Exxon Mobil after disappointing quarterly earnings,negative,0.0,-0.9168111937197034
2026-06-17,XOM,"Exxon Mobil will report quarterly results next week, no major stock reaction",neutral,0.0,0.0009489040621030211
2026-06-18,XOM,Exxon Mobil stock tumbled on troubling quarterly earnings,negative,-1.0,-0.7491661065434505
2026-07-02,XOM,Analysts turn cautious on Exxon Mobil after troubling revenue,negative,0.0,-0.9200759117432882
